-- MySQL dump 10.13  Distrib 8.0.12, for Win64 (x86_64)
--
-- Host: localhost    Database: artworks
-- ------------------------------------------------------
-- Server version	8.0.12

/*!40101 SET @OLD_CHARACTER_SET_CLIENT=@@CHARACTER_SET_CLIENT */;
/*!40101 SET @OLD_CHARACTER_SET_RESULTS=@@CHARACTER_SET_RESULTS */;
/*!40101 SET @OLD_COLLATION_CONNECTION=@@COLLATION_CONNECTION */;
 SET NAMES utf8mb4 ;
/*!40103 SET @OLD_TIME_ZONE=@@TIME_ZONE */;
/*!40103 SET TIME_ZONE='+00:00' */;
/*!40014 SET @OLD_UNIQUE_CHECKS=@@UNIQUE_CHECKS, UNIQUE_CHECKS=0 */;
/*!40014 SET @OLD_FOREIGN_KEY_CHECKS=@@FOREIGN_KEY_CHECKS, FOREIGN_KEY_CHECKS=0 */;
/*!40101 SET @OLD_SQL_MODE=@@SQL_MODE, SQL_MODE='NO_AUTO_VALUE_ON_ZERO' */;
/*!40111 SET @OLD_SQL_NOTES=@@SQL_NOTES, SQL_NOTES=0 */;

--
-- Table structure for table `account_emailaddress`
--

DROP TABLE IF EXISTS `account_emailaddress`;
/*!40101 SET @saved_cs_client     = @@character_set_client */;
 SET character_set_client = utf8mb4 ;
CREATE TABLE `account_emailaddress` (
  `id` int(11) NOT NULL AUTO_INCREMENT,
  `email` varchar(254) NOT NULL,
  `verified` tinyint(1) NOT NULL,
  `primary` tinyint(1) NOT NULL,
  `user_id` int(11) NOT NULL,
  PRIMARY KEY (`id`),
  UNIQUE KEY `email` (`email`),
  KEY `account_emailaddress_user_id_2c513194_fk_auth_user_id` (`user_id`),
  CONSTRAINT `account_emailaddress_user_id_2c513194_fk_auth_user_id` FOREIGN KEY (`user_id`) REFERENCES `auth_user` (`id`)
) ENGINE=InnoDB DEFAULT CHARSET=utf8mb4 COLLATE=utf8mb4_0900_ai_ci;
/*!40101 SET character_set_client = @saved_cs_client */;

--
-- Dumping data for table `account_emailaddress`
--

LOCK TABLES `account_emailaddress` WRITE;
/*!40000 ALTER TABLE `account_emailaddress` DISABLE KEYS */;
/*!40000 ALTER TABLE `account_emailaddress` ENABLE KEYS */;
UNLOCK TABLES;

--
-- Table structure for table `account_emailconfirmation`
--

DROP TABLE IF EXISTS `account_emailconfirmation`;
/*!40101 SET @saved_cs_client     = @@character_set_client */;
 SET character_set_client = utf8mb4 ;
CREATE TABLE `account_emailconfirmation` (
  `id` int(11) NOT NULL AUTO_INCREMENT,
  `created` datetime(6) NOT NULL,
  `sent` datetime(6) DEFAULT NULL,
  `key` varchar(64) NOT NULL,
  `email_address_id` int(11) NOT NULL,
  PRIMARY KEY (`id`),
  UNIQUE KEY `key` (`key`),
  KEY `account_emailconfirm_email_address_id_5b7f8c58_fk_account_e` (`email_address_id`),
  CONSTRAINT `account_emailconfirm_email_address_id_5b7f8c58_fk_account_e` FOREIGN KEY (`email_address_id`) REFERENCES `account_emailaddress` (`id`)
) ENGINE=InnoDB DEFAULT CHARSET=utf8mb4 COLLATE=utf8mb4_0900_ai_ci;
/*!40101 SET character_set_client = @saved_cs_client */;

--
-- Dumping data for table `account_emailconfirmation`
--

LOCK TABLES `account_emailconfirmation` WRITE;
/*!40000 ALTER TABLE `account_emailconfirmation` DISABLE KEYS */;
/*!40000 ALTER TABLE `account_emailconfirmation` ENABLE KEYS */;
UNLOCK TABLES;

--
-- Table structure for table `artist`
--

DROP TABLE IF EXISTS `artist`;
/*!40101 SET @saved_cs_client     = @@character_set_client */;
 SET character_set_client = utf8mb4 ;
CREATE TABLE `artist` (
  `artist_id` int(11) NOT NULL AUTO_INCREMENT,
  `artist_last_name` varchar(300) DEFAULT NULL,
  `artist_first_name` varchar(100) DEFAULT NULL,
  PRIMARY KEY (`artist_id`),
  UNIQUE KEY `artist_id` (`artist_id`)
) ENGINE=InnoDB AUTO_INCREMENT=64 DEFAULT CHARSET=utf8mb4 COLLATE=utf8mb4_0900_ai_ci;
/*!40101 SET character_set_client = @saved_cs_client */;

--
-- Dumping data for table `artist`
--

LOCK TABLES `artist` WRITE;
/*!40000 ALTER TABLE `artist` DISABLE KEYS */;
INSERT INTO `artist` VALUES (1,'Ardizzone',' Edward'),(2,'Auerbach',' Frank'),(3,'Beerbohm',' Sir Max'),(4,'Blake',' Robert'),(5,'Blake',' William'),(6,'British School 18th century',NULL),(7,'Burne-Jones',' Sir Edward Coley'),(8,'Butler',' Reg'),(9,'Callow',' William'),(10,'Calvert',' Edward'),(11,'Clarke Hall',' Lady Edna'),(12,'Cox',' David'),(13,'Gainsborough',' Thomas'),(14,'Grant',' Duncan'),(15,'Greco',' Emilio'),(16,'Haydon',' Benjamin Robert'),(17,'Hills',' Robert'),(18,'Houghton',' Arthur Boyd'),(19,'Hughes',' Arthur'),(20,'Hunt',' William Henry'),(21,'Jacovleff',' Alexandre'),(22,'Jones',' George'),(23,'Landseer',' Sir Edwin Henry'),(24,'Legros',' Alphonse'),(25,'Leighton',' Lord Frederic'),(26,'Leslie',' Charles Robert'),(27,'Linnell',' John'),(28,'Millais',' Sir John Everett'),(29,'Morris',' William'),(30,'Müller',' William James'),(31,'Potter',' Helen Beatrix'),(32,'Poynter',' Sir Edward'),(33,'Reynolds',' Sir Joshua'),(34,'Richmond',' George'),(35,'Rooke',' Thomas Matthews'),(36,'Rossetti',' Dante Gabriel'),(37,'Sandys',' Frederick'),(38,'Sargent',' John Singer'),(39,'Smirke',' Robert'),(40,'Smith',' Sidney Robert James'),(41,'Stevens',' Alfred'),(42,'Stothard',' Thomas'),(43,'Townroe',' Reuben'),(44,'Turner',' Joseph Mallord William'),(45,'Webb',' Philip'),(46,'Wilkie',' Sir David'),(47,'Witherington',' William Frederick');
/*!40000 ALTER TABLE `artist` ENABLE KEYS */;
UNLOCK TABLES;

--
-- Table structure for table `artwork`
--

DROP TABLE IF EXISTS `artwork`;
/*!40101 SET @saved_cs_client     = @@character_set_client */;
 SET character_set_client = utf8mb4 ;
CREATE TABLE `artwork` (
  `artwork_id` int(11) NOT NULL AUTO_INCREMENT,
  `accession_number` varchar(250) DEFAULT NULL,
  `artwork_title` varchar(500) DEFAULT NULL,
  `artwork_date` varchar(200) DEFAULT NULL,
  `artist_id` int(11) DEFAULT NULL,
  `era_id` int(11) DEFAULT NULL,
  `movement_id` int(11) DEFAULT NULL,
  `medium_id` int(11) DEFAULT NULL,
  PRIMARY KEY (`artwork_id`),
  UNIQUE KEY `artwork_id` (`artwork_id`),
  KEY `artist_id` (`artist_id`),
  KEY `era_id` (`era_id`),
  KEY `movement_id` (`movement_id`),
  KEY `medium_id` (`medium_id`),
  CONSTRAINT `artwork_ibfk_1` FOREIGN KEY (`artist_id`) REFERENCES `artist` (`artist_id`) ON UPDATE CASCADE,
  CONSTRAINT `artwork_ibfk_2` FOREIGN KEY (`era_id`) REFERENCES `era` (`era_id`) ON UPDATE CASCADE,
  CONSTRAINT `artwork_ibfk_3` FOREIGN KEY (`movement_id`) REFERENCES `movement` (`movement_id`) ON UPDATE CASCADE,
  CONSTRAINT `artwork_ibfk_4` FOREIGN KEY (`medium_id`) REFERENCES `medium` (`medium_id`) ON UPDATE CASCADE
) ENGINE=InnoDB AUTO_INCREMENT=4100 DEFAULT CHARSET=latin1;
/*!40101 SET character_set_client = @saved_cs_client */;

--
-- Dumping data for table `artwork`
--

LOCK TABLES `artwork` WRITE;
/*!40000 ALTER TABLE `artwork` DISABLE KEYS */;
INSERT INTO `artwork` VALUES (1,'A00675','title not known','date not known',22,NULL,NULL,85),(2,'A01400','title not known','date not known',22,NULL,NULL,85),(3,'A01646','title not known','date not known',22,NULL,NULL,85),(4,'A00111','Frontispiece: Thenot and Colinet','c.1821, printed 1830',5,NULL,NULL,88),(5,'A00119','Colinet’s ‘Fond Desire Strange Lands to Know’','c. 1821, printed 1830',5,NULL,NULL,88),(6,'A00127','‘And Unyok’d Heifers, Loitering Homeward, Low’','c. 1821, printed 1830',5,NULL,NULL,88),(7,'A00730','The Spies Escape','published 1881',25,NULL,NULL,88),(8,'A00738','Samson Carrying the Gate','published 1881',25,NULL,NULL,88),(9,'A00749','title not known','published 1843',27,NULL,NULL,88),(10,'A00757','title not known','published 1843',27,NULL,NULL,88),(11,'A00765','title not known','published 1843',27,NULL,NULL,88),(12,'A00773','title not known','published 1843',27,NULL,NULL,88),(13,'A00781','title not known','published 1843',27,NULL,NULL,88),(14,'A00789','title not known','published 1843',27,NULL,NULL,88),(15,'A00797','The Rich Man and Lazarus','published 1864',28,2,4,88),(16,'A00805','The Tares','published 1864',28,2,4,88),(17,'A00826','Moses Keeping Jethro’s Sheep','1863',32,NULL,NULL,88),(18,'A00834','Joseph Distributes Corn','1864',32,NULL,NULL,88),(19,'A00582','title not known','date not known',22,NULL,NULL,85),(20,'A00706','title not known','date not known',24,NULL,NULL,2),(21,'A00714','title not known','date not known',24,NULL,NULL,2),(22,'A00722','title not known','date not known',24,NULL,NULL,2),(23,'A00068','Kneeling Woman','date not known',7,2,4,3),(24,'A01088','Crouching Model from the Front','c.1933–8',21,NULL,NULL,3),(25,'A01180','The Lost Receipt','date not known',46,NULL,NULL,8),(26,'A00933','Pembury Mill, Kent','1808',44,NULL,NULL,10),(27,'A00950','The Leader Sea-piece','1809',44,NULL,NULL,10),(28,'A00970','Near Blair Athol, Scotland','1811',44,NULL,NULL,10),(29,'A00986','Scene in the Campagna','1812',44,NULL,NULL,10),(30,'A01012','Rivaux Abbey, Yorkshire','1812',44,NULL,NULL,10),(31,'A01127','The Tenth Plague of Egypt','1816',44,NULL,NULL,10),(32,'A00931','Holy Island Cathedral','1808',44,NULL,NULL,11),(33,'A00947','Little Devil’s Bridge','1809',44,NULL,NULL,11),(34,'A00966','Junction of Severn and Wye','1811',44,NULL,NULL,11),(35,'A00984','Water-Mill','1812',44,NULL,NULL,11),(36,'A01010','Mer de Glace','1812',44,1,7,11),(37,'A01125','The Source of the Arveron','1816',44,NULL,NULL,11),(38,'A01140','East Gate, Winchelsea, Sussex','1819',44,NULL,NULL,12),(39,'A00918','Scene on the French Coast, engraved by Charles Turner','1807',44,NULL,NULL,13),(40,'A00942','The Fifth Plague of Egypt, engraved by Charles Turner','1808',44,NULL,NULL,13),(41,'A00959','Coast of Yorkshire, engraved by William Say','1811',44,NULL,NULL,13),(42,'A00979','Martello Towers near Bexhill, Sussex, engraved by William Say','1811',44,NULL,NULL,13),(43,'A01005','Hedging and Ditching, engraved by J.C. Easling','1812',44,NULL,NULL,13),(44,'A01120','Norham Castle on the Tweed, engraved by Charles Turner','1816',44,NULL,NULL,13),(45,'A01141','East Gate, Winchelsea, Sussex, engraved by S.W. Reynolds','1819',44,NULL,NULL,13),(46,'A00917','Scene on the French Coast','1807',44,NULL,NULL,14),(47,'A01138','Aesacus and Hesperie','1819',44,NULL,NULL,14),(48,'A01184','Reading the Will','1819',46,NULL,NULL,15),(49,'A00997','Bridge and Goats, engraved by F.C. Lewis','1812',44,NULL,NULL,16),(50,'A00090','Study of a Seated Male Nude for ‘The Liberation of St Peter’ in the Church of St Michael and All Angels, Lyndhurst, Hampshire','c.1863',7,2,4,21),(51,'A00662','title not known','date not known',22,NULL,NULL,22),(52,'A00602','title not known','date not known',22,NULL,NULL,23),(53,'A01595','title not known','date not known',22,NULL,NULL,23),(54,'A01043','Ford Madox Brown being Patronized by Holman Hunt','1916',3,NULL,NULL,25),(55,'A01051','Rossetti in his Worldlier Days Leaving the Arundel Club with George Augustus Sala','1916',3,NULL,NULL,25),(56,'A01059','Mr - and Miss - Nervously Perpetuating the Touch of a Vanished Hand','1917',3,NULL,NULL,25),(57,'A01174','Design for a Window: Two Male Saints','date not known',7,2,4,25),(58,'A01455','title not known','date not known',22,NULL,NULL,25),(59,'A01021','Archers','date not known',46,NULL,NULL,25),(60,'A00042','Two Figures in a Decorative Border','c.1790',5,NULL,NULL,26),(61,'A00066','Three Studies for ‘The Beguiling of Merlin’','c.1872–7',7,2,4,26),(62,'A00080','Roundel with the Head of a Warrior','c.1870–5',7,2,4,26),(63,'A00092','Study for ‘Blind Love’','date not known',7,2,4,26),(64,'A00101','Head of a Girl','date not known',7,2,4,26),(65,'A00128','Studies for a Nativity','date not known',7,2,4,26),(66,'A01167','King René‘s Honeymoon','date not known',7,2,4,26),(67,'A00135','Frauenkirche, Prague','1874',9,NULL,NULL,26),(68,'A00143','Unidentified Market Place, ? Lubeck or Leipzig','1852',9,NULL,NULL,26),(69,'A00151','Namur','1844',9,NULL,NULL,26),(70,'A00197','title not known','date not known',18,NULL,NULL,26),(71,'A00207','title not known','date not known',18,NULL,NULL,26),(72,'A00523','title not known','date not known',22,NULL,NULL,26),(73,'A00609','title not known','date not known',22,NULL,NULL,26),(74,'A01413','title not known','date not known',22,NULL,NULL,26),(75,'A01555','title not known','date not known',22,NULL,NULL,26),(76,'A00814','Study for ‘The Black Brunswicker’','c.1860',28,2,4,26),(77,'A00848','Study for Illustration','date not known',37,2,4,26),(78,'A00003','The Preaching of Warning. Verso: An Old Man Enthroned Between Two Groups of Figures, by ?William Blake','?c.1785',4,NULL,NULL,29),(79,'A00083','Composition Study for ‘The Merciful Knight’. Verso: Study for a Nativity','c.1863',7,2,4,29),(80,'A01061','Study for Head of Watcher','1951–2',8,3,1,32),(81,'A00506','title not known','date not known',22,NULL,NULL,35),(82,'A01704','title not known','date not known',22,NULL,NULL,38),(83,'A00213','The Wicked Fairy for ‘At the Back of the North Wind’','c.1870',19,NULL,NULL,41),(84,'A00267','title not known','date not known',22,NULL,NULL,41),(85,'A00501','title not known','date not known',22,NULL,NULL,41),(86,'A00542','title not known','date not known',22,NULL,NULL,41),(87,'A00608','title not known','date not known',22,NULL,NULL,41),(88,'A00621','title not known','date not known',22,NULL,NULL,41),(89,'A00633','title not known','date not known',22,NULL,NULL,41),(90,'A00653','title not known','date not known',22,NULL,NULL,41),(91,'A00677','title not known','date not known',22,NULL,NULL,41),(92,'A01196','title not known','date not known',22,NULL,NULL,41),(93,'A01225','title not known','date not known',22,NULL,NULL,41),(94,'A01252','title not known','date not known',22,NULL,NULL,41),(95,'A01269','title not known','date not known',22,NULL,NULL,41),(96,'A01292','title not known','date not known',22,NULL,NULL,41),(97,'A01327','title not known','date not known',22,NULL,NULL,41),(98,'A01345','title not known','date not known',22,NULL,NULL,41),(99,'A01375','title not known','date not known',22,NULL,NULL,41),(100,'A01394','title not known','date not known',22,NULL,NULL,41),(101,'A01437','title not known','date not known',22,NULL,NULL,41),(102,'A01476','title not known','date not known',22,NULL,NULL,41),(103,'A01509','title not known','date not known',22,NULL,NULL,41),(104,'A01624','title not known','date not known',22,NULL,NULL,41),(105,'A01669','title not known','date not known',22,NULL,NULL,41),(106,'A01682','title not known','date not known',22,NULL,NULL,41),(107,'A01716','title not known','date not known',22,NULL,NULL,41),(108,'A01737','title not known','date not known',22,NULL,NULL,41),(109,'A01066','Catherine and Heathcliffe Walking','date not known',11,NULL,NULL,44),(110,'A00229','title not known','date not known',22,NULL,NULL,44),(111,'A00292','title not known','date not known',22,NULL,NULL,44),(112,'A00368','title not known','date not known',22,NULL,NULL,44),(113,'A00458','title not known','date not known',22,NULL,NULL,44),(114,'A00495','title not known','date not known',22,NULL,NULL,44),(115,'A00546','title not known','date not known',22,NULL,NULL,44),(116,'A01220','title not known','date not known',22,NULL,NULL,44),(117,'A01294','title not known','date not known',22,NULL,NULL,44),(118,'A01352','title not known','date not known',22,NULL,NULL,44),(119,'A01424','title not known','date not known',22,NULL,NULL,44),(120,'A01553','title not known','date not known',22,NULL,NULL,44),(121,'A01645','title not known','date not known',22,NULL,NULL,44),(122,'A01711','title not known','date not known',22,NULL,NULL,44),(123,'A00871','title not known','1806–7',42,NULL,NULL,44),(124,'A01070','Nelly with Baby Hareton and Catherine Earnshaw. Verso: similar composition','date not known',11,NULL,NULL,46),(125,'A01080','title not known','1959',15,NULL,NULL,47),(126,'A00231','title not known','date not known',22,NULL,NULL,47),(127,'A00241','title not known','date not known',22,NULL,NULL,47),(128,'A00253','title not known','date not known',22,NULL,NULL,47),(129,'A00264','title not known','date not known',22,NULL,NULL,47),(130,'A00276','title not known','date not known',22,NULL,NULL,47),(131,'A00285','title not known','date not known',22,NULL,NULL,47),(132,'A00295','title not known','date not known',22,NULL,NULL,47),(133,'A00303','title not known','date not known',22,NULL,NULL,47),(134,'A00311','title not known','date not known',22,NULL,NULL,47),(135,'A00320','title not known','date not known',22,NULL,NULL,47),(136,'A00328','title not known','date not known',22,NULL,NULL,47),(137,'A00337','title not known','date not known',22,NULL,NULL,47),(138,'A00346','title not known','date not known',22,NULL,NULL,47),(139,'A00357','title not known','date not known',22,NULL,NULL,47),(140,'A00366','title not known','date not known',22,NULL,NULL,47),(141,'A00378','title not known','date not known',22,NULL,NULL,47),(142,'A00387','title not known','date not known',22,NULL,NULL,47),(143,'A00396','title not known','date not known',22,NULL,NULL,47),(144,'A00405','title not known','date not known',22,NULL,NULL,47),(145,'A00414','title not known','date not known',22,NULL,NULL,47),(146,'A00422','title not known','date not known',22,NULL,NULL,47),(147,'A00430','title not known','date not known',22,NULL,NULL,47),(148,'A00439','title not known','date not known',22,NULL,NULL,47),(149,'A00447','title not known','date not known',22,NULL,NULL,47),(150,'A00464','title not known','date not known',22,NULL,NULL,47),(151,'A00539','title not known','date not known',22,NULL,NULL,47),(152,'A00645','title not known','date not known',22,NULL,NULL,47),(153,'A01213','title not known','date not known',22,NULL,NULL,47),(154,'A01235','title not known','date not known',22,NULL,NULL,47),(155,'A01285','title not known','date not known',22,NULL,NULL,47),(156,'A01302','title not known','date not known',22,NULL,NULL,47),(157,'A01322','title not known','date not known',22,NULL,NULL,47),(158,'A01347','title not known','date not known',22,NULL,NULL,47),(159,'A01366','title not known','date not known',22,NULL,NULL,47),(160,'A01397','title not known','date not known',22,NULL,NULL,47),(161,'A01425','title not known','date not known',22,NULL,NULL,47),(162,'A01447','title not known','date not known',22,NULL,NULL,47),(163,'A01478','title not known','date not known',22,NULL,NULL,47),(164,'A01488','title not known','date not known',22,NULL,NULL,47),(165,'A01510','title not known','date not known',22,NULL,NULL,47),(166,'A01588','title not known','date not known',22,NULL,NULL,47),(167,'A01619','title not known','date not known',22,NULL,NULL,47),(168,'A01644','title not known','date not known',22,NULL,NULL,47),(169,'A01725','title not known','date not known',22,NULL,NULL,47),(170,'A00872','title not known','1806–7',42,NULL,NULL,47),(171,'A01076','title not known','1953',15,NULL,NULL,48),(172,'A00219','title not known','date not known',22,NULL,NULL,48),(173,'A00235','title not known','date not known',22,NULL,NULL,48),(174,'A00247','title not known','date not known',22,NULL,NULL,48),(175,'A00260','title not known','date not known',22,NULL,NULL,48),(176,'A00272','title not known','date not known',22,NULL,NULL,48),(177,'A00280','title not known','date not known',22,NULL,NULL,48),(178,'A00289','title not known','date not known',22,NULL,NULL,48),(179,'A00299','title not known','date not known',22,NULL,NULL,48),(180,'A00307','title not known','date not known',22,NULL,NULL,48),(181,'A00316','title not known','date not known',22,NULL,NULL,48),(182,'A00324','title not known','date not known',22,NULL,NULL,48),(183,'A00332','title not known','date not known',22,NULL,NULL,48),(184,'A00341','title not known','date not known',22,NULL,NULL,48),(185,'A00350','title not known','date not known',22,NULL,NULL,48),(186,'A00362','title not known','date not known',22,NULL,NULL,48),(187,'A00371','title not known','date not known',22,NULL,NULL,48),(188,'A00383','title not known','date not known',22,NULL,NULL,48),(189,'A00392','title not known','date not known',22,NULL,NULL,48),(190,'A00400','title not known','date not known',22,NULL,NULL,48),(191,'A00410','title not known','date not known',22,NULL,NULL,48),(192,'A00418','title not known','date not known',22,NULL,NULL,48),(193,'A00426','title not known','date not known',22,NULL,NULL,48),(194,'A00435','title not known','date not known',22,NULL,NULL,48),(195,'A00443','title not known','date not known',22,NULL,NULL,48),(196,'A00457','title not known','date not known',22,NULL,NULL,48),(197,'A00491','title not known','date not known',22,NULL,NULL,48),(198,'A00603','title not known','date not known',22,NULL,NULL,48),(199,'A01191','title not known','date not known',22,NULL,NULL,48),(200,'A01223','title not known','date not known',22,NULL,NULL,48),(201,'A01263','title not known','date not known',22,NULL,NULL,48),(202,'A01297','title not known','date not known',22,NULL,NULL,48),(203,'A01315','title not known','date not known',22,NULL,NULL,48),(204,'A01334','title not known','date not known',22,NULL,NULL,48),(205,'A01355','title not known','date not known',22,NULL,NULL,48),(206,'A01378','title not known','date not known',22,NULL,NULL,48),(207,'A01409','title not known','date not known',22,NULL,NULL,48),(208,'A01430','title not known','date not known',22,NULL,NULL,48),(209,'A01462','title not known','date not known',22,NULL,NULL,48),(210,'A01482','title not known','date not known',22,NULL,NULL,48),(211,'A01499','title not known','date not known',22,NULL,NULL,48),(212,'A01531','title not known','date not known',22,NULL,NULL,48),(213,'A01608','title not known','date not known',22,NULL,NULL,48),(214,'A01625','title not known','date not known',22,NULL,NULL,48),(215,'A01663','title not known','date not known',22,NULL,NULL,48),(216,'A00864','Project for the Facade of the Tate Gallery','c.1893',40,NULL,NULL,48),(217,'A00877','Sketch for ‘The Pilgrimage to Canterbury’, with a compositional sketch, a key to the figures, and studies of heads and figures','1806–7',42,NULL,NULL,48),(218,'A01250','title not known','date not known',22,NULL,NULL,51),(219,'A00382','title not known','date not known',22,NULL,NULL,52),(220,'A00640','title not known','date not known',22,NULL,NULL,52),(221,'A01396','title not known','date not known',22,NULL,NULL,52),(222,'A01657','title not known','date not known',22,NULL,NULL,52),(223,'A01401','title not known','date not known',22,NULL,NULL,55),(224,'A01091','Lady Mouse in Mob Cap','c.1902',31,NULL,NULL,56),(225,'A01099','‘Where is My Twist?’','c.1902',31,NULL,NULL,56),(226,'A01107','The Tailor and Simpkin Set Out for the Shop','c.1902',31,NULL,NULL,56),(227,'A00489','title not known','date not known',22,NULL,NULL,57),(228,'A00625','title not known','date not known',22,NULL,NULL,57),(229,'A01431','title not known','date not known',22,NULL,NULL,57),(230,'A01620','title not known','date not known',22,NULL,NULL,57),(231,'A01697','title not known','date not known',22,NULL,NULL,57),(232,'A00010','The Pit of Disease: The Falsifiers','1826–7, reprinted 1892',5,NULL,NULL,58),(233,'A00018','Job’s Comforters','1825, reprinted 1874',5,NULL,NULL,58),(234,'A00026','Behemoth and Leviathan','1825, reprinted 1874',5,NULL,NULL,58),(235,'A00158','The Sheep of his Pasture','c.1828',10,2,6,58),(236,'A00012','Job and his Family','1828, reprinted 1874',5,NULL,NULL,59),(237,'A00020','The Vision of Eliphaz','1825, reprinted 1874',5,NULL,NULL,59),(238,'A00028','The Vision of Christ','1825, reprinted 1874',5,NULL,NULL,59),(239,'A00167','Ideal Pastoral Life','1829',10,2,6,60),(240,'A01028','The Gleaners','date not known',47,NULL,NULL,64),(241,'A00703','High Life','1829, exhibited 1831',23,2,8,66),(242,'A00857','title not known','published 1818',39,NULL,NULL,67),(243,'A01150','Glaucus and Scylla','date not known',44,NULL,NULL,68),(244,'A01006','River Wye','1812',44,NULL,NULL,69),(245,'A00689','title not known','date not known',22,NULL,NULL,73),(246,'A00496','title not known','date not known',22,NULL,NULL,75),(247,'A00567','title not known','date not known',22,NULL,NULL,75),(248,'A00673','title not known','date not known',22,NULL,NULL,75),(249,'A01259','title not known','date not known',22,NULL,NULL,75),(250,'A01491','title not known','date not known',22,NULL,NULL,75),(251,'A01535','title not known','date not known',22,NULL,NULL,75),(252,'A01556','title not known','date not known',22,NULL,NULL,75),(253,'A01599','title not known','date not known',22,NULL,NULL,75),(254,'A01612','title not known','date not known',22,NULL,NULL,75),(255,'A01512','title not known','date not known',22,NULL,NULL,76),(256,'A00576','title not known','date not known',22,NULL,NULL,77),(257,'A00683','title not known','date not known',22,NULL,NULL,77),(258,'A01416','title not known','date not known',22,NULL,NULL,77),(259,'A01584','title not known','date not known',22,NULL,NULL,77),(260,'A01530','title not known','date not known',22,NULL,NULL,78),(262,'A00573','title not known','date not known',22,NULL,NULL,79),(263,'A01200','title not known','date not known',22,NULL,NULL,79),(264,'A01468','title not known','date not known',22,NULL,NULL,79),(265,'A01611','title not known','date not known',22,NULL,NULL,79),(266,'A00878','Preliminary Version (?or Later Replica) of Finished Composition (N01163)','date not known',42,NULL,NULL,79),(267,'A00886','title not known','c.1858',43,NULL,NULL,79),(268,'A00894','title not known','c.1858',43,NULL,NULL,79),(269,'A00902','title not known','c.1858',43,NULL,NULL,79),(270,'A00051','title not known','date not known',NULL,NULL,NULL,79),(271,'A00173','Seated Naval Pensioner. Verso: indecipherable sketch','date not known',12,NULL,NULL,80),(272,'A00659','title not known','date not known',22,NULL,NULL,83),(273,'A01520','title not known','date not known',22,NULL,NULL,83),(274,'A01708','title not known','date not known',22,NULL,NULL,83),(275,'A00680','title not known','date not known',22,NULL,NULL,85),(276,'A01414','title not known','date not known',22,NULL,NULL,85),(277,'A01648','title not known','date not known',22,NULL,NULL,85),(278,'A00112','Thenot Remonstrates with Colinet','c. 1821, printed 1830',5,NULL,NULL,88),(279,'A00120','‘A Rolling Stone is ever Bare of Moss’','c. 1821, printed 1830',5,NULL,NULL,88),(280,'A00159','The Ploughman','1827',10,2,6,88),(281,'A00731','Cain and Abel','published 1881',25,NULL,NULL,88),(282,'A00742','title not known','published 1843',27,NULL,NULL,88),(283,'A00750','title not known','published 1843',27,NULL,NULL,88),(284,'A00758','title not known','published 1843',27,NULL,NULL,88),(285,'A00766','title not known','published 1843',27,NULL,NULL,88),(286,'A00774','title not known','published 1843',27,1,3,88),(287,'A00782','title not known','published 1843',27,NULL,NULL,88),(288,'A00790','title not known','published 1843',27,NULL,NULL,88),(289,'A00798','The Labourers in the Vineyard','published 1864',28,2,4,88),(290,'A00806','The Good Shepherd','published 1864',28,2,4,88),(291,'A00827','Moses and Aaron before Pharoah','1863',32,NULL,NULL,88),(292,'A00835','The Israelites in Egypt: Water Carriers','date not known',32,NULL,NULL,88),(293,'A00591','title not known','date not known',22,NULL,NULL,85),(294,'A00707','title not known','date not known',24,NULL,NULL,2),(295,'A00715','title not known','date not known',24,NULL,NULL,2),(296,'A00723','title not known','date not known',24,NULL,NULL,2),(297,'A00069','Stooping Woman','date not known',7,2,4,3),(298,'A00074','St Alban','1875',7,2,4,4),(299,'A00988','Crypt of Kirkstall Abbey','c.1811–2',44,NULL,NULL,9),(300,'A00935','The Bridge in Middle Distance','1808',44,NULL,NULL,10),(301,'A00952','Morpeth, Northumberland','1809',44,NULL,NULL,10),(302,'A00972','Lauffenburgh on the Rhine','1811',44,NULL,NULL,10),(303,'A00994','Winchelsea, Sussex','1812',44,NULL,NULL,10),(304,'A01015','Solway Moss','1816',44,NULL,NULL,10),(305,'A01129','The Watercress Gatherers','1819',44,NULL,NULL,10),(306,'A00933','Pembury Mill, Kent','1808',44,NULL,NULL,11),(307,'A00950','The Leader Sea-piece','1809',44,NULL,NULL,11),(308,'A00970','Near Blair Athol, Scotland','1811',44,NULL,NULL,11),(309,'A00986','Scene in the Campagna','1812',44,NULL,NULL,11),(310,'A01012','Rivaux Abbey, Yorkshire','1812',44,NULL,NULL,11),(311,'A01127','The Tenth Plague of Egypt','1816',44,NULL,NULL,11),(312,'A01142','Isis','1819',44,NULL,NULL,12),(313,'A00920','Basle, engraved by Charles Turner','1807',44,NULL,NULL,13),(314,'A00944','The Farm-yard with the Cock, engraved by Charles Turner','1809',44,NULL,NULL,13),(315,'A00963','London from Greenwich, engraved by Charles Turner','1811',44,NULL,NULL,13),(316,'A00983','From Spenser’s Fairy Queen, engraved by Thomas Hodgetts','1811',44,NULL,NULL,13),(317,'A01007','River Wye, engraved by W. Annis','1812',44,NULL,NULL,13),(318,'A01122','Berry Pomeroy Castle','1816',44,NULL,NULL,13),(319,'A01143','Isis, engraved by William Say','1819',44,NULL,NULL,13),(320,'A00919','Basle','1807',44,NULL,NULL,14),(321,'A01148','Christ and the Woman of Samaria','1819',44,NULL,NULL,14),(322,'A01185','Reading the Will','1819',46,NULL,NULL,15),(323,'A00999','Calm','1812',44,NULL,NULL,16),(324,'A00091','Two Studies of a Seated Male Nude for ‘The Liberation of St Peter’ in the Church of St Michael and All Angels, Lyndhurst, Hampshire','c.1863',7,2,4,21),(325,'A00663','title not known','date not known',22,NULL,NULL,22),(326,'A00606','title not known','date not known',22,NULL,NULL,23),(327,'A01171','Thisbe','1861',7,2,4,24),(328,'A01044','A Momentary Vision that Once Befell Young Millais','1916',3,NULL,NULL,25),(329,'A01052','Rossetti Insistently Exhorted by George Meredith to Come Forth into the Glorious Sun and Wind for a Walk to Hendon and Beyond','1916',3,NULL,NULL,25),(330,'A01060','The Name of Dante Gabriel Rossetti is Heard for the First Time in the Western States of America','1916',3,NULL,NULL,25),(331,'A00449','title not known','date not known',22,NULL,NULL,25),(332,'A01529','title not known','date not known',22,NULL,NULL,25),(333,'A01024','Julia Emily Gordon in a Fez','1830',46,2,2,25),(334,'A00046','The Crucifixion','c.1825–7',5,NULL,NULL,26),(335,'A00067','Studies of a Sleeve','date not known',7,2,4,26),(336,'A00081','Roundel with the Head of a Woman','c.1870–5',7,2,4,26),(337,'A00093','Study for ‘Blind Love’','date not known',7,2,4,26),(338,'A00102','Figure Study','date not known',7,2,4,26),(339,'A01160','The Nativity','date not known',7,2,4,26),(340,'A01168','Orpheus and Eurydice','date not known',7,2,4,26),(341,'A00136','Cochem','1860',9,NULL,NULL,26),(342,'A00144','Royal Palace, Dresden','1852',9,NULL,NULL,26),(343,'A00152','St Paul, Antwerp','1844',9,NULL,NULL,26),(344,'A00198','title not known','date not known',18,NULL,NULL,26),(345,'A00208','title not known','date not known',18,NULL,NULL,26),(346,'A00524','title not known','date not known',22,NULL,NULL,26),(347,'A00635','title not known','date not known',22,NULL,NULL,26),(348,'A01453','title not known','date not known',22,NULL,NULL,26),(349,'A01558','title not known','date not known',22,NULL,NULL,26),(350,'A00815','An Angel with a Harp','date not known',29,2,4,26),(351,'A00850','Dorothy Barnard','1885–6',38,NULL,NULL,26),(352,'A00033','Sketch for ‘The Four and Twenty Elders Casting their Crowns before the Divine Throne’. Verso: Standing Figure with Arms at his Side','c.1803, c.1805–10',5,NULL,NULL,29),(353,'A00084','Composition Study for ‘The Merciful Knight’. Verso: Composition Study for ‘St Valentine’s Day’','c.1863',7,2,4,29),(354,'A01062','Study for Head of Watcher','1951–2',8,3,1,32),(355,'A00695','title not known','date not known',22,NULL,NULL,36),(356,'A01701','title not known','date not known',22,NULL,NULL,39),(357,'A00220','title not known','date not known',22,NULL,NULL,41),(358,'A00283','title not known','date not known',22,NULL,NULL,41),(359,'A00514','title not known','date not known',22,NULL,NULL,41),(360,'A00543','title not known','date not known',22,NULL,NULL,41),(361,'A00611','title not known','date not known',22,NULL,NULL,41),(362,'A00622','title not known','date not known',22,NULL,NULL,41),(363,'A00634','title not known','date not known',22,NULL,NULL,41),(364,'A00656','title not known','date not known',22,NULL,NULL,41),(365,'A00679','title not known','date not known',22,NULL,NULL,41),(366,'A01201','title not known','date not known',22,NULL,NULL,41),(367,'A01228','title not known','date not known',22,NULL,NULL,41),(368,'A01253','title not known','date not known',22,NULL,NULL,41),(369,'A01270','title not known','date not known',22,NULL,NULL,41),(370,'A01298','title not known','date not known',22,NULL,NULL,41),(371,'A01329','title not known','date not known',22,NULL,NULL,41),(372,'A01353','title not known','date not known',22,NULL,NULL,41),(373,'A01377','title not known','date not known',22,NULL,NULL,41),(374,'A01395','title not known','date not known',22,NULL,NULL,41),(375,'A01440','title not known','date not known',22,NULL,NULL,41),(376,'A01484','title not known','date not known',22,NULL,NULL,41),(377,'A01515','title not known','date not known',22,NULL,NULL,41),(378,'A01627','title not known','date not known',22,NULL,NULL,41),(379,'A01673','title not known','date not known',22,NULL,NULL,41),(380,'A01693','title not known','date not known',22,NULL,NULL,41),(381,'A01719','title not known','date not known',22,NULL,NULL,41),(382,'A01738','title not known','date not known',22,NULL,NULL,41),(383,'A01067','Seated Woman','c.1899',11,NULL,NULL,44),(384,'A00244','title not known','date not known',22,NULL,NULL,44),(385,'A00313','title not known','date not known',22,NULL,NULL,44),(386,'A00372','title not known','date not known',22,NULL,NULL,44),(387,'A00468','title not known','date not known',22,NULL,NULL,44),(388,'A00497','title not known','date not known',22,NULL,NULL,44),(389,'A00586','title not known','date not known',22,NULL,NULL,44),(390,'A01222','title not known','date not known',22,NULL,NULL,44),(391,'A01295','title not known','date not known',22,NULL,NULL,44),(392,'A01381','title not known','date not known',22,NULL,NULL,44),(393,'A01429','title not known','date not known',22,NULL,NULL,44),(394,'A01571','title not known','date not known',22,NULL,NULL,44),(395,'A01659','title not known','date not known',22,NULL,NULL,44),(396,'A01715','title not known','date not known',22,NULL,NULL,44),(397,'A01020','After Rembrandt','1822',46,NULL,NULL,44),(398,'A01173','Dido (tracing of A01172)','date not known',7,2,4,47),(399,'A01081','title not known','1959',15,NULL,NULL,47),(400,'A00232','title not known','date not known',22,NULL,NULL,47),(401,'A00242','title not known','date not known',22,NULL,NULL,47),(402,'A00256','title not known','date not known',22,NULL,NULL,47),(403,'A00265','title not known','date not known',22,NULL,NULL,47),(404,'A00277','title not known','date not known',22,NULL,NULL,47),(405,'A00286','title not known','date not known',22,NULL,NULL,47),(406,'A00296','title not known','date not known',22,NULL,NULL,47),(407,'A00304','title not known','date not known',22,NULL,NULL,47),(408,'A00312','title not known','date not known',22,NULL,NULL,47),(409,'A00321','title not known','date not known',22,NULL,NULL,47),(410,'A00329','title not known','date not known',22,NULL,NULL,47),(411,'A00338','title not known','date not known',22,NULL,NULL,47),(412,'A00347','title not known','date not known',22,NULL,NULL,47),(413,'A00358','title not known','date not known',22,NULL,NULL,47),(414,'A00367','title not known','date not known',22,NULL,NULL,47),(415,'A00379','title not known','date not known',22,NULL,NULL,47),(416,'A00389','title not known','date not known',22,NULL,NULL,47),(417,'A00397','title not known','date not known',22,NULL,NULL,47),(418,'A00406','title not known','date not known',22,NULL,NULL,47),(419,'A00415','title not known','date not known',22,NULL,NULL,47),(420,'A00423','title not known','date not known',22,NULL,NULL,47),(421,'A00431','title not known','date not known',22,NULL,NULL,47),(422,'A00440','title not known','date not known',22,NULL,NULL,47),(423,'A00448','title not known','date not known',22,NULL,NULL,47),(424,'A00466','title not known','date not known',22,NULL,NULL,47),(425,'A00540','title not known','date not known',22,NULL,NULL,47),(426,'A00676','title not known','date not known',22,NULL,NULL,47),(427,'A01214','title not known','date not known',22,NULL,NULL,47),(428,'A01236','title not known','date not known',22,NULL,NULL,47),(429,'A01289','title not known','date not known',22,NULL,NULL,47),(430,'A01306','title not known','date not known',22,NULL,NULL,47),(431,'A01323','title not known','date not known',22,NULL,NULL,47),(432,'A01348','title not known','date not known',22,NULL,NULL,47),(433,'A01367','title not known','date not known',22,NULL,NULL,47),(434,'A01399','title not known','date not known',22,NULL,NULL,47),(435,'A01426','title not known','date not known',22,NULL,NULL,47),(436,'A01450','title not known','date not known',22,NULL,NULL,47),(437,'A01479','title not known','date not known',22,NULL,NULL,47),(438,'A01490','title not known','date not known',22,NULL,NULL,47),(439,'A01511','title not known','date not known',22,NULL,NULL,47),(440,'A01590','title not known','date not known',22,NULL,NULL,47),(441,'A01621','title not known','date not known',22,NULL,NULL,47),(442,'A01649','title not known','date not known',22,NULL,NULL,47),(443,'A01726','title not known','date not known',22,NULL,NULL,47),(444,'A00873','title not known','1806–7',42,NULL,NULL,47),(445,'A01077','title not known','1953',15,NULL,NULL,48),(446,'A00222','title not known','date not known',22,NULL,NULL,48),(447,'A00236','title not known','date not known',22,NULL,NULL,48),(448,'A00249','title not known','date not known',22,NULL,NULL,48),(449,'A00261','title not known','date not known',22,NULL,NULL,48),(450,'A00273','title not known','date not known',22,NULL,NULL,48),(451,'A00281','title not known','date not known',22,NULL,NULL,48),(452,'A00291','title not known','date not known',22,NULL,NULL,48),(453,'A00300','title not known','date not known',22,NULL,NULL,48),(454,'A00308','title not known','date not known',22,NULL,NULL,48),(455,'A00317','title not known','date not known',22,NULL,NULL,48),(456,'A00325','title not known','date not known',22,NULL,NULL,48),(457,'A00333','title not known','date not known',22,NULL,NULL,48),(458,'A00342','title not known','date not known',22,NULL,NULL,48),(459,'A00352','title not known','date not known',22,NULL,NULL,48),(460,'A00363','title not known','date not known',22,NULL,NULL,48),(461,'A00375','title not known','date not known',22,NULL,NULL,48),(462,'A00384','title not known','date not known',22,NULL,NULL,48),(463,'A00393','title not known','date not known',22,NULL,NULL,48),(464,'A00401','title not known','date not known',22,NULL,NULL,48),(465,'A00411','title not known','date not known',22,NULL,NULL,48),(466,'A00419','title not known','date not known',22,NULL,NULL,48),(467,'A00427','title not known','date not known',22,NULL,NULL,48),(468,'A00436','title not known','date not known',22,NULL,NULL,48),(469,'A00444','title not known','date not known',22,NULL,NULL,48),(470,'A00459','title not known','date not known',22,NULL,NULL,48),(471,'A00500','title not known','date not known',22,NULL,NULL,48),(472,'A00610','title not known','date not known',22,NULL,NULL,48),(473,'A01199','title not known','date not known',22,NULL,NULL,48),(474,'A01224','title not known','date not known',22,NULL,NULL,48),(475,'A01274','title not known','date not known',22,NULL,NULL,48),(476,'A01299','title not known','date not known',22,NULL,NULL,48),(477,'A01319','title not known','date not known',22,NULL,NULL,48),(478,'A01336','title not known','date not known',22,NULL,NULL,48),(479,'A01357','title not known','date not known',22,NULL,NULL,48),(480,'A01380','title not known','date not known',22,NULL,NULL,48),(481,'A01411','title not known','date not known',22,NULL,NULL,48),(482,'A01434','title not known','date not known',22,NULL,NULL,48),(483,'A01470','title not known','date not known',22,NULL,NULL,48),(484,'A01483','title not known','date not known',22,NULL,NULL,48),(485,'A01502','title not known','date not known',22,NULL,NULL,48),(486,'A01564','title not known','date not known',22,NULL,NULL,48),(487,'A01615','title not known','date not known',22,NULL,NULL,48),(488,'A01628','title not known','date not known',22,NULL,NULL,48),(489,'A01686','title not known','date not known',22,NULL,NULL,48),(490,'A00865','Project for the Facade of the Tate Gallery','c.1893',40,NULL,NULL,48),(491,'A00045','St Christopher, Copy from an Engraving? Verso:Part of a Face: Copy from a Plaster Cast: a Daughter of Niobe?','?c.1779–80',5,NULL,NULL,49),(492,'A01317','title not known','date not known',22,NULL,NULL,51),(493,'A00454','title not known','date not known',22,NULL,NULL,52),(494,'A00646','title not known','date not known',22,NULL,NULL,52),(495,'A01403','title not known','date not known',22,NULL,NULL,52),(496,'A01671','title not known','date not known',22,NULL,NULL,52),(497,'A01631','title not known','date not known',22,NULL,NULL,55),(498,'A01092','The Tailor Leaving his Workshop','c.1902',31,NULL,NULL,56),(499,'A01100','The Mice at Work: Threading the Needle','c.1902',31,NULL,NULL,56),(500,'A01108','The Finished Coat','c.1902',31,NULL,NULL,56),(501,'A00490','title not known','date not known',22,NULL,NULL,57),(502,'A00650','title not known','date not known',22,NULL,NULL,57),(503,'A01432','title not known','date not known',22,NULL,NULL,57),(504,'A01630','title not known','date not known',22,NULL,NULL,57),(505,'A01699','title not known','date not known',22,NULL,NULL,57),(506,'A00011','Dante Striking against Bocca Degli Abati','1826–7, reprinted 1892',5,NULL,NULL,58),(507,'A00019','Job’s Despair','1825, reprinted 1874',5,NULL,NULL,58),(508,'A00027','The Fall of Satan','1825, reprinted 1874',5,NULL,NULL,58),(509,'A00005','The Circle of the Lustful: Francesca da Rimini (‘The Whirlwind of Lovers’)','1826–7, reprinted 1892',5,NULL,NULL,59),(510,'A00013','Satan before the Throne of God','1825, reprinted 1874',5,NULL,NULL,59),(511,'A00021','Job Rebuked by his Friends','1825, reprinted 1874',5,NULL,NULL,59),(512,'A00029','Job’s Sacrifice','1825, reprinted 1874',5,NULL,NULL,59),(513,'A01153','Moonlight at Sea','date not known',44,NULL,NULL,61),(514,'A00741','Head of Prince Hal','c.1851',26,NULL,NULL,65),(515,'A00739','Falstaff Personating the King','c.1851',26,NULL,NULL,67),(516,'A00858','title not known','published 1818',39,NULL,NULL,67),(517,'A01151','Pan and Syrinx','date not known',44,NULL,NULL,68),(518,'A00034','‘Europe’: Fragment of Pages 3 and 4','1794–c.1830–5',5,NULL,NULL,70),(519,'A01170','Figure of a Queen','1861',7,2,4,74),(520,'A00498','title not known','date not known',22,NULL,NULL,75),(521,'A00568','title not known','date not known',22,NULL,NULL,75),(522,'A00684','title not known','date not known',22,NULL,NULL,75),(523,'A01280','title not known','date not known',22,NULL,NULL,75),(524,'A01492','title not known','date not known',22,NULL,NULL,75),(525,'A01538','title not known','date not known',22,NULL,NULL,75),(526,'A01559','title not known','date not known',22,NULL,NULL,75),(527,'A01600','title not known','date not known',22,NULL,NULL,75),(528,'A01613','title not known','date not known',22,NULL,NULL,75),(529,'A01029','At the Brasserie','1931',1,NULL,NULL,77),(530,'A00577','title not known','date not known',22,NULL,NULL,77),(531,'A00690','title not known','date not known',22,NULL,NULL,77),(532,'A01459','title not known','date not known',22,NULL,NULL,77),(533,'A01589','title not known','date not known',22,NULL,NULL,77),(534,'A00171','Head and Shoulders of a Horse','date not known',12,NULL,NULL,79),(535,'A00182','Landscape with Windmill and Man Ploughing','date not known',12,NULL,NULL,79),(536,'A00599','title not known','date not known',22,NULL,NULL,79),(537,'A01209','title not known','date not known',22,NULL,NULL,79),(538,'A01525','title not known','date not known',22,NULL,NULL,79),(539,'A01698','title not known','date not known',22,NULL,NULL,79),(540,'A00879','title not known','c.1858',43,NULL,NULL,79),(541,'A00887','title not known','c.1858',43,NULL,NULL,79),(542,'A00895','title not known','c.1858',43,NULL,NULL,79),(543,'A00903','title not known','c.1858',43,NULL,NULL,79),(544,'A00052','title not known','date not known',NULL,NULL,NULL,79),(545,'A00174','Two Naval Pensioners. Verso: traces of pencil drawing','date not known',12,NULL,NULL,80),(546,'A00665','title not known','date not known',22,NULL,NULL,83),(547,'A01521','title not known','date not known',22,NULL,NULL,83),(548,'A00584','title not known','date not known',22,NULL,NULL,84),(549,'A01192','title not known','date not known',22,NULL,NULL,85),(550,'A01466','title not known','date not known',22,NULL,NULL,85),(551,'A01723','title not known','date not known',22,NULL,NULL,85),(552,'A00113','Thenot and Colinet Converse Seated between Two Trees','c. 1821, printed 1830',5,NULL,NULL,88),(553,'A00121','Colinet Rests by a Stream at Night','c. 1821, printed 1830',5,NULL,NULL,88),(554,'A00160','The Brook','1829',10,2,6,88),(555,'A00732','Samson and the Lions','published 1881',25,NULL,NULL,88),(556,'A00743','title not known','published 1843',27,NULL,NULL,88),(557,'A00751','title not known','published 1843',27,NULL,NULL,88),(558,'A00759','title not known','published 1843',27,NULL,NULL,88),(559,'A00767','title not known','published 1843',27,NULL,NULL,88),(560,'A00775','title not known','published 1843',27,NULL,NULL,88),(561,'A00783','title not known','published 1843',27,NULL,NULL,88),(562,'A00791','title not known','published 1843',27,NULL,NULL,88),(563,'A00799','The Marriage Feast','published 1864',28,2,4,88),(564,'A00807','The Wicked Husbandman','published 1864',28,2,4,88),(565,'A00828','Pharoah Honours Joseph','1864',32,NULL,NULL,88),(566,'A00836','Moses Slaying the Egyptians','date not known',32,NULL,NULL,88),(567,'A00592','title not known','date not known',22,NULL,NULL,85),(568,'A00708','title not known','date not known',24,NULL,NULL,2),(569,'A00716','title not known','date not known',24,NULL,NULL,2),(570,'A00724','title not known','date not known',24,NULL,NULL,2),(571,'A01082','Female Torso','c.1933–8',21,NULL,NULL,3),(572,'A00075','St Aidan','1875',7,NULL,NULL,4),(573,'A00921','Jason','1807',44,NULL,NULL,10),(574,'A00937','Dunstanborough Castle','1808',44,NULL,NULL,10),(575,'A00954','Juvenile Tricks','1811',44,NULL,NULL,10),(576,'A00974','Young Anglers','1811',44,NULL,NULL,10),(577,'A00996','The Bridge and Goats','1812',44,NULL,NULL,10),(578,'A01112','Solitude','1814',44,2,5,10),(579,'A01131','The Alcove, Isleworth','1819',44,NULL,NULL,10),(580,'A00935','The Bridge in Middle Distance','1808',44,NULL,NULL,11),(581,'A00952','Morpeth, Northumberland','1809',44,NULL,NULL,11),(582,'A00972','Lauffenburgh on the Rhine','1811',44,NULL,NULL,11),(583,'A00994','Winchelsea, Sussex','1812',44,NULL,NULL,11),(584,'A01015','Solway Moss','1816',44,NULL,NULL,11),(585,'A01129','The Watercress Gatherers','1819',44,NULL,NULL,11),(586,'A01144','Ben Arthur, Scotland','1819',44,NULL,NULL,12),(587,'A00922','Jason, engraved by Charles Turner','1807',44,NULL,NULL,13),(588,'A00946','Drawing of the Clyde, engraved by Charles Turner','1809',44,NULL,NULL,13),(589,'A00965','Windmill and Lock, engraved by William Say','1811',44,NULL,NULL,13),(590,'A00985','Water Mill, engraved by Robert Dunkarton','1812',44,NULL,NULL,13),(591,'A01009','Chain of Alps from Grenoble to Chamberi, engraved by William Say','1812',44,NULL,NULL,13),(592,'A01124','Ville de Thun, engraved by Thomas Hodgetts','1816',44,NULL,NULL,13),(593,'A01145','Ben Arthur, Scotland, engraved by Thomas Lupton','1819',44,NULL,NULL,13),(594,'A00968','Marine Dabblers','1811',44,NULL,NULL,14),(595,'A01177','Woman at a Window, Reading a Letter','date not known',46,NULL,NULL,14),(596,'A01187','The Flemish Mother','1820',46,NULL,NULL,15),(597,'A00940','Lake of Thun, engraved by Charles Turner','1808',44,NULL,NULL,17),(598,'A00100','Study of Heads for a Pietà','date not known',7,2,4,21),(599,'A01258','title not known','date not known',22,NULL,NULL,22),(600,'A00614','title not known','date not known',22,NULL,NULL,23),(601,'A01172','Dido','1861',7,2,4,24),(602,'A01045','Spring Cottage, Hampstead, 1860','1917',3,NULL,NULL,25),(603,'A01053','Mr Morley ... introduces Mr John Stuart Mill','1917',3,NULL,NULL,25),(604,'A00041','Landscape near Felpham','c.1800',5,NULL,NULL,25),(605,'A00450','title not known','date not known',22,NULL,NULL,25),(606,'A01543','title not known','date not known',22,NULL,NULL,25),(607,'A01034','title not known','1959',2,NULL,NULL,26),(608,'A00057','Study of a Woman’s Head','1870',7,2,4,26),(609,'A00070','Study of a Female Head for ‘The Hours’','c.1872',7,2,4,26),(610,'A00082','Roundel with the Head of a Woman','c.1870–5',7,2,4,26),(611,'A00094','Study of a Male Figure for ‘Clerk Saunders’','c.1861',7,2,4,26),(612,'A00103','Study of the Head of a Female Attendant for ‘The Adoration of the Kings’','c.1861',7,2,4,26),(613,'A01161','Study for ‘Buondelmonte’s Wedding’','c.1859',7,2,4,26),(614,'A01175','The Nativity','date not known',7,2,4,26),(615,'A00137','Maximilianstrasse, Augsburg','date not known',9,NULL,NULL,26),(616,'A00145','Rathaus, Gotha','1852',9,NULL,NULL,26),(617,'A00153','Old Palais de Justice, Malines','1850',9,NULL,NULL,26),(618,'A00199','title not known','date not known',18,NULL,NULL,26),(619,'A00209','title not known','date not known',18,NULL,NULL,26),(620,'A00525','title not known','date not known',22,NULL,NULL,26),(621,'A01212','title not known','date not known',22,NULL,NULL,26),(622,'A01464','title not known','date not known',22,NULL,NULL,26),(623,'A01567','title not known','date not known',22,NULL,NULL,26),(624,'A00816','An Angel with a Pipe','date not known',29,2,4,26),(625,'A00851','Polly Barnard','1885–6',38,NULL,NULL,26),(626,'A00040','Sketch for ‘Tiriel Supporting the Dying Myratana’. Verso: Sketch for ‘Tiriel Supporting the Dying Myratana’','c.1786–9',5,NULL,NULL,29),(627,'A00104','Study of Iseult for ‘The Marriage of Sir Tristram’. Verso: Figure of Sir Tristram','c.1862',7,2,4,29),(628,'A01063','Study for Head of Watcher','1951–2',8,3,1,32),(629,'A01503','title not known','date not known',22,NULL,NULL,37),(630,'A01702','title not known','date not known',22,NULL,NULL,39),(631,'A00227','title not known','date not known',22,NULL,NULL,41),(632,'A00433','title not known','date not known',22,NULL,NULL,41),(633,'A00517','title not known','date not known',22,NULL,NULL,41),(634,'A00545','title not known','date not known',22,NULL,NULL,41),(635,'A00613','title not known','date not known',22,NULL,NULL,41),(636,'A00624','title not known','date not known',22,NULL,NULL,41),(637,'A00636','title not known','date not known',22,NULL,NULL,41),(638,'A00660','title not known','date not known',22,NULL,NULL,41),(639,'A00691','title not known','date not known',22,NULL,NULL,41),(640,'A01202','title not known','date not known',22,NULL,NULL,41),(641,'A01232','title not known','date not known',22,NULL,NULL,41),(642,'A01254','title not known','date not known',22,NULL,NULL,41),(643,'A01272','title not known','date not known',22,NULL,NULL,41),(644,'A01305','title not known','date not known',22,NULL,NULL,41),(645,'A01331','title not known','date not known',22,NULL,NULL,41),(646,'A01359','title not known','date not known',22,NULL,NULL,41),(647,'A01383','title not known','date not known',22,NULL,NULL,41),(648,'A01402','title not known','date not known',22,NULL,NULL,41),(649,'A01444','title not known','date not known',22,NULL,NULL,41),(650,'A01486','title not known','date not known',22,NULL,NULL,41),(651,'A01524','title not known','date not known',22,NULL,NULL,41),(652,'A01635','title not known','date not known',22,NULL,NULL,41),(653,'A01674','title not known','date not known',22,NULL,NULL,41),(654,'A01694','title not known','date not known',22,NULL,NULL,41),(655,'A01720','title not known','date not known',22,NULL,NULL,41),(656,'A01739','title not known','date not known',22,NULL,NULL,41),(657,'A01073','Catherine and Heathcliffe Sitting in a Field','date not known',11,NULL,NULL,44),(658,'A00250','title not known','date not known',22,NULL,NULL,44),(659,'A00335','title not known','date not known',22,NULL,NULL,44),(660,'A00373','title not known','date not known',22,NULL,NULL,44),(661,'A00469','title not known','date not known',22,NULL,NULL,44),(662,'A00499','title not known','date not known',22,NULL,NULL,44),(663,'A00637','title not known','date not known',22,NULL,NULL,44),(664,'A01237','title not known','date not known',22,NULL,NULL,44),(665,'A01303','title not known','date not known',22,NULL,NULL,44),(666,'A01389','title not known','date not known',22,NULL,NULL,44),(667,'A01433','title not known','date not known',22,NULL,NULL,44),(668,'A01607','title not known','date not known',22,NULL,NULL,44),(669,'A01660','title not known','date not known',22,NULL,NULL,44),(670,'A01718','title not known','date not known',22,NULL,NULL,44),(671,'A01022','Head and Shoulders of a Woman and Another Head','date not known',46,NULL,NULL,44),(672,'A01074','title not known','1953',15,NULL,NULL,47),(673,'A00192','Sir George Beaumont','1814',16,NULL,NULL,47),(674,'A00233','title not known','date not known',22,NULL,NULL,47),(675,'A00245','title not known','date not known',22,NULL,NULL,47),(676,'A00258','title not known','date not known',22,NULL,NULL,47),(677,'A00266','title not known','date not known',22,NULL,NULL,47),(678,'A00278','title not known','date not known',22,NULL,NULL,47),(679,'A00287','title not known','date not known',22,NULL,NULL,47),(680,'A00297','title not known','date not known',22,NULL,NULL,47),(681,'A00305','title not known','date not known',22,NULL,NULL,47),(682,'A00314','title not known','date not known',22,NULL,NULL,47),(683,'A00322','title not known','date not known',22,NULL,NULL,47),(684,'A00330','title not known','date not known',22,NULL,NULL,47),(685,'A00339','title not known','date not known',22,NULL,NULL,47),(686,'A00348','title not known','date not known',22,NULL,NULL,47),(687,'A00359','title not known','date not known',22,NULL,NULL,47),(688,'A00369','title not known','date not known',22,NULL,NULL,47),(689,'A00380','title not known','date not known',22,NULL,NULL,47),(690,'A00390','title not known','date not known',22,NULL,NULL,47),(691,'A00398','title not known','date not known',22,NULL,NULL,47),(692,'A00407','title not known','date not known',22,NULL,NULL,47),(693,'A00416','title not known','date not known',22,NULL,NULL,47),(694,'A00424','title not known','date not known',22,NULL,NULL,47),(695,'A00432','title not known','date not known',22,NULL,NULL,47),(696,'A00441','title not known','date not known',22,NULL,NULL,47),(697,'A00452','title not known','date not known',22,NULL,NULL,47),(698,'A00467','title not known','date not known',22,NULL,NULL,47),(699,'A00549','title not known','date not known',22,NULL,NULL,47),(700,'A00678','title not known','date not known',22,NULL,NULL,47),(701,'A01216','title not known','date not known',22,NULL,NULL,47),(702,'A01238','title not known','date not known',22,NULL,NULL,47),(703,'A01290','title not known','date not known',22,NULL,NULL,47),(704,'A01309','title not known','date not known',22,NULL,NULL,47),(705,'A01330','title not known','date not known',22,NULL,NULL,47),(706,'A01349','title not known','date not known',22,NULL,NULL,47),(707,'A01371','title not known','date not known',22,NULL,NULL,47),(708,'A01404','title not known','date not known',22,NULL,NULL,47),(709,'A01427','title not known','date not known',22,NULL,NULL,47),(710,'A01452','title not known','date not known',22,NULL,NULL,47),(711,'A01480','title not known','date not known',22,NULL,NULL,47),(712,'A01497','title not known','date not known',22,NULL,NULL,47),(713,'A01514','title not known','date not known',22,NULL,NULL,47),(714,'A01593','title not known','date not known',22,NULL,NULL,47),(715,'A01622','title not known','date not known',22,NULL,NULL,47),(716,'A01656','title not known','date not known',22,NULL,NULL,47),(717,'A01730','title not known','date not known',22,NULL,NULL,47),(718,'A00874','Sketch for ‘The Pilgrimage to Canterbury’, with studies of heads, figures on horseback, and two group sketches','1806–7',42,NULL,NULL,47),(719,'A01078','title not known','1953',15,NULL,NULL,48),(720,'A00224','title not known','date not known',22,NULL,NULL,48),(721,'A00237','title not known','date not known',22,NULL,NULL,48),(722,'A00251','title not known','date not known',22,NULL,NULL,48),(723,'A00262','title not known','date not known',22,NULL,NULL,48),(724,'A00274','title not known','date not known',22,NULL,NULL,48),(725,'A00282','title not known','date not known',22,NULL,NULL,48),(726,'A00293','title not known','date not known',22,NULL,NULL,48),(727,'A00301','title not known','date not known',22,NULL,NULL,48),(728,'A00309','title not known','date not known',22,NULL,NULL,48),(729,'A00318','title not known','date not known',22,NULL,NULL,48),(730,'A00326','title not known','date not known',22,NULL,NULL,48),(731,'A00334','title not known','date not known',22,NULL,NULL,48),(732,'A00343','title not known','date not known',22,NULL,NULL,48),(733,'A00353','title not known','date not known',22,NULL,NULL,48),(734,'A00364','title not known','date not known',22,NULL,NULL,48),(735,'A00376','title not known','date not known',22,NULL,NULL,48),(736,'A00385','title not known','date not known',22,NULL,NULL,48),(737,'A00394','title not known','date not known',22,NULL,NULL,48),(738,'A00403','title not known','date not known',22,NULL,NULL,48),(739,'A00412','title not known','date not known',22,NULL,NULL,48),(740,'A00420','title not known','date not known',22,NULL,NULL,48),(741,'A00428','title not known','date not known',22,NULL,NULL,48),(742,'A00437','title not known','date not known',22,NULL,NULL,48),(743,'A00445','title not known','date not known',22,NULL,NULL,48),(744,'A00461','title not known','date not known',22,NULL,NULL,48),(745,'A00507','title not known','date not known',22,NULL,NULL,48),(746,'A00612','title not known','date not known',22,NULL,NULL,48),(747,'A01203','title not known','date not known',22,NULL,NULL,48),(748,'A01226','title not known','date not known',22,NULL,NULL,48),(749,'A01276','title not known','date not known',22,NULL,NULL,48),(750,'A01300','title not known','date not known',22,NULL,NULL,48),(751,'A01320','title not known','date not known',22,NULL,NULL,48),(752,'A01338','title not known','date not known',22,NULL,NULL,48),(753,'A01362','title not known','date not known',22,NULL,NULL,48),(754,'A01382','title not known','date not known',22,NULL,NULL,48),(755,'A01417','title not known','date not known',22,NULL,NULL,48),(756,'A01435','title not known','date not known',22,NULL,NULL,48),(757,'A01471','title not known','date not known',22,NULL,NULL,48),(758,'A01485','title not known','date not known',22,NULL,NULL,48),(759,'A01504','title not known','date not known',22,NULL,NULL,48),(760,'A01572','title not known','date not known',22,NULL,NULL,48),(761,'A01617','title not known','date not known',22,NULL,NULL,48),(762,'A01629','title not known','date not known',22,NULL,NULL,48),(763,'A01707','title not known','date not known',22,NULL,NULL,48),(764,'A00869','title not known','1806–7',42,NULL,NULL,48),(765,'A01072','Study for Catherine. Verso: Upminster Common','1902',11,NULL,NULL,50),(766,'A01563','title not known','date not known',22,NULL,NULL,51),(767,'A00470','title not known','date not known',22,NULL,NULL,52),(768,'A00658','title not known','date not known',22,NULL,NULL,52),(769,'A01407','title not known','date not known',22,NULL,NULL,52),(770,'A01675','title not known','date not known',22,NULL,NULL,52),(771,'A01677','title not known','date not known',22,NULL,NULL,55),(772,'A01093','The Tailor Returning Home','c.1902',31,NULL,NULL,56),(773,'A01101','Simpkin Goes Out','c.1902',31,NULL,NULL,56),(774,'A01109','‘No More Twist’','c.1902',31,NULL,NULL,56),(775,'A00544','title not known','date not known',22,NULL,NULL,57),(776,'A00670','title not known','date not known',22,NULL,NULL,57),(777,'A01438','title not known','date not known',22,NULL,NULL,57),(778,'A01643','title not known','date not known',22,NULL,NULL,57),(779,'A01709','title not known','date not known',22,NULL,NULL,57),(780,'A00012','Job and his Family','1828, reprinted 1874',5,NULL,NULL,58),(781,'A00020','The Vision of Eliphaz','1825, reprinted 1874',5,NULL,NULL,58),(782,'A00028','The Vision of Christ','1825, reprinted 1874',5,NULL,NULL,58),(783,'A00006','Ciampolo the Barrator Tormented by the Devils','1826–7, reprinted 1892',5,NULL,NULL,59),(784,'A00014','Job’s Sons and Daughters Overwhelmed by Satan','1825, reprinted 1874',5,NULL,NULL,59),(785,'A00022','Job’s Evil Dreams','1825, reprinted 1874',5,NULL,NULL,59),(786,'A00030','Every Man also Gave him a Piece of Money','1825, reprinted 1874',5,NULL,NULL,59),(787,'A01154','Moonlight at Sea','date not known',44,NULL,NULL,61),(788,'A00837','The Holy Family with the Infant St John','1788–9',33,NULL,NULL,65),(789,'A00740','Head of Falstaff','c.1851',26,NULL,NULL,67),(790,'A00859','title not known','published 1818',39,NULL,NULL,67),(791,'A01152','The Stork and Aqueduct','date not known',44,NULL,NULL,68),(792,'A00035','Songs of Innocence and of Experience: Infant Sorrow','1794, reprinted 1831 or later',5,NULL,NULL,71),(793,'A00170','Horse’s Head','date not known',12,NULL,NULL,75),(794,'A00503','title not known','date not known',22,NULL,NULL,75),(795,'A00569','title not known','date not known',22,NULL,NULL,75),(796,'A00685','title not known','date not known',22,NULL,NULL,75),(797,'A01307','title not known','date not known',22,NULL,NULL,75),(798,'A01516','title not known','date not known',22,NULL,NULL,75),(799,'A01541','title not known','date not known',22,NULL,NULL,75),(800,'A01560','title not known','date not known',22,NULL,NULL,75),(801,'A01601','title not known','date not known',22,NULL,NULL,75),(802,'A01614','title not known','date not known',22,NULL,NULL,75),(803,'A01030','The Meeting','1931',1,NULL,NULL,77),(804,'A00588','title not known','date not known',22,NULL,NULL,77),(805,'A00699','title not known','date not known',22,NULL,NULL,77),(806,'A01474','title not known','date not known',22,NULL,NULL,77),(807,'A01640','title not known','date not known',22,NULL,NULL,77),(808,'A00172','Two Naval Pensioners with Shipping Behind','date not known',12,NULL,NULL,79),(809,'A00183','Landscape with Windmill','date not known',12,NULL,NULL,79),(810,'A00600','title not known','date not known',22,NULL,NULL,79),(811,'A01234','title not known','date not known',22,NULL,NULL,79),(812,'A01527','title not known','date not known',22,NULL,NULL,79),(813,'A00819','The Archangel Raphael','date not known',29,2,4,79),(814,'A00880','title not known','c.1858',43,NULL,NULL,79),(815,'A00888','title not known','c.1858',43,NULL,NULL,79),(816,'A00896','title not known','c.1858',43,NULL,NULL,79),(817,'A00904','title not known','c.1858',43,NULL,NULL,79),(818,'A00053','title not known','date not known',NULL,NULL,NULL,79),(819,'A00187','Costume Study: Woman with Umbrella. Verso: erased figure study','date not known',12,NULL,NULL,80),(820,'A00686','title not known','date not known',22,NULL,NULL,83),(821,'A01523','title not known','date not known',22,NULL,NULL,83),(822,'A00478','title not known','date not known',22,NULL,NULL,85),(823,'A01211','title not known','date not known',22,NULL,NULL,85),(824,'A01473','title not known','date not known',22,NULL,NULL,85),(825,'A01016','Study for Heraldic Glass','1893',45,NULL,NULL,85),(826,'A00114','Thenot Remonstrates with Colinet; Lightfoot in the Distance','c. 1821, printed 1830',5,NULL,NULL,88),(827,'A00122','Colinet with his Shepherd’s Pipe, Mocked by Two Boys','c. 1821, printed 1830',5,NULL,NULL,88),(828,'A00161','The Chamber Idyll','1831',10,2,6,88),(829,'A00733','Abram and the Angel','published 1881',25,NULL,NULL,88),(830,'A00744','title not known','published 1843',27,NULL,NULL,88),(831,'A00752','title not known','published 1843',27,NULL,NULL,88),(832,'A00760','title not known','published 1843',27,NULL,NULL,88),(833,'A00768','title not known','published 1843',27,NULL,NULL,88),(834,'A00776','title not known','published 1843',27,NULL,NULL,88),(835,'A00784','title not known','published 1843',27,NULL,NULL,88),(836,'A00792','The Lost Sheep','published 1864',28,2,4,88),(837,'A00800','The Sower','published 1864',28,2,4,88),(838,'A00808','The Good Samaritan','published 1864',28,2,4,88),(839,'A00829','Moses Strikes the Rock','1865',32,NULL,NULL,88),(840,'A00849','Study for Illustration','date not known',37,2,4,88),(841,'A00623','title not known','date not known',22,NULL,NULL,85),(842,'A00709','title not known','date not known',24,NULL,NULL,2),(843,'A00717','title not known','date not known',24,NULL,NULL,2),(844,'A00725','title not known','date not known',24,NULL,NULL,2),(845,'A01083','An Arm and a Hand','c.1933–8',21,NULL,NULL,3),(846,'A00076','St Oswald','1875',7,2,4,4),(847,'A00923','The Strawyard','1808',44,NULL,NULL,10),(848,'A00939','Lake Thun, Switzerland','1808',44,NULL,NULL,10),(849,'A00958','Coast of Yorkshire, near Whitby','1811',44,NULL,NULL,10),(850,'A00976','St Catherine’s Hill, near Guildford','1811',44,NULL,NULL,10),(851,'A01000','Peat Bog, Scotland','1812',44,NULL,NULL,10),(852,'A01114','Mill near the Grand Chartreuse','1816',44,NULL,NULL,10),(853,'A00921','Jason','1807',44,NULL,NULL,11),(854,'A00937','Dunstanborough Castle','1808',44,NULL,NULL,11),(855,'A00954','Juvenile Tricks','1811',44,NULL,NULL,11),(856,'A00974','Young Anglers','1811',44,NULL,NULL,11),(857,'A00996','The Bridge and Goats','1812',44,NULL,NULL,11),(858,'A01112','Solitude','1814',44,2,5,11),(859,'A01131','The Alcove, Isleworth','1819',44,NULL,NULL,11),(860,'A01155','The Deluge','date not known',44,NULL,NULL,12),(861,'A00926','The Castle above the Meadows, engraved by Charles Turner','1808',44,NULL,NULL,13),(862,'A00948','Little Devil’s Bridge, engraved by Charles Turner','1809',44,1,7,13),(863,'A00969','Marine Dabblers, engraved by William Say','1811',44,NULL,NULL,13),(864,'A00987','Scene in the Campagna, engraved by William Say','1812',44,NULL,NULL,13),(865,'A01011','Mer de Glace','1812',44,1,7,13),(866,'A01126','The Source of the Arveron','1816',44,1,7,13),(867,'A01147','Interior of a Church','1819',44,NULL,NULL,13),(868,'A00990','The Mildmay Sea-piece','1812',44,NULL,NULL,14),(869,'A01178','Woman at a Window, Reading a Letter','date not known',46,NULL,NULL,14),(870,'A00936','The Bridge in Middle Distance, engraved by Charles Turner','1808',44,NULL,NULL,16),(871,'A01001','Peat Bog, Scotland, engraved by George Clint','1812',44,NULL,NULL,18),(872,'A00558','title not known','date not known',22,NULL,NULL,22),(873,'A01463','title not known','date not known',22,NULL,NULL,22),(874,'A00641','title not known','date not known',22,NULL,NULL,23),(875,'A01038','D.G. Rossetti Precociously Manifesting ... that Queer Indifference to Politics ...','1916–7',3,NULL,NULL,25),(876,'A01046','Woolner at Farringford, 1857','1917',3,NULL,NULL,25),(877,'A01054','Riverside Scene. Algernon Swinburne Takes his Great New Friend Gosse to See Gabriel Rossetti','1916',3,NULL,NULL,25),(878,'A00061','Study of a Standing Woman for ‘The Passing of Venus’','1877',7,2,4,25),(879,'A00494','title not known','date not known',22,NULL,NULL,25),(880,'A01546','title not known','date not known',22,NULL,NULL,25),(881,'A01035','title not known','1959',2,NULL,NULL,26),(882,'A00058','Study of a Sleeping Woman’s Head, possibly for ‘The Rose Bower’ in the ‘Briar Rose’ Series','c.1871–3',7,2,4,26),(883,'A00071','Female Head','date not known',7,2,4,26),(884,'A00085','Composition Study for ‘The Merciful Knight’','c.1863',7,2,4,26),(885,'A00095','Study of a Seated Woman for ‘The Hours’','c.1866',7,2,4,26),(886,'A00105','Composition Study for ‘Clerk Saunders’','c.1861',7,2,4,26),(887,'A01162','Study for ‘Buondelmonte’s Wedding’','c.1859',7,2,4,26),(888,'A01176','The Nativity','date not known',7,2,4,26),(889,'A00138','Haupt Markt and St Sebald, Nuremberg','1846',9,NULL,NULL,26),(890,'A00146','Rathaus, Eisenach','1852',9,NULL,NULL,26),(891,'A00154','St Michael and Belfry, Ghent','1844',9,NULL,NULL,26),(892,'A00200','title not known','date not known',18,NULL,NULL,26),(893,'A00210','title not known','date not known',18,NULL,NULL,26),(894,'A00526','title not known','date not known',22,NULL,NULL,26),(895,'A01217','title not known','date not known',22,NULL,NULL,26),(896,'A01513','title not known','date not known',22,NULL,NULL,26),(897,'A01633','title not known','date not known',22,NULL,NULL,26),(898,'A00818','Design for Tapestry','date not known',29,2,4,26),(899,'A00866','Studies of Angels etc. for the Dome of St Paul’s','c.1862–7',41,NULL,NULL,26),(900,'A00043','Preliminary Sketch for ‘Christ Girding Himself with Strength’. Verso: Standing Figure with One Arm Raised','c.1805, c.1805–10',5,NULL,NULL,29),(901,'A00107','Study for Tile of the ‘Story of Beauty and the Beast’. Verso: Study for ‘Wine of Circe’','c.1862, c.1863',7,2,4,29),(902,'A00598','title not known','date not known',22,NULL,NULL,33),(903,'A01273','title not known','date not known',22,NULL,NULL,38),(904,'A00547','title not known','date not known',22,NULL,NULL,40),(905,'A00238','title not known','date not known',22,NULL,NULL,41),(906,'A00451','title not known','date not known',22,NULL,NULL,41),(907,'A00520','title not known','date not known',22,NULL,NULL,41),(908,'A00550','title not known','date not known',22,NULL,NULL,41),(909,'A00615','title not known','date not known',22,NULL,NULL,41),(910,'A00628','title not known','date not known',22,NULL,NULL,41),(911,'A00642','title not known','date not known',22,NULL,NULL,41),(912,'A00664','title not known','date not known',22,NULL,NULL,41),(913,'A00700','title not known','date not known',22,NULL,NULL,41),(914,'A01204','title not known','date not known',22,NULL,NULL,41),(915,'A01240','title not known','date not known',22,NULL,NULL,41),(916,'A01256','title not known','date not known',22,NULL,NULL,41),(917,'A01275','title not known','date not known',22,NULL,NULL,41),(918,'A01308','title not known','date not known',22,NULL,NULL,41),(919,'A01333','title not known','date not known',22,NULL,NULL,41),(920,'A01361','title not known','date not known',22,NULL,NULL,41),(921,'A01384','title not known','date not known',22,NULL,NULL,41),(922,'A01406','title not known','date not known',22,NULL,NULL,41),(923,'A01445','title not known','date not known',22,NULL,NULL,41),(924,'A01493','title not known','date not known',22,NULL,NULL,41),(925,'A01557','title not known','date not known',22,NULL,NULL,41),(926,'A01647','title not known','date not known',22,NULL,NULL,41),(927,'A01676','title not known','date not known',22,NULL,NULL,41),(928,'A01696','title not known','date not known',22,NULL,NULL,41),(929,'A01728','title not known','date not known',22,NULL,NULL,41),(930,'A01740','title not known','date not known',22,NULL,NULL,41),(931,'A00221','title not known','date not known',22,NULL,NULL,44),(932,'A00254','title not known','date not known',22,NULL,NULL,44),(933,'A00344','title not known','date not known',22,NULL,NULL,44),(934,'A00374','title not known','date not known',22,NULL,NULL,44),(935,'A00476','title not known','date not known',22,NULL,NULL,44),(936,'A00504','title not known','date not known',22,NULL,NULL,44),(937,'A00647','title not known','date not known',22,NULL,NULL,44),(938,'A01246','title not known','date not known',22,NULL,NULL,44),(939,'A01304','title not known','date not known',22,NULL,NULL,44),(940,'A01398','title not known','date not known',22,NULL,NULL,44),(941,'A01436','title not known','date not known',22,NULL,NULL,44),(942,'A01616','title not known','date not known',22,NULL,NULL,44),(943,'A01685','title not known','date not known',22,NULL,NULL,44),(944,'A01732','title not known','date not known',22,NULL,NULL,44),(945,'A01025','Head and Shoulders of a Woman','1833',46,NULL,NULL,44),(946,'A01075','title not known','1953',15,NULL,NULL,47),(947,'A00211','Old Sal for ‘At the Back of the North Wind’','c.1869',19,NULL,NULL,47),(948,'A00234','title not known','date not known',22,NULL,NULL,47),(949,'A00246','title not known','date not known',22,NULL,NULL,47),(950,'A00259','title not known','date not known',22,NULL,NULL,47),(951,'A00271','title not known','date not known',22,NULL,NULL,47),(952,'A00279','title not known','date not known',22,NULL,NULL,47),(953,'A00288','title not known','date not known',22,NULL,NULL,47),(954,'A00298','title not known','date not known',22,NULL,NULL,47),(955,'A00306','title not known','date not known',22,NULL,NULL,47),(956,'A00315','title not known','date not known',22,NULL,NULL,47),(957,'A00323','title not known','date not known',22,NULL,NULL,47),(958,'A00331','title not known','date not known',22,NULL,NULL,47),(959,'A00340','title not known','date not known',22,NULL,NULL,47),(960,'A00349','title not known','date not known',22,NULL,NULL,47),(961,'A00361','title not known','date not known',22,NULL,NULL,47),(962,'A00370','title not known','date not known',22,NULL,NULL,47),(963,'A00381','title not known','date not known',22,NULL,NULL,47),(964,'A00391','title not known','date not known',22,NULL,NULL,47),(965,'A00399','title not known','date not known',22,NULL,NULL,47),(966,'A00408','title not known','date not known',22,NULL,NULL,47),(967,'A00417','title not known','date not known',22,NULL,NULL,47),(968,'A00425','title not known','date not known',22,NULL,NULL,47),(969,'A00434','title not known','date not known',22,NULL,NULL,47),(970,'A00442','title not known','date not known',22,NULL,NULL,47),(971,'A00453','title not known','date not known',22,NULL,NULL,47),(972,'A00484','title not known','date not known',22,NULL,NULL,47),(973,'A00554','title not known','date not known',22,NULL,NULL,47),(974,'A01190','title not known','date not known',22,NULL,NULL,47),(975,'A01218','title not known','date not known',22,NULL,NULL,47),(976,'A01249','title not known','date not known',22,NULL,NULL,47),(977,'A01296','title not known','date not known',22,NULL,NULL,47),(978,'A01310','title not known','date not known',22,NULL,NULL,47),(979,'A01332','title not known','date not known',22,NULL,NULL,47),(980,'A01354','title not known','date not known',22,NULL,NULL,47),(981,'A01376','title not known','date not known',22,NULL,NULL,47),(982,'A01405','title not known','date not known',22,NULL,NULL,47),(983,'A01428','title not known','date not known',22,NULL,NULL,47),(984,'A01460','title not known','date not known',22,NULL,NULL,47),(985,'A01481','title not known','date not known',22,NULL,NULL,47),(986,'A01498','title not known','date not known',22,NULL,NULL,47),(987,'A01528','title not known','date not known',22,NULL,NULL,47),(988,'A01602','title not known','date not known',22,NULL,NULL,47),(989,'A01623','title not known','date not known',22,NULL,NULL,47),(990,'A01658','title not known','date not known',22,NULL,NULL,47),(991,'A01741','title not known','date not known',22,NULL,NULL,47),(992,'A00876','title not known','1806–7',42,NULL,NULL,47),(993,'A01079','title not known','1953',15,NULL,NULL,48),(994,'A00230','title not known','date not known',22,NULL,NULL,48),(995,'A00239','title not known','date not known',22,NULL,NULL,48),(996,'A00252','title not known','date not known',22,NULL,NULL,48),(997,'A00263','title not known','date not known',22,NULL,NULL,48),(998,'A00275','title not known','date not known',22,NULL,NULL,48),(999,'A00284','title not known','date not known',22,NULL,NULL,48),(1000,'A00294','title not known','date not known',22,NULL,NULL,48),(1001,'A00302','title not known','date not known',22,NULL,NULL,48),(1002,'A00310','title not known','date not known',22,NULL,NULL,48),(1003,'A00319','title not known','date not known',22,NULL,NULL,48),(1004,'A00327','title not known','date not known',22,NULL,NULL,48),(1005,'A00336','title not known','date not known',22,NULL,NULL,48),(1006,'A00345','title not known','date not known',22,NULL,NULL,48),(1007,'A00355','title not known','date not known',22,NULL,NULL,48),(1008,'A00365','title not known','date not known',22,NULL,NULL,48),(1009,'A00377','title not known','date not known',22,NULL,NULL,48),(1010,'A00386','title not known','date not known',22,NULL,NULL,48),(1011,'A00395','title not known','date not known',22,NULL,NULL,48),(1012,'A00404','title not known','date not known',22,NULL,NULL,48),(1013,'A00413','title not known','date not known',22,NULL,NULL,48),(1014,'A00421','title not known','date not known',22,NULL,NULL,48),(1015,'A00429','title not known','date not known',22,NULL,NULL,48),(1016,'A00438','title not known','date not known',22,NULL,NULL,48),(1017,'A00446','title not known','date not known',22,NULL,NULL,48),(1018,'A00463','title not known','date not known',22,NULL,NULL,48),(1019,'A00509','title not known','date not known',22,NULL,NULL,48),(1020,'A00627','title not known','date not known',22,NULL,NULL,48),(1021,'A01208','title not known','date not known',22,NULL,NULL,48),(1022,'A01230','title not known','date not known',22,NULL,NULL,48),(1023,'A01282','title not known','date not known',22,NULL,NULL,48),(1024,'A01301','title not known','date not known',22,NULL,NULL,48),(1025,'A01321','title not known','date not known',22,NULL,NULL,48),(1026,'A01343','title not known','date not known',22,NULL,NULL,48),(1027,'A01364','title not known','date not known',22,NULL,NULL,48),(1028,'A01393','title not known','date not known',22,NULL,NULL,48),(1029,'A01418','title not known','date not known',22,NULL,NULL,48),(1030,'A01446','title not known','date not known',22,NULL,NULL,48),(1031,'A01472','title not known','date not known',22,NULL,NULL,48),(1032,'A01487','title not known','date not known',22,NULL,NULL,48),(1033,'A01507','title not known','date not known',22,NULL,NULL,48),(1034,'A01580','title not known','date not known',22,NULL,NULL,48),(1035,'A01618','title not known','date not known',22,NULL,NULL,48),(1036,'A01638','title not known','date not known',22,NULL,NULL,48),(1037,'A01724','title not known','date not known',22,NULL,NULL,48),(1038,'A00870','title not known','1806–7',42,NULL,NULL,48),(1039,'A00528','title not known','date not known',22,NULL,NULL,51),(1040,'A01598','title not known','date not known',22,NULL,NULL,51),(1041,'A00472','title not known','date not known',22,NULL,NULL,52),(1042,'A00671','title not known','date not known',22,NULL,NULL,52),(1043,'A01494','title not known','date not known',22,NULL,NULL,52),(1044,'A01721','title not known','date not known',22,NULL,NULL,52),(1045,'A01683','title not known','date not known',22,NULL,NULL,55),(1046,'A01094','Simpkin Housekeeping','c.1902',31,NULL,NULL,56),(1047,'A01102','Simpkin in the Snowy Street','c.1902',31,NULL,NULL,56),(1048,'A01110','The Mice Stitching Button-Holes','c.1902',31,NULL,NULL,56),(1049,'A00556','title not known','date not known',22,NULL,NULL,57),(1050,'A00693','title not known','date not known',22,NULL,NULL,57),(1051,'A01439','title not known','date not known',22,NULL,NULL,57),(1052,'A01670','title not known','date not known',22,NULL,NULL,57),(1053,'A00005','The Circle of the Lustful: Francesca da Rimini (‘The Whirlwind of Lovers’)','1826–7, reprinted 1892',5,NULL,NULL,58),(1054,'A00013','Satan before the Throne of God','1825, reprinted 1874',5,NULL,NULL,58),(1055,'A00021','Job Rebuked by his Friends','1825, reprinted 1874',5,NULL,NULL,58),(1056,'A00029','Job’s Sacrifice','1825, reprinted 1874',5,NULL,NULL,58),(1057,'A00007','The Baffled Devils Fighting','1826–7, reprinted 1892',5,NULL,NULL,59),(1058,'A00015','The Messengers tell Job of his Misfortunes','1825, reprinted 1874',5,NULL,NULL,59),(1059,'A00023','The Wrath of Elihu','1825, reprinted 1874',5,NULL,NULL,59),(1060,'A00031','Job and his Daughters','1825, reprinted 1874',5,NULL,NULL,59),(1061,'A01116','Entrance of Calais Harbour','1816',44,NULL,NULL,62),(1062,'A00839','Ruth and Naomi','1876–7',35,NULL,NULL,65),(1063,'A00852','title not known','published 1818',39,NULL,NULL,67),(1064,'A00860','title not known','published 1818',39,NULL,NULL,67),(1065,'A01156','Flounder Fishing, Battersea','date not known',44,NULL,NULL,68),(1066,'A00036','‘Songs of Innocence and of Experience’: ‘Infant Sorrow’','1794, reprinted 1831 or later',5,NULL,NULL,71),(1067,'A00175','Naval Pensioner','date not known',12,NULL,NULL,75),(1068,'A00513','title not known','date not known',22,NULL,NULL,75),(1069,'A00570','title not known','date not known',22,NULL,NULL,75),(1070,'A00692','title not known','date not known',22,NULL,NULL,75),(1071,'A01324','title not known','date not known',22,NULL,NULL,75),(1072,'A01517','title not known','date not known',22,NULL,NULL,75),(1073,'A01544','title not known','date not known',22,NULL,NULL,75),(1074,'A01562','title not known','date not known',22,NULL,NULL,75),(1075,'A01604','title not known','date not known',22,NULL,NULL,75),(1076,'A01650','title not known','date not known',22,NULL,NULL,75),(1077,'A01031','The Arrival','1931',1,NULL,NULL,77),(1078,'A00593','title not known','date not known',22,NULL,NULL,77),(1079,'A01219','title not known','date not known',22,NULL,NULL,77),(1080,'A01475','title not known','date not known',22,NULL,NULL,77),(1081,'A01641','title not known','date not known',22,NULL,NULL,77),(1082,'A00176','Bridge and Castle','date not known',12,NULL,NULL,79),(1083,'A00195','Cows in a Landscape','date not known',17,NULL,NULL,79),(1084,'A00601','title not known','date not known',22,NULL,NULL,79),(1085,'A01268','title not known','date not known',22,NULL,NULL,79),(1086,'A01539','title not known','date not known',22,NULL,NULL,79),(1087,'A00820','The Archangel Gabriel','date not known',29,2,4,79),(1088,'A00881','title not known','c.1858',43,NULL,NULL,79),(1089,'A00889','title not known','c.1858',43,NULL,NULL,79),(1090,'A00897','title not known','c.1858',43,NULL,NULL,79),(1091,'A00905','title not known','c.1858',43,NULL,NULL,79),(1092,'A00054','title not known','date not known',NULL,NULL,NULL,79),(1093,'A00188','Studies of Farm Hands and a Coat on a Fence. Verso: tracing of farm boy from recto','date not known',12,NULL,NULL,80),(1094,'A00687','title not known','date not known',22,NULL,NULL,83),(1095,'A01526','title not known','date not known',22,NULL,NULL,83),(1096,'A00508','title not known','date not known',22,NULL,NULL,85),(1097,'A01245','title not known','date not known',22,NULL,NULL,85),(1098,'A01573','title not known','date not known',22,NULL,NULL,85),(1099,'A01018','Emblems of Saints Luke and John','1863',45,NULL,NULL,85),(1100,'A00115','Thenot, with Colinet Waving his Arms in Sorrow','c. 1821, printed 1830',5,NULL,NULL,88),(1101,'A00123','‘For him Our Yearly Wakes and Feasts We Hold’','c. 1821, printed 1830',5,NULL,NULL,88),(1102,'A00162','The Cyder Feast','1828',10,2,6,88),(1103,'A00734','Samson at the Mill','published 1881',25,NULL,NULL,88),(1104,'A00745','title not known','published 1843',27,NULL,NULL,88),(1105,'A00753','title not known','published 1843',27,NULL,NULL,88),(1106,'A00761','title not known','published 1843',27,NULL,NULL,88),(1107,'A00769','title not known','published 1843',27,NULL,NULL,88),(1108,'A00777','title not known','published 1843',27,NULL,NULL,88),(1109,'A00785','title not known','published 1843',27,NULL,NULL,88),(1110,'A00793','The Pharisee and the Publican','published 1864',28,2,4,88),(1111,'A00801','The Lost Piece of Silver','published 1864',28,2,4,88),(1112,'A00809','The Unmerciful Servant','published 1864',28,2,4,88),(1113,'A00830','By the Waters of Babylon','1865',32,NULL,NULL,88),(1114,'A00710','title not known','date not known',24,NULL,NULL,2),(1115,'A00718','title not known','date not known',24,NULL,NULL,2),(1116,'A00726','title not known','date not known',24,NULL,NULL,2),(1117,'A01084','Recumbent Model','c.1933–8',21,NULL,NULL,3),(1118,'A00077','St Boniface','1875',7,2,4,4),(1119,'A00925','The Castle above the Meadows','1808',44,NULL,NULL,10),(1120,'A00941','The Fifth Plague of Egypt','1808',44,NULL,NULL,10),(1121,'A00960','Hindhead Hill','1811',44,NULL,NULL,10),(1122,'A00978','Martello Towers, nr Bexhill, Sussex','1811',44,NULL,NULL,10),(1123,'A01002','Rispah','1812',44,NULL,NULL,10),(1124,'A01117','Dunblane Abbey, Scotland','1816',44,NULL,NULL,10),(1125,'A00923','The Strawyard','1808',44,NULL,NULL,11),(1126,'A00939','Lake Thun, Switzerland','1808',44,NULL,NULL,11),(1127,'A00958','Coast of Yorkshire, near Whitby','1811',44,NULL,NULL,11),(1128,'A00976','St Catherine’s Hill, near Guildford','1811',44,NULL,NULL,11),(1129,'A01000','Peat Bog, Scotland','1812',44,NULL,NULL,11),(1130,'A01114','Mill near the Grand Chartreuse','1816',44,NULL,NULL,11),(1131,'A00949','Little Devil’s Bridge','1809',44,NULL,NULL,12),(1132,'A01157','Flounder Fishing, Battersea','date not known',44,NULL,NULL,12),(1133,'A00928','Mt St Gothard, engraved by Charles Turner','1808',44,NULL,NULL,13),(1134,'A00951','The Leader Sea Piece, engraved by Charles Turner','1809',44,NULL,NULL,13),(1135,'A00971','Near Blair Athol Scotland, engraved by William Say','1811',44,NULL,NULL,13),(1136,'A00991','The Mildmay Sea Piece, engraved by Wiliam Annis and J.C. Easling','1812',44,NULL,NULL,13),(1137,'A01013','Rivaux Abbey, engraved by Henry Dawe','1812',44,NULL,NULL,13),(1138,'A01128','The Tenth Plague of Egypt, engraved by William Say','1816',44,NULL,NULL,13),(1139,'A01149','Christ and the Woman of Samaria','1819',44,NULL,NULL,13),(1140,'A00992','Procris and Cephalus','c.1811–2',44,NULL,NULL,14),(1141,'A01183','Reading the Will','1819',46,NULL,NULL,14),(1142,'A00938','Dunstanborough Castle, engraved by Charles Turner','1808',44,NULL,NULL,16),(1143,'A01135','Bonneville, Savoy','1816',44,NULL,NULL,18),(1144,'A00585','title not known','date not known',22,NULL,NULL,22),(1145,'A00480','title not known','date not known',22,NULL,NULL,23),(1146,'A00644','title not known','date not known',22,NULL,NULL,23),(1147,'A01039','British Stock and Alien Inspiration, 1849','1917',3,NULL,NULL,25),(1148,'A01047','Blue China','1916',3,NULL,NULL,25),(1149,'A01055','Mr Browning Brings a Lady of Rank and Fashion to See Mr Rossetti','1916',3,NULL,NULL,25),(1150,'A00062','Study of a Seated Woman for ‘The Passing of Venus’','c.1877',7,2,4,25),(1151,'A00502','title not known','date not known',22,NULL,NULL,25),(1152,'A01551','title not known','date not known',22,NULL,NULL,25),(1153,'A01036','title not known','1959',2,NULL,NULL,26),(1154,'A00059','Study of a Man’s Head','1866',7,2,4,26),(1155,'A00072','Ruth and Boaz','1879',7,2,4,26),(1156,'A00086','Nude Study of Knight for ‘The Merciful Knight’','c.1863',7,2,4,26),(1157,'A00096','Study of a Reclining Figure','date not known',7,2,4,26),(1158,'A00106','Head of a Man','c.1861',7,2,4,26),(1159,'A01163','Composition Study for ‘Ezekiel and the Boiling Pot’','c.1860',7,2,4,26),(1160,'A00131','Frankfurt','1840',9,NULL,NULL,26),(1161,'A00139','Markt, Coburg','1863',9,NULL,NULL,26),(1162,'A00147','Quai on the Moselle','1860',9,NULL,NULL,26),(1163,'A00155','Botzen','1846',9,NULL,NULL,26),(1164,'A00201','title not known','date not known',18,NULL,NULL,26),(1165,'A00217','Landscape Sketch','date not known',20,NULL,NULL,26),(1166,'A00530','title not known','date not known',22,NULL,NULL,26),(1167,'A01221','title not known','date not known',22,NULL,NULL,26),(1168,'A01519','title not known','date not known',22,NULL,NULL,26),(1169,'A01691','title not known','date not known',22,NULL,NULL,26),(1170,'A00822','Lycia: A Xanthian Youth','1843–4',30,NULL,NULL,26),(1171,'A00875','title not known','1806–7',42,NULL,NULL,26),(1172,'A00044','Lower Half of a Woman Playing a Harp. Verso: Seraphim and Other Drawings','c.1785, c.?1807',5,NULL,NULL,29),(1173,'A01574','title not known','date not known',22,NULL,NULL,29),(1174,'A00638','title not known','date not known',22,NULL,NULL,33),(1175,'A01456','title not known','date not known',22,NULL,NULL,38),(1176,'A00548','title not known','date not known',22,NULL,NULL,40),(1177,'A00240','title not known','date not known',22,NULL,NULL,41),(1178,'A00455','title not known','date not known',22,NULL,NULL,41),(1179,'A00536','title not known','date not known',22,NULL,NULL,41),(1180,'A00552','title not known','date not known',22,NULL,NULL,41),(1181,'A00616','title not known','date not known',22,NULL,NULL,41),(1182,'A00629','title not known','date not known',22,NULL,NULL,41),(1183,'A00648','title not known','date not known',22,NULL,NULL,41),(1184,'A00667','title not known','date not known',22,NULL,NULL,41),(1185,'A00701','title not known','date not known',22,NULL,NULL,41),(1186,'A01205','title not known','date not known',22,NULL,NULL,41),(1187,'A01241','title not known','date not known',22,NULL,NULL,41),(1188,'A01257','title not known','date not known',22,NULL,NULL,41),(1189,'A01278','title not known','date not known',22,NULL,NULL,41),(1190,'A01312','title not known','date not known',22,NULL,NULL,41),(1191,'A01335','title not known','date not known',22,NULL,NULL,41),(1192,'A01363','title not known','date not known',22,NULL,NULL,41),(1193,'A01386','title not known','date not known',22,NULL,NULL,41),(1194,'A01415','title not known','date not known',22,NULL,NULL,41),(1195,'A01448','title not known','date not known',22,NULL,NULL,41),(1196,'A01496','title not known','date not known',22,NULL,NULL,41),(1197,'A01585','title not known','date not known',22,NULL,NULL,41),(1198,'A01661','title not known','date not known',22,NULL,NULL,41),(1199,'A01678','title not known','date not known',22,NULL,NULL,41),(1200,'A01703','title not known','date not known',22,NULL,NULL,41),(1201,'A01733','title not known','date not known',22,NULL,NULL,41),(1202,'A00868','title not known','c.1806–7',42,NULL,NULL,41),(1203,'A00223','title not known','date not known',22,NULL,NULL,44),(1204,'A00268','title not known','date not known',22,NULL,NULL,44),(1205,'A00351','title not known','date not known',22,NULL,NULL,44),(1206,'A00388','title not known','date not known',22,NULL,NULL,44),(1207,'A00483','title not known','date not known',22,NULL,NULL,44),(1208,'A00510','title not known','date not known',22,NULL,NULL,44),(1209,'A00661','title not known','date not known',22,NULL,NULL,44),(1210,'A01279','title not known','date not known',22,NULL,NULL,44),(1211,'A01311','title not known','date not known',22,NULL,NULL,44),(1212,'A01410','title not known','date not known',22,NULL,NULL,44),(1213,'A01451','title not known','date not known',22,NULL,NULL,44),(1214,'A01626','title not known','date not known',22,NULL,NULL,44),(1215,'A01688','title not known','date not known',22,NULL,NULL,44),(1216,'A00824','Lycia: Women in Near Eastern Dress','1843–4',30,NULL,NULL,44),(1217,'A01071','Catherine the Younger and Hareton. Verso: study of cows','date not known',11,NULL,NULL,45),(1218,'A01076','title not known','1953',15,NULL,NULL,47),(1219,'A00219','title not known','date not known',22,NULL,NULL,47),(1220,'A00235','title not known','date not known',22,NULL,NULL,47),(1221,'A00247','title not known','date not known',22,NULL,NULL,47),(1222,'A00260','title not known','date not known',22,NULL,NULL,47),(1223,'A00272','title not known','date not known',22,NULL,NULL,47),(1224,'A00280','title not known','date not known',22,NULL,NULL,47),(1225,'A00289','title not known','date not known',22,NULL,NULL,47),(1226,'A00299','title not known','date not known',22,NULL,NULL,47),(1227,'A00307','title not known','date not known',22,NULL,NULL,47),(1228,'A00316','title not known','date not known',22,NULL,NULL,47),(1229,'A00324','title not known','date not known',22,NULL,NULL,47),(1230,'A00332','title not known','date not known',22,NULL,NULL,47),(1231,'A00341','title not known','date not known',22,NULL,NULL,47),(1232,'A00350','title not known','date not known',22,NULL,NULL,47),(1233,'A00362','title not known','date not known',22,NULL,NULL,47),(1234,'A00371','title not known','date not known',22,NULL,NULL,47),(1235,'A00383','title not known','date not known',22,NULL,NULL,47),(1236,'A00392','title not known','date not known',22,NULL,NULL,47),(1237,'A00400','title not known','date not known',22,NULL,NULL,47),(1238,'A00410','title not known','date not known',22,NULL,NULL,47),(1239,'A00418','title not known','date not known',22,NULL,NULL,47),(1240,'A00426','title not known','date not known',22,NULL,NULL,47),(1241,'A00435','title not known','date not known',22,NULL,NULL,47),(1242,'A00443','title not known','date not known',22,NULL,NULL,47),(1243,'A00457','title not known','date not known',22,NULL,NULL,47),(1244,'A00491','title not known','date not known',22,NULL,NULL,47),(1245,'A00603','title not known','date not known',22,NULL,NULL,47),(1246,'A01191','title not known','date not known',22,NULL,NULL,47),(1247,'A01223','title not known','date not known',22,NULL,NULL,47),(1248,'A01263','title not known','date not known',22,NULL,NULL,47),(1249,'A01297','title not known','date not known',22,NULL,NULL,47),(1250,'A01315','title not known','date not known',22,NULL,NULL,47),(1251,'A01334','title not known','date not known',22,NULL,NULL,47),(1252,'A01355','title not known','date not known',22,NULL,NULL,47),(1253,'A01378','title not known','date not known',22,NULL,NULL,47),(1254,'A01409','title not known','date not known',22,NULL,NULL,47),(1255,'A01430','title not known','date not known',22,NULL,NULL,47),(1256,'A01462','title not known','date not known',22,NULL,NULL,47),(1257,'A01482','title not known','date not known',22,NULL,NULL,47),(1258,'A01499','title not known','date not known',22,NULL,NULL,47),(1259,'A01531','title not known','date not known',22,NULL,NULL,47),(1260,'A01608','title not known','date not known',22,NULL,NULL,47),(1261,'A01625','title not known','date not known',22,NULL,NULL,47),(1262,'A01663','title not known','date not known',22,NULL,NULL,47),(1263,'A00864','Project for the Facade of the Tate Gallery','c.1893',40,NULL,NULL,47),(1264,'A00877','Sketch for ‘The Pilgrimage to Canterbury’, with a compositional sketch, a key to the figures, and studies of heads and figures','1806–7',42,NULL,NULL,47),(1265,'A01080','title not known','1959',15,NULL,NULL,48),(1266,'A00231','title not known','date not known',22,NULL,NULL,48),(1267,'A00241','title not known','date not known',22,NULL,NULL,48),(1268,'A00253','title not known','date not known',22,NULL,NULL,48),(1269,'A00264','title not known','date not known',22,NULL,NULL,48),(1270,'A00276','title not known','date not known',22,NULL,NULL,48),(1271,'A00285','title not known','date not known',22,NULL,NULL,48),(1272,'A00295','title not known','date not known',22,NULL,NULL,48),(1273,'A00303','title not known','date not known',22,NULL,NULL,48),(1274,'A00311','title not known','date not known',22,NULL,NULL,48),(1275,'A00320','title not known','date not known',22,NULL,NULL,48),(1276,'A00328','title not known','date not known',22,NULL,NULL,48),(1277,'A00337','title not known','date not known',22,NULL,NULL,48),(1278,'A00346','title not known','date not known',22,NULL,NULL,48),(1279,'A00357','title not known','date not known',22,NULL,NULL,48),(1280,'A00366','title not known','date not known',22,NULL,NULL,48),(1281,'A00378','title not known','date not known',22,NULL,NULL,48),(1282,'A00387','title not known','date not known',22,NULL,NULL,48),(1283,'A00396','title not known','date not known',22,NULL,NULL,48),(1284,'A00405','title not known','date not known',22,NULL,NULL,48),(1285,'A00414','title not known','date not known',22,NULL,NULL,48),(1286,'A00422','title not known','date not known',22,NULL,NULL,48),(1287,'A00430','title not known','date not known',22,NULL,NULL,48),(1288,'A00439','title not known','date not known',22,NULL,NULL,48),(1289,'A00447','title not known','date not known',22,NULL,NULL,48),(1290,'A00464','title not known','date not known',22,NULL,NULL,48),(1291,'A00539','title not known','date not known',22,NULL,NULL,48),(1292,'A00645','title not known','date not known',22,NULL,NULL,48),(1293,'A01213','title not known','date not known',22,NULL,NULL,48),(1294,'A01235','title not known','date not known',22,NULL,NULL,48),(1295,'A01285','title not known','date not known',22,NULL,NULL,48),(1296,'A01302','title not known','date not known',22,NULL,NULL,48),(1297,'A01322','title not known','date not known',22,NULL,NULL,48),(1298,'A01347','title not known','date not known',22,NULL,NULL,48),(1299,'A01366','title not known','date not known',22,NULL,NULL,48),(1300,'A01397','title not known','date not known',22,NULL,NULL,48),(1301,'A01425','title not known','date not known',22,NULL,NULL,48),(1302,'A01447','title not known','date not known',22,NULL,NULL,48),(1303,'A01478','title not known','date not known',22,NULL,NULL,48),(1304,'A01488','title not known','date not known',22,NULL,NULL,48),(1305,'A01510','title not known','date not known',22,NULL,NULL,48),(1306,'A01588','title not known','date not known',22,NULL,NULL,48),(1307,'A01619','title not known','date not known',22,NULL,NULL,48),(1308,'A01644','title not known','date not known',22,NULL,NULL,48),(1309,'A01725','title not known','date not known',22,NULL,NULL,48),(1310,'A00872','title not known','1806–7',42,NULL,NULL,48),(1311,'A00551','title not known','date not known',22,NULL,NULL,51),(1312,'A01642','title not known','date not known',22,NULL,NULL,51),(1313,'A00473','title not known','date not known',22,NULL,NULL,52),(1314,'A01271','title not known','date not known',22,NULL,NULL,52),(1315,'A01506','title not known','date not known',22,NULL,NULL,52),(1316,'A01722','title not known','date not known',22,NULL,NULL,52),(1317,'A00575','title not known','date not known',22,NULL,NULL,56),(1318,'A01095','The Tailor by the Hearth','c.1902',31,NULL,NULL,56),(1319,'A01103','Simpkin Hears the Mice','c.1902',31,NULL,NULL,56),(1320,'A00474','title not known','date not known',22,NULL,NULL,57),(1321,'A00559','title not known','date not known',22,NULL,NULL,57),(1322,'A00694','title not known','date not known',22,NULL,NULL,57),(1323,'A01441','title not known','date not known',22,NULL,NULL,57),(1324,'A01672','title not known','date not known',22,NULL,NULL,57),(1325,'A00006','Ciampolo the Barrator Tormented by the Devils','1826–7, reprinted 1892',5,NULL,NULL,58),(1326,'A00014','Job’s Sons and Daughters Overwhelmed by Satan','1825, reprinted 1874',5,NULL,NULL,58),(1327,'A00022','Job’s Evil Dreams','1825, reprinted 1874',5,NULL,NULL,58),(1328,'A00030','Every Man also Gave him a Piece of Money','1825, reprinted 1874',5,NULL,NULL,58),(1329,'A00008','The Six-Footed Serpent Attacking Agnolo Brunelleschi','1826–7, reprinted 1892',5,NULL,NULL,59),(1330,'A00016','Satan Going Forth from the Presence of the Lord, and Job’s Charity','1825, reprinted 1874',5,NULL,NULL,59),(1331,'A00024','The Lord Answering Job out of the Whirlwind','1825, reprinted 1874',5,NULL,NULL,59),(1332,'A00032','Job and his Family Restored to Prosperity','1825, reprinted 1874',5,NULL,NULL,59),(1333,'A01188','Solway Moss, engraved by Thomas Lupton','1816',44,NULL,NULL,62),(1334,'A00840','Ruth and Boaz','1876–7',35,NULL,NULL,65),(1335,'A00853','title not known','published 1818',39,NULL,NULL,67),(1336,'A00861','title not known','published 1818',39,NULL,NULL,67),(1337,'A01158','Narcissus and Echo','date not known',44,NULL,NULL,68),(1338,'A00037','‘Songs of Innocence and of Experience’: ‘Spring’','1794, reprinted 1831 or later',5,NULL,NULL,71),(1339,'A00184','Landscape','date not known',12,NULL,NULL,75),(1340,'A00518','title not known','date not known',22,NULL,NULL,75),(1341,'A00571','title not known','date not known',22,NULL,NULL,75),(1342,'A00696','title not known','date not known',22,NULL,NULL,75),(1343,'A01360','title not known','date not known',22,NULL,NULL,75),(1344,'A01518','title not known','date not known',22,NULL,NULL,75),(1345,'A01548','title not known','date not known',22,NULL,NULL,75),(1346,'A01565','title not known','date not known',22,NULL,NULL,75),(1347,'A01605','title not known','date not known',22,NULL,NULL,75),(1348,'A01700','title not known','date not known',22,NULL,NULL,75),(1349,'A01032','The Bedroom','1931',1,NULL,NULL,77),(1350,'A00594','title not known','date not known',22,NULL,NULL,77),(1351,'A01243','title not known','date not known',22,NULL,NULL,77),(1352,'A01489','title not known','date not known',22,NULL,NULL,77),(1353,'A01655','title not known','date not known',22,NULL,NULL,77),(1354,'A00177','Caernarvon Castle','date not known',12,NULL,NULL,79),(1355,'A00462','title not known','date not known',22,NULL,NULL,79),(1356,'A00681','title not known','date not known',22,NULL,NULL,79),(1357,'A01342','title not known','date not known',22,NULL,NULL,79),(1358,'A01568','title not known','date not known',22,NULL,NULL,79),(1359,'A00821','Lycia: A Burdock','1843–4',30,NULL,NULL,79),(1360,'A00882','title not known','c.1858',43,NULL,NULL,79),(1361,'A00890','title not known','c.1858',43,NULL,NULL,79),(1362,'A00898','title not known','c.1858',43,NULL,NULL,79),(1363,'A00906','title not known','c.1858',43,NULL,NULL,79),(1364,'A00055','title not known','date not known',NULL,NULL,NULL,79),(1365,'A01351','title not known','date not known',22,NULL,NULL,81),(1366,'A01231','title not known','date not known',22,NULL,NULL,83),(1367,'A01540','title not known','date not known',22,NULL,NULL,83),(1368,'A00566','title not known','date not known',22,NULL,NULL,85),(1369,'A01262','title not known','date not known',22,NULL,NULL,85),(1370,'A01575','title not known','date not known',22,NULL,NULL,85),(1371,'A01019','Emblems of Saints Matthew and Mark','1863',45,NULL,NULL,85),(1372,'A00116','The Blighted Corn','c. 1821, printed 1830',5,NULL,NULL,88),(1373,'A00124','Thenot and Colinet Folding their Flocks together at Sunset','c. 1821, printed 1830',5,NULL,NULL,88),(1374,'A00163','The Lady and the Rooks','1829',10,2,6,88),(1375,'A00735','Eliezer and Rebekah','published 1881',25,NULL,NULL,88),(1376,'A00746','title not known','published 1843',27,NULL,NULL,88),(1377,'A00754','title not known','published 1843',27,NULL,NULL,88),(1378,'A00762','title not known','published 1843',27,NULL,NULL,88),(1379,'A00770','title not known','published 1843',27,NULL,NULL,88),(1380,'A00778','title not known','published 1843',27,NULL,NULL,88),(1381,'A00786','title not known','published 1843',27,NULL,NULL,88),(1382,'A00794','The Wise Virgins','published 1864',28,2,4,88),(1383,'A00802','The Foolish Virgins','published 1864',28,2,4,88),(1384,'A00810','The Hidden Treasure','published 1864',28,2,4,88),(1385,'A00831','Miriam','1864',32,NULL,NULL,88),(1386,'A00190','Wooded Landscape with Three Cows at a Pool','c.1785–8, reprinted 1797',13,NULL,NULL,1),(1387,'A00711','title not known','date not known',24,NULL,NULL,2),(1388,'A00719','title not known','date not known',24,NULL,NULL,2),(1389,'A00727','title not known','date not known',24,NULL,NULL,2),(1390,'A01085','Reclining Model','c.1933–8',21,NULL,NULL,3),(1391,'A00065','Figure Study for ‘The Rose Bower’ (Briar Rose Series). Verso: Study of the Head of Merlin for ‘The Beguiling of Merlin’','c.1872–7',7,2,4,5),(1392,'A00927','Mount St Gothard','1808',44,NULL,NULL,10),(1393,'A00943','The Farmyard with the Cock','1809',44,NULL,NULL,10),(1394,'A00962','London from Greenwich','1811',44,NULL,NULL,10),(1395,'A00980','Inverary Pier','1811',44,NULL,NULL,10),(1396,'A01004','Hedging and Ditching','1812',44,NULL,NULL,10),(1397,'A01121','Berry Pomeroy Castle','1816',44,NULL,NULL,10),(1398,'A00925','The Castle above the Meadows','1808',44,NULL,NULL,11),(1399,'A00941','The Fifth Plague of Egypt','1808',44,NULL,NULL,11),(1400,'A00960','Hindhead Hill','1811',44,NULL,NULL,11),(1401,'A00978','Martello Towers, nr Bexhill, Sussex','1811',44,NULL,NULL,11),(1402,'A01002','Rispah','1812',44,NULL,NULL,11),(1403,'A01117','Dunblane Abbey, Scotland','1816',44,NULL,NULL,11),(1404,'A01014','Rivaux Abbey, Yorkshire','1812',44,NULL,NULL,12),(1405,'A00912','Frontispiece, engraved by J.C. Easling','1812',44,NULL,NULL,13),(1406,'A00930','Ships in a Breeze, engraved by Charles Turner','1808',44,NULL,NULL,13),(1407,'A00953','Morpeth, engraved by Charles Turner','1809',44,NULL,NULL,13),(1408,'A00973','Lauffenburgh on the Rhine, engraved by Thomas Hodgetts','1811',44,NULL,NULL,13),(1409,'A00993','Procris and Cephalus, engraved by George Clint','1812',44,NULL,NULL,13),(1410,'A01113','Solitude, engraved by William Say','1814',44,2,5,13),(1411,'A01130','Water Cress Gatherers, engraved by Thomas Lupton','1819',44,NULL,NULL,13),(1412,'A00911','Frontispiece','1812',44,NULL,NULL,14),(1413,'A01119','Norham Castle on the Tweed','1816',44,NULL,NULL,14),(1414,'A01186','The Flemish Mother','1820',46,NULL,NULL,14),(1415,'A00967','The Junction of the Severn and the Wye','1811',44,NULL,NULL,16),(1416,'A00924','The Straw Yard, engraved by Charles Turner','1808',44,NULL,NULL,19),(1417,'A00597','title not known','date not known',22,NULL,NULL,22),(1418,'A00505','title not known','date not known',22,NULL,NULL,23),(1419,'A00657','title not known','date not known',22,NULL,NULL,23),(1420,'A01040','Rossetti’s Courtship','1916',3,NULL,NULL,25),(1421,'A01048','The Small Hours in the ‘Sixties at 16 Cheyne Walk','1916',3,NULL,NULL,25),(1422,'A01056','Mr William Bell Scott Wondering What It is Those Fellows Seem to See in Gabriel','1916',3,NULL,NULL,25),(1423,'A00129','Design for a Window: Ethelbert','date not known',7,2,4,25),(1424,'A00516','title not known','date not known',22,NULL,NULL,25),(1425,'A01554','title not known','date not known',22,NULL,NULL,25),(1426,'A01037','title not known','1959',2,NULL,NULL,26),(1427,'A00060','Study of a Girl’s Head','1866',7,2,4,26),(1428,'A00073','The Finding of Moses','1879',7,2,4,26),(1429,'A00087','Nude Study of the Knight for ‘The Merciful Knight’','c.1863',7,2,4,26),(1430,'A00097','Head of a Girl','c.1861',7,2,4,26),(1431,'A00108','Study for ‘Pluto and Proserpine Listening to the Music of Orpheus’','c.1875',7,2,4,26),(1432,'A01164','Composition Study for ‘Ezekiel and the Boiling Pot’','c.1860',7,2,4,26),(1433,'A00132','Frauenkirche, Nuremberg','1846',9,NULL,NULL,26),(1434,'A00140','Coburg','1863',9,NULL,NULL,26),(1435,'A00148','Place St Pharailde, Ghent','1850',9,NULL,NULL,26),(1436,'A00156','Innsbruck','1846',9,NULL,NULL,26),(1437,'A00203','title not known','date not known',18,NULL,NULL,26),(1438,'A00218','Landscape Sketch','date not known',20,NULL,NULL,26),(1439,'A00532','title not known','date not known',22,NULL,NULL,26),(1440,'A01325','title not known','date not known',22,NULL,NULL,26),(1441,'A01536','title not known','date not known',22,NULL,NULL,26),(1442,'A01712','title not known','date not known',22,NULL,NULL,26),(1443,'A00823','Lycia: A Xanthian Boy with a Bow','1843–4',30,NULL,NULL,26),(1444,'A01017','Study for Heraldic Glass','1893',45,NULL,NULL,26),(1445,'A00047','Composition Sketch, Possibly a Subject from Dante. Verso: A Man Standing over a Figure Reclining on a Bed','?1824–7, ?c.1800–10',5,NULL,NULL,29),(1446,'A01578','title not known','date not known',22,NULL,NULL,29),(1447,'A00527','title not known','date not known',22,NULL,NULL,34),(1448,'A01457','title not known','date not known',22,NULL,NULL,38),(1449,'A01385','title not known','date not known',22,NULL,NULL,40),(1450,'A00243','title not known','date not known',22,NULL,NULL,41),(1451,'A00471','title not known','date not known',22,NULL,NULL,41),(1452,'A00537','title not known','date not known',22,NULL,NULL,41),(1453,'A00553','title not known','date not known',22,NULL,NULL,41),(1454,'A00617','title not known','date not known',22,NULL,NULL,41),(1455,'A00630','title not known','date not known',22,NULL,NULL,41),(1456,'A00649','title not known','date not known',22,NULL,NULL,41),(1457,'A00669','title not known','date not known',22,NULL,NULL,41),(1458,'A01189','title not known','date not known',22,NULL,NULL,41),(1459,'A01207','title not known','date not known',22,NULL,NULL,41),(1460,'A01247','title not known','date not known',22,NULL,NULL,41),(1461,'A01261','title not known','date not known',22,NULL,NULL,41),(1462,'A01287','title not known','date not known',22,NULL,NULL,41),(1463,'A01314','title not known','date not known',22,NULL,NULL,41),(1464,'A01337','title not known','date not known',22,NULL,NULL,41),(1465,'A01365','title not known','date not known',22,NULL,NULL,41),(1466,'A01387','title not known','date not known',22,NULL,NULL,41),(1467,'A01419','title not known','date not known',22,NULL,NULL,41),(1468,'A01461','title not known','date not known',22,NULL,NULL,41),(1469,'A01500','title not known','date not known',22,NULL,NULL,41),(1470,'A01587','title not known','date not known',22,NULL,NULL,41),(1471,'A01665','title not known','date not known',22,NULL,NULL,41),(1472,'A01679','title not known','date not known',22,NULL,NULL,41),(1473,'A01710','title not known','date not known',22,NULL,NULL,41),(1474,'A01734','title not known','date not known',22,NULL,NULL,41),(1475,'A01408','title not known','date not known',22,NULL,NULL,42),(1476,'A00225','title not known','date not known',22,NULL,NULL,44),(1477,'A00269','title not known','date not known',22,NULL,NULL,44),(1478,'A00354','title not known','date not known',22,NULL,NULL,44),(1479,'A00402','title not known','date not known',22,NULL,NULL,44),(1480,'A00485','title not known','date not known',22,NULL,NULL,44),(1481,'A00511','title not known','date not known',22,NULL,NULL,44),(1482,'A00666','title not known','date not known',22,NULL,NULL,44),(1483,'A01284','title not known','date not known',22,NULL,NULL,44),(1484,'A01313','title not known','date not known',22,NULL,NULL,44),(1485,'A01412','title not known','date not known',22,NULL,NULL,44),(1486,'A01454','title not known','date not known',22,NULL,NULL,44),(1487,'A01632','title not known','date not known',22,NULL,NULL,44),(1488,'A01695','title not known','date not known',22,NULL,NULL,44),(1489,'A00838','Fettered Nude Figure Reclining by a Rock','c.1825',34,NULL,NULL,44),(1490,'A00185','Sketch for ‘Crossing Lancaster Sands’','date not known',12,NULL,NULL,45),(1491,'A01077','title not known','1953',15,NULL,NULL,47),(1492,'A00222','title not known','date not known',22,NULL,NULL,47),(1493,'A00236','title not known','date not known',22,NULL,NULL,47),(1494,'A00249','title not known','date not known',22,NULL,NULL,47),(1495,'A00261','title not known','date not known',22,NULL,NULL,47),(1496,'A00273','title not known','date not known',22,NULL,NULL,47),(1497,'A00281','title not known','date not known',22,NULL,NULL,47),(1498,'A00291','title not known','date not known',22,NULL,NULL,47),(1499,'A00300','title not known','date not known',22,NULL,NULL,47),(1500,'A00308','title not known','date not known',22,NULL,NULL,47),(1501,'A00317','title not known','date not known',22,NULL,NULL,47),(1502,'A00325','title not known','date not known',22,NULL,NULL,47),(1503,'A00333','title not known','date not known',22,NULL,NULL,47),(1504,'A00342','title not known','date not known',22,NULL,NULL,47),(1505,'A00352','title not known','date not known',22,NULL,NULL,47),(1506,'A00363','title not known','date not known',22,NULL,NULL,47),(1507,'A00375','title not known','date not known',22,NULL,NULL,47),(1508,'A00384','title not known','date not known',22,NULL,NULL,47),(1509,'A00393','title not known','date not known',22,NULL,NULL,47),(1510,'A00401','title not known','date not known',22,NULL,NULL,47),(1511,'A00411','title not known','date not known',22,NULL,NULL,47),(1512,'A00419','title not known','date not known',22,NULL,NULL,47),(1513,'A00427','title not known','date not known',22,NULL,NULL,47),(1514,'A00436','title not known','date not known',22,NULL,NULL,47),(1515,'A00444','title not known','date not known',22,NULL,NULL,47),(1516,'A00459','title not known','date not known',22,NULL,NULL,47),(1517,'A00500','title not known','date not known',22,NULL,NULL,47),(1518,'A00610','title not known','date not known',22,NULL,NULL,47),(1519,'A01199','title not known','date not known',22,NULL,NULL,47),(1520,'A01224','title not known','date not known',22,NULL,NULL,47),(1521,'A01274','title not known','date not known',22,NULL,NULL,47),(1522,'A01299','title not known','date not known',22,NULL,NULL,47),(1523,'A01319','title not known','date not known',22,NULL,NULL,47),(1524,'A01336','title not known','date not known',22,NULL,NULL,47),(1525,'A01357','title not known','date not known',22,NULL,NULL,47),(1526,'A01380','title not known','date not known',22,NULL,NULL,47),(1527,'A01411','title not known','date not known',22,NULL,NULL,47),(1528,'A01434','title not known','date not known',22,NULL,NULL,47),(1529,'A01470','title not known','date not known',22,NULL,NULL,47),(1530,'A01483','title not known','date not known',22,NULL,NULL,47),(1531,'A01502','title not known','date not known',22,NULL,NULL,47),(1532,'A01564','title not known','date not known',22,NULL,NULL,47),(1533,'A01615','title not known','date not known',22,NULL,NULL,47),(1534,'A01628','title not known','date not known',22,NULL,NULL,47),(1535,'A01686','title not known','date not known',22,NULL,NULL,47),(1536,'A00865','Project for the Facade of the Tate Gallery','c.1893',40,NULL,NULL,47),(1537,'A01173','Dido (tracing of A01172)','date not known',7,2,4,48),(1538,'A01081','title not known','1959',15,NULL,NULL,48),(1539,'A00232','title not known','date not known',22,NULL,NULL,48),(1540,'A00242','title not known','date not known',22,NULL,NULL,48),(1541,'A00256','title not known','date not known',22,NULL,NULL,48),(1542,'A00265','title not known','date not known',22,NULL,NULL,48),(1543,'A00277','title not known','date not known',22,NULL,NULL,48),(1544,'A00286','title not known','date not known',22,NULL,NULL,48),(1545,'A00296','title not known','date not known',22,NULL,NULL,48),(1546,'A00304','title not known','date not known',22,NULL,NULL,48),(1547,'A00312','title not known','date not known',22,NULL,NULL,48),(1548,'A00321','title not known','date not known',22,NULL,NULL,48),(1549,'A00329','title not known','date not known',22,NULL,NULL,48),(1550,'A00338','title not known','date not known',22,NULL,NULL,48),(1551,'A00347','title not known','date not known',22,NULL,NULL,48),(1552,'A00358','title not known','date not known',22,NULL,NULL,48),(1553,'A00367','title not known','date not known',22,NULL,NULL,48),(1554,'A00379','title not known','date not known',22,NULL,NULL,48),(1555,'A00389','title not known','date not known',22,NULL,NULL,48),(1556,'A00397','title not known','date not known',22,NULL,NULL,48),(1557,'A00406','title not known','date not known',22,NULL,NULL,48),(1558,'A00415','title not known','date not known',22,NULL,NULL,48),(1559,'A00423','title not known','date not known',22,NULL,NULL,48),(1560,'A00431','title not known','date not known',22,NULL,NULL,48),(1561,'A00440','title not known','date not known',22,NULL,NULL,48),(1562,'A00448','title not known','date not known',22,NULL,NULL,48),(1563,'A00466','title not known','date not known',22,NULL,NULL,48),(1564,'A00540','title not known','date not known',22,NULL,NULL,48),(1565,'A00676','title not known','date not known',22,NULL,NULL,48),(1566,'A01214','title not known','date not known',22,NULL,NULL,48),(1567,'A01236','title not known','date not known',22,NULL,NULL,48),(1568,'A01289','title not known','date not known',22,NULL,NULL,48),(1569,'A01306','title not known','date not known',22,NULL,NULL,48),(1570,'A01323','title not known','date not known',22,NULL,NULL,48),(1571,'A01348','title not known','date not known',22,NULL,NULL,48),(1572,'A01367','title not known','date not known',22,NULL,NULL,48),(1573,'A01399','title not known','date not known',22,NULL,NULL,48),(1574,'A01426','title not known','date not known',22,NULL,NULL,48),(1575,'A01450','title not known','date not known',22,NULL,NULL,48),(1576,'A01479','title not known','date not known',22,NULL,NULL,48),(1577,'A01490','title not known','date not known',22,NULL,NULL,48),(1578,'A01511','title not known','date not known',22,NULL,NULL,48),(1579,'A01590','title not known','date not known',22,NULL,NULL,48),(1580,'A01621','title not known','date not known',22,NULL,NULL,48),(1581,'A01649','title not known','date not known',22,NULL,NULL,48),(1582,'A01726','title not known','date not known',22,NULL,NULL,48),(1583,'A00873','title not known','1806–7',42,NULL,NULL,48),(1584,'A00688','title not known','date not known',22,NULL,NULL,51),(1585,'A01727','title not known','date not known',22,NULL,NULL,51),(1586,'A00475','title not known','date not known',22,NULL,NULL,52),(1587,'A01346','title not known','date not known',22,NULL,NULL,52),(1588,'A01652','title not known','date not known',22,NULL,NULL,52),(1589,'A00465','title not known','date not known',22,NULL,NULL,53),(1590,'A01664','title not known','date not known',22,NULL,NULL,56),(1591,'A01096','The Tailor Hears Noises','c.1902',31,NULL,NULL,56),(1592,'A01104','The Mice Sewing the Mayor’s Coat','c.1902',31,NULL,NULL,56),(1593,'A00479','title not known','date not known',22,NULL,NULL,57),(1594,'A00587','title not known','date not known',22,NULL,NULL,57),(1595,'A01239','title not known','date not known',22,NULL,NULL,57),(1596,'A01442','title not known','date not known',22,NULL,NULL,57),(1597,'A01687','title not known','date not known',22,NULL,NULL,57),(1598,'A00007','The Baffled Devils Fighting','1826–7, reprinted 1892',5,NULL,NULL,58),(1599,'A00015','The Messengers tell Job of his Misfortunes','1825, reprinted 1874',5,NULL,NULL,58),(1600,'A00023','The Wrath of Elihu','1825, reprinted 1874',5,NULL,NULL,58),(1601,'A00031','Job and his Daughters','1825, reprinted 1874',5,NULL,NULL,58),(1602,'A00009','The Serpent Attacking Buoso Donati','1826–7, reprinted 1892',5,NULL,NULL,59),(1603,'A00017','Satan Smiting Job with Sore Boils','1825, reprinted 1874',5,NULL,NULL,59),(1604,'A00025','When the Morning Stars Sang Together','1825, reprinted 1874',5,NULL,NULL,59),(1605,'A00157','The Bride','1828',10,2,6,59),(1606,'A00910','A Mountain Stream, Perhaps Bolton Glen','c.1810–5',44,NULL,NULL,63),(1607,'A00841','Naomi, Ruth and Obed','1876–7',35,NULL,NULL,65),(1608,'A00854','title not known','published 1818',39,NULL,NULL,67),(1609,'A00862','title not known','published 1818',39,NULL,NULL,67),(1610,'A01159','Sandbank and Gypsies','date not known',44,NULL,NULL,68),(1611,'A00038','‘Songs of Innocence’: Title-Page','1789, reprinted 1831 or later',5,NULL,NULL,71),(1612,'A00186','Costume Study: Peasant Woman','date not known',12,NULL,NULL,75),(1613,'A00519','title not known','date not known',22,NULL,NULL,75),(1614,'A00574','title not known','date not known',22,NULL,NULL,75),(1615,'A00698','title not known','date not known',22,NULL,NULL,75),(1616,'A01369','title not known','date not known',22,NULL,NULL,75),(1617,'A01522','title not known','date not known',22,NULL,NULL,75),(1618,'A01549','title not known','date not known',22,NULL,NULL,75),(1619,'A01566','title not known','date not known',22,NULL,NULL,75),(1620,'A01606','title not known','date not known',22,NULL,NULL,75),(1621,'A01729','title not known','date not known',22,NULL,NULL,75),(1622,'A01033','The Departure','1931',1,NULL,NULL,77),(1623,'A00595','title not known','date not known',22,NULL,NULL,77),(1624,'A01244','title not known','date not known',22,NULL,NULL,77),(1625,'A01508','title not known','date not known',22,NULL,NULL,77),(1626,'A01662','title not known','date not known',22,NULL,NULL,77),(1627,'A00178','Landscape','date not known',12,NULL,NULL,79),(1628,'A00562','title not known','date not known',22,NULL,NULL,79),(1629,'A00697','title not known','date not known',22,NULL,NULL,79),(1630,'A01356','title not known','date not known',22,NULL,NULL,79),(1631,'A01570','title not known','date not known',22,NULL,NULL,79),(1632,'A00842','David','1858–64',36,2,4,79),(1633,'A00883','title not known','c.1858',43,NULL,NULL,79),(1634,'A00891','title not known','c.1858',43,NULL,NULL,79),(1635,'A00899','title not known','c.1858',43,NULL,NULL,79),(1636,'A00907','title not known','c.1858',43,NULL,NULL,79),(1637,'A00056','title not known','date not known',NULL,NULL,NULL,79),(1638,'A01651','title not known','date not known',22,NULL,NULL,82),(1639,'A01255','title not known','date not known',22,NULL,NULL,83),(1640,'A01586','title not known','date not known',22,NULL,NULL,83),(1641,'A00578','title not known','date not known',22,NULL,NULL,85),(1642,'A00626','title not known','date not known',22,NULL,NULL,85),(1643,'A01283','title not known','date not known',22,NULL,NULL,85),(1644,'A01579','title not known','date not known',22,NULL,NULL,85),(1645,'A00001','A Figure Bowing before a Seated Old Man with his Arm Outstretched in Benediction. Verso: Indecipherable Sketch','date not known',4,NULL,NULL,86),(1646,'A00117','‘Nor Fox, nor Wolf, nor Rat among our Sheep’','c. 1821, printed 1830',5,NULL,NULL,88),(1647,'A00125','Thenot and Colinet at Supper','c. 1821, printed 1830',5,NULL,NULL,88),(1648,'A00164','The Return Home','1830',10,2,6,88),(1649,'A00736','Moses Views the Promised Land','published 1881',25,NULL,NULL,88),(1650,'A00747','title not known','published 1843',27,NULL,NULL,88),(1651,'A00755','title not known','published 1843',27,NULL,NULL,88),(1652,'A00763','title not known','published 1843',27,NULL,NULL,88),(1653,'A00771','title not known','published 1843',27,NULL,NULL,88),(1654,'A00779','title not known','published 1843',27,NULL,NULL,88),(1655,'A00787','title not known','published 1843',27,NULL,NULL,88),(1656,'A00795','The Unjust Judge and the Importunate Widow','published 1864',28,2,4,88),(1657,'A00803','The Importunate Friend','published 1864',28,2,4,88),(1658,'A00811','The Prodigal Son','published 1864',28,2,4,88),(1659,'A00832','Daniel’s Prayer','1865',32,NULL,NULL,88),(1660,'A00704','title not known','date not known',24,NULL,NULL,2),(1661,'A00712','title not known','date not known',24,NULL,NULL,2),(1662,'A00720','title not known','date not known',24,NULL,NULL,2),(1663,'A00728','title not known','date not known',24,NULL,NULL,2),(1664,'A01086','Seated Model','c.1933–8',21,NULL,NULL,3),(1665,'A00191','Study for ‘The Judgement of Solomon’. Verso: Study of a Head','c.1812–4',16,NULL,NULL,6),(1666,'A00929','Ships in a Breeze','1808',44,NULL,NULL,10),(1667,'A00945','The Fall of the Clyde','1809',44,NULL,NULL,10),(1668,'A00964','Windmill and Lock','1811',44,NULL,NULL,10),(1669,'A00982','From Spenser’s Fairy Queen','1811',44,NULL,NULL,10),(1670,'A01008','Chain of Alps from Grenoble to Chamberi','1812',44,NULL,NULL,10),(1671,'A01123','Ville de Thun, Switzerland','1816',44,NULL,NULL,10),(1672,'A00927','Mount St Gothard','1808',44,NULL,NULL,11),(1673,'A00943','The Farmyard with the Cock','1809',44,NULL,NULL,11),(1674,'A00962','London from Greenwich','1811',44,NULL,NULL,11),(1675,'A00980','Inverary Pier','1811',44,NULL,NULL,11),(1676,'A01004','Hedging and Ditching','1812',44,NULL,NULL,11),(1677,'A01121','Berry Pomeroy Castle','1816',44,NULL,NULL,11),(1678,'A01132','The Alcove, Isleworth','1819',44,NULL,NULL,12),(1679,'A00914','Bridge and Cows, engraved by Charles Turner','1807',44,NULL,NULL,13),(1680,'A00932','Holy Island Cathedral, engraved by Charles Turner','1808',44,NULL,NULL,13),(1681,'A00955','Juvenile Tricks, engraved by William Say','1811',44,NULL,NULL,13),(1682,'A00975','Young Anglers, engraved by Robert Dunkarton','1811',44,NULL,NULL,13),(1683,'A00995','Winchelsea, Sussex, engraved by J.C. Easling','1812',44,NULL,NULL,13),(1684,'A01115','Mill near the Grand Chartreuse, engraved by Henry Dawe','1816',44,NULL,NULL,13),(1685,'A01137','Inverary Castle and Town, Scotland, engraved by Charles Turner','1816',44,NULL,NULL,13),(1686,'A00913','Bridge and Cows','1807',44,NULL,NULL,14),(1687,'A01134','Bonneville, Savoy','1816',44,NULL,NULL,14),(1688,'A01181','The Cottage Door','date not known',46,NULL,NULL,15),(1689,'A00981','Inverary Pier. Loch Fyne. Morning','1811',44,NULL,NULL,16),(1690,'A00961','Hind Head Hill, engraved by Robert Dunkarton','1811',44,NULL,NULL,19),(1691,'A00604','title not known','date not known',22,NULL,NULL,22),(1692,'A00560','title not known','date not known',22,NULL,NULL,23),(1693,'A01340','title not known','date not known',22,NULL,NULL,23),(1694,'A01041','The Sole Remark Likely to Have Been Made by Benjamin Jowett about the Mural Paintings at the Oxford Union','1916',3,NULL,NULL,25),(1695,'A01049','Topsy and Ned Jones Settled on the Settle in Red Lion Square','1916',3,NULL,NULL,25),(1696,'A01057','The Man from Hymettus. Mr Frederick Leighton','1916',3,NULL,NULL,25),(1697,'A00130','Design for a Window: St James the Greater','date not known',7,2,4,25),(1698,'A00529','title not known','date not known',22,NULL,NULL,25),(1699,'A01569','title not known','date not known',22,NULL,NULL,25),(1700,'A00002','Two Drawings of Frightened Figures, Probably for ‘The Approach of Doom’','date not known',4,NULL,NULL,26),(1701,'A00063','Study of Seated Figure for ‘The Garden Court’ in the ‘Briar Rose’ Series','c.1873',7,2,4,26),(1702,'A00078','Study of the Head of Tristram for ‘The Madness of Sir Tristram’','c.1862',7,2,4,26),(1703,'A00088','Study of Knight for ‘The Merciful Knight’','c.1863',7,2,4,26),(1704,'A00098','Two Studies for the Head of the King in ‘King Cophetua and the Beggar Maid’','c.1880',7,2,4,26),(1705,'A00109','Sketch of Two Seated Figures: ‘Chant d’Amour’','c.1862–5',7,2,4,26),(1706,'A01165','Study of Ezekiel’s Hand for ‘Ezekiel and the Boiling Pot’','c.1860',7,2,4,26),(1707,'A00133','Giessen','1871',9,NULL,NULL,26),(1708,'A00141','Frankfurt','1846',9,NULL,NULL,26),(1709,'A00149','Vegetable Market, Ghent','date not known',9,NULL,NULL,26),(1710,'A00193','Study of Cows','date not known',17,NULL,NULL,26),(1711,'A00204','title not known','date not known',18,NULL,NULL,26),(1712,'A00493','title not known','date not known',22,NULL,NULL,26),(1713,'A00533','title not known','date not known',22,NULL,NULL,26),(1714,'A01328','title not known','date not known',22,NULL,NULL,26),(1715,'A01542','title not known','date not known',22,NULL,NULL,26),(1716,'A00812','Study for ‘The Black Brunswicker’','c.1860',28,2,4,26),(1717,'A00050','Tracing of Title-Page of Blake’s ‘Book of Job’','?c.1826',34,NULL,NULL,26),(1718,'A01069','Four Figures and a Cat. Verso: study of Hareton','date not known',11,NULL,NULL,27),(1719,'A00048','Composition Sketch. Verso: Standing Figure Holding a Spear','?c.1805–10',5,NULL,NULL,29),(1720,'A00535','title not known','date not known',22,NULL,NULL,30),(1721,'A01634','title not known','date not known',22,NULL,NULL,34),(1722,'A01547','title not known','date not known',22,NULL,NULL,38),(1723,'A01582','title not known','date not known',22,NULL,NULL,40),(1724,'A00255','title not known','date not known',22,NULL,NULL,41),(1725,'A00477','title not known','date not known',22,NULL,NULL,41),(1726,'A00538','title not known','date not known',22,NULL,NULL,41),(1727,'A00555','title not known','date not known',22,NULL,NULL,41),(1728,'A00618','title not known','date not known',22,NULL,NULL,41),(1729,'A00631','title not known','date not known',22,NULL,NULL,41),(1730,'A00651','title not known','date not known',22,NULL,NULL,41),(1731,'A00672','title not known','date not known',22,NULL,NULL,41),(1732,'A01194','title not known','date not known',22,NULL,NULL,41),(1733,'A01210','title not known','date not known',22,NULL,NULL,41),(1734,'A01248','title not known','date not known',22,NULL,NULL,41),(1735,'A01264','title not known','date not known',22,NULL,NULL,41),(1736,'A01288','title not known','date not known',22,NULL,NULL,41),(1737,'A01316','title not known','date not known',22,NULL,NULL,41),(1738,'A01341','title not known','date not known',22,NULL,NULL,41),(1739,'A01368','title not known','date not known',22,NULL,NULL,41),(1740,'A01388','title not known','date not known',22,NULL,NULL,41),(1741,'A01420','title not known','date not known',22,NULL,NULL,41),(1742,'A01465','title not known','date not known',22,NULL,NULL,41),(1743,'A01501','title not known','date not known',22,NULL,NULL,41),(1744,'A01591','title not known','date not known',22,NULL,NULL,41),(1745,'A01667','title not known','date not known',22,NULL,NULL,41),(1746,'A01680','title not known','date not known',22,NULL,NULL,41),(1747,'A01713','title not known','date not known',22,NULL,NULL,41),(1748,'A01735','title not known','date not known',22,NULL,NULL,41),(1749,'A01227','title not known','date not known',22,NULL,NULL,43),(1750,'A00226','title not known','date not known',22,NULL,NULL,44),(1751,'A00270','title not known','date not known',22,NULL,NULL,44),(1752,'A00356','title not known','date not known',22,NULL,NULL,44),(1753,'A00409','title not known','date not known',22,NULL,NULL,44),(1754,'A00487','title not known','date not known',22,NULL,NULL,44),(1755,'A00512','title not known','date not known',22,NULL,NULL,44),(1756,'A00682','title not known','date not known',22,NULL,NULL,44),(1757,'A01286','title not known','date not known',22,NULL,NULL,44),(1758,'A01339','title not known','date not known',22,NULL,NULL,44),(1759,'A01421','title not known','date not known',22,NULL,NULL,44),(1760,'A01458','title not known','date not known',22,NULL,NULL,44),(1761,'A01636','title not known','date not known',22,NULL,NULL,44),(1762,'A01705','title not known','date not known',22,NULL,NULL,44),(1763,'A00846','Study of a Man Smoking a Long Pipe','c.1849',36,2,4,44),(1764,'A01065','Catherine and Heathcliffe as Children. Verso: Fragmentary Figure','date not known',11,NULL,NULL,46),(1765,'A01078','title not known','1953',15,NULL,NULL,47),(1766,'A00224','title not known','date not known',22,NULL,NULL,47),(1767,'A00237','title not known','date not known',22,NULL,NULL,47),(1768,'A00251','title not known','date not known',22,NULL,NULL,47),(1769,'A00262','title not known','date not known',22,NULL,NULL,47),(1770,'A00274','title not known','date not known',22,NULL,NULL,47),(1771,'A00282','title not known','date not known',22,NULL,NULL,47),(1772,'A00293','title not known','date not known',22,NULL,NULL,47),(1773,'A00301','title not known','date not known',22,NULL,NULL,47),(1774,'A00309','title not known','date not known',22,NULL,NULL,47),(1775,'A00318','title not known','date not known',22,NULL,NULL,47),(1776,'A00326','title not known','date not known',22,NULL,NULL,47),(1777,'A00334','title not known','date not known',22,NULL,NULL,47),(1778,'A00343','title not known','date not known',22,NULL,NULL,47),(1779,'A00353','title not known','date not known',22,NULL,NULL,47),(1780,'A00364','title not known','date not known',22,NULL,NULL,47),(1781,'A00376','title not known','date not known',22,NULL,NULL,47),(1782,'A00385','title not known','date not known',22,NULL,NULL,47),(1783,'A00394','title not known','date not known',22,NULL,NULL,47),(1784,'A00403','title not known','date not known',22,NULL,NULL,47),(1785,'A00412','title not known','date not known',22,NULL,NULL,47),(1786,'A00420','title not known','date not known',22,NULL,NULL,47),(1787,'A00428','title not known','date not known',22,NULL,NULL,47),(1788,'A00437','title not known','date not known',22,NULL,NULL,47),(1789,'A00445','title not known','date not known',22,NULL,NULL,47),(1790,'A00461','title not known','date not known',22,NULL,NULL,47),(1791,'A00507','title not known','date not known',22,NULL,NULL,47),(1792,'A00612','title not known','date not known',22,NULL,NULL,47),(1793,'A01203','title not known','date not known',22,NULL,NULL,47),(1794,'A01226','title not known','date not known',22,NULL,NULL,47),(1795,'A01276','title not known','date not known',22,NULL,NULL,47),(1796,'A01300','title not known','date not known',22,NULL,NULL,47),(1797,'A01320','title not known','date not known',22,NULL,NULL,47),(1798,'A01338','title not known','date not known',22,NULL,NULL,47),(1799,'A01362','title not known','date not known',22,NULL,NULL,47),(1800,'A01382','title not known','date not known',22,NULL,NULL,47),(1801,'A01417','title not known','date not known',22,NULL,NULL,47),(1802,'A01435','title not known','date not known',22,NULL,NULL,47),(1803,'A01471','title not known','date not known',22,NULL,NULL,47),(1804,'A01485','title not known','date not known',22,NULL,NULL,47),(1805,'A01504','title not known','date not known',22,NULL,NULL,47),(1806,'A01572','title not known','date not known',22,NULL,NULL,47),(1807,'A01617','title not known','date not known',22,NULL,NULL,47),(1808,'A01629','title not known','date not known',22,NULL,NULL,47),(1809,'A01707','title not known','date not known',22,NULL,NULL,47),(1810,'A00869','title not known','1806–7',42,NULL,NULL,47),(1811,'A01074','title not known','1953',15,NULL,NULL,48),(1812,'A00192','Sir George Beaumont','1814',16,NULL,NULL,48),(1813,'A00233','title not known','date not known',22,NULL,NULL,48),(1814,'A00245','title not known','date not known',22,NULL,NULL,48),(1815,'A00258','title not known','date not known',22,NULL,NULL,48),(1816,'A00266','title not known','date not known',22,NULL,NULL,48),(1817,'A00278','title not known','date not known',22,NULL,NULL,48),(1818,'A00287','title not known','date not known',22,NULL,NULL,48),(1819,'A00297','title not known','date not known',22,NULL,NULL,48),(1820,'A00305','title not known','date not known',22,NULL,NULL,48),(1821,'A00314','title not known','date not known',22,NULL,NULL,48),(1822,'A00322','title not known','date not known',22,NULL,NULL,48),(1823,'A00330','title not known','date not known',22,NULL,NULL,48),(1824,'A00339','title not known','date not known',22,NULL,NULL,48),(1825,'A00348','title not known','date not known',22,NULL,NULL,48),(1826,'A00359','title not known','date not known',22,NULL,NULL,48),(1827,'A00369','title not known','date not known',22,NULL,NULL,48),(1828,'A00380','title not known','date not known',22,NULL,NULL,48),(1829,'A00390','title not known','date not known',22,NULL,NULL,48),(1830,'A00398','title not known','date not known',22,NULL,NULL,48),(1831,'A00407','title not known','date not known',22,NULL,NULL,48),(1832,'A00416','title not known','date not known',22,NULL,NULL,48),(1833,'A00424','title not known','date not known',22,NULL,NULL,48),(1834,'A00432','title not known','date not known',22,NULL,NULL,48),(1835,'A00441','title not known','date not known',22,NULL,NULL,48),(1836,'A00452','title not known','date not known',22,NULL,NULL,48),(1837,'A00467','title not known','date not known',22,NULL,NULL,48),(1838,'A00549','title not known','date not known',22,NULL,NULL,48),(1839,'A00678','title not known','date not known',22,NULL,NULL,48),(1840,'A01216','title not known','date not known',22,NULL,NULL,48),(1841,'A01238','title not known','date not known',22,NULL,NULL,48),(1842,'A01290','title not known','date not known',22,NULL,NULL,48),(1843,'A01309','title not known','date not known',22,NULL,NULL,48),(1844,'A01330','title not known','date not known',22,NULL,NULL,48),(1845,'A01349','title not known','date not known',22,NULL,NULL,48),(1846,'A01371','title not known','date not known',22,NULL,NULL,48),(1847,'A01404','title not known','date not known',22,NULL,NULL,48),(1848,'A01427','title not known','date not known',22,NULL,NULL,48),(1849,'A01452','title not known','date not known',22,NULL,NULL,48),(1850,'A01480','title not known','date not known',22,NULL,NULL,48),(1851,'A01497','title not known','date not known',22,NULL,NULL,48),(1852,'A01514','title not known','date not known',22,NULL,NULL,48),(1853,'A01593','title not known','date not known',22,NULL,NULL,48),(1854,'A01622','title not known','date not known',22,NULL,NULL,48),(1855,'A01656','title not known','date not known',22,NULL,NULL,48),(1856,'A01730','title not known','date not known',22,NULL,NULL,48),(1857,'A00874','Sketch for ‘The Pilgrimage to Canterbury’, with studies of heads, figures on horseback, and two group sketches','1806–7',42,NULL,NULL,48),(1858,'A01229','title not known','date not known',22,NULL,NULL,51),(1859,'A01731','title not known','date not known',22,NULL,NULL,51),(1860,'A00557','title not known','date not known',22,NULL,NULL,52),(1861,'A01391','title not known','date not known',22,NULL,NULL,52),(1862,'A01653','title not known','date not known',22,NULL,NULL,52),(1863,'A00531','title not known','date not known',22,NULL,NULL,53),(1864,'A01089','Frontispiece: The Tailor Mouse','c.1902',31,NULL,NULL,56),(1865,'A01097','The Mice Escape','c.1902',31,NULL,NULL,56),(1866,'A01105','The Mice Hear Simpkin Outside','c.1902',31,NULL,NULL,56),(1867,'A00481','title not known','date not known',22,NULL,NULL,57),(1868,'A00605','title not known','date not known',22,NULL,NULL,57),(1869,'A01277','title not known','date not known',22,NULL,NULL,57),(1870,'A01443','title not known','date not known',22,NULL,NULL,57),(1871,'A01689','title not known','date not known',22,NULL,NULL,57),(1872,'A00008','The Six-Footed Serpent Attacking Agnolo Brunelleschi','1826–7, reprinted 1892',5,NULL,NULL,58),(1873,'A00016','Satan Going Forth from the Presence of the Lord, and Job’s Charity','1825, reprinted 1874',5,NULL,NULL,58),(1874,'A00024','The Lord Answering Job out of the Whirlwind','1825, reprinted 1874',5,NULL,NULL,58),(1875,'A00032','Job and his Family Restored to Prosperity','1825, reprinted 1874',5,NULL,NULL,58),(1876,'A00010','The Pit of Disease: The Falsifiers','1826–7, reprinted 1892',5,NULL,NULL,59),(1877,'A00018','Job’s Comforters','1825, reprinted 1874',5,NULL,NULL,59),(1878,'A00026','Behemoth and Leviathan','1825, reprinted 1874',5,NULL,NULL,59),(1879,'A00158','The Sheep of his Pasture','c.1828',10,2,6,59),(1880,'A01026','The Broken Pitcher','c.1814',47,NULL,NULL,64),(1881,'A00909','The Death of Actaeon, with a Distant View of Montjovet, Val d’Aosta','c.1837',44,NULL,NULL,65),(1882,'A00855','title not known','published 1818',39,NULL,NULL,67),(1883,'A00863','title not known','published 1818',39,NULL,NULL,67),(1884,'A00956','Temple of Minerva Medica','1811',44,NULL,NULL,69),(1885,'A00039','‘Songs of Innocence’: Title-Page','1789, reprinted 1831 or later',5,NULL,NULL,71),(1886,'A00194','Sheep on the Road','date not known',17,NULL,NULL,75),(1887,'A00521','title not known','date not known',22,NULL,NULL,75),(1888,'A00579','title not known','date not known',22,NULL,NULL,75),(1889,'A01197','title not known','date not known',22,NULL,NULL,75),(1890,'A01370','title not known','date not known',22,NULL,NULL,75),(1891,'A01533','title not known','date not known',22,NULL,NULL,75),(1892,'A01550','title not known','date not known',22,NULL,NULL,75),(1893,'A01592','title not known','date not known',22,NULL,NULL,75),(1894,'A01609','title not known','date not known',22,NULL,NULL,75),(1895,'A00817','A Girl with a Flute','date not known',29,2,4,75),(1896,'A00561','title not known','date not known',22,NULL,NULL,77),(1897,'A00607','title not known','date not known',22,NULL,NULL,77),(1898,'A01266','title not known','date not known',22,NULL,NULL,77),(1899,'A01532','title not known','date not known',22,NULL,NULL,77),(1900,'A01684','title not known','date not known',22,NULL,NULL,77),(1901,'A00179','Landscape with Flock of Sheep','date not known',12,NULL,NULL,79),(1902,'A00563','title not known','date not known',22,NULL,NULL,79),(1903,'A01193','title not known','date not known',22,NULL,NULL,79),(1904,'A01449','title not known','date not known',22,NULL,NULL,79),(1905,'A01583','title not known','date not known',22,NULL,NULL,79),(1906,'A00843','The Adoration','1858–64',36,2,4,79),(1907,'A00884','title not known','c.1858',43,NULL,NULL,79),(1908,'A00892','title not known','c.1858',43,NULL,NULL,79),(1909,'A00900','title not known','c.1858',43,NULL,NULL,79),(1910,'A00908','title not known','c.1858',43,NULL,NULL,79),(1911,'A00168','Windmill. Verso: Foliage (?)','date not known',12,NULL,NULL,80),(1912,'A00596','title not known','date not known',22,NULL,NULL,83),(1913,'A01260','title not known','date not known',22,NULL,NULL,83),(1914,'A01603','title not known','date not known',22,NULL,NULL,83),(1915,'A00580','title not known','date not known',22,NULL,NULL,85),(1916,'A00668','title not known','date not known',22,NULL,NULL,85),(1917,'A01326','title not known','date not known',22,NULL,NULL,85),(1918,'A01581','title not known','date not known',22,NULL,NULL,85),(1919,'A01666','title not known','date not known',22,NULL,NULL,87),(1920,'A00118','Sabrina’s Silvery Flood','c. 1821, printed 1830',5,NULL,NULL,88),(1921,'A00126','‘With Songs the Jovial Hinds Return from Plow’','c. 1821, printed 1830',5,NULL,NULL,88),(1922,'A00165','The Bacchante, engraved by Welby Sherman','c.1825',10,2,6,88),(1923,'A00737','Death of the First Born','published 1881',25,NULL,NULL,88),(1924,'A00748','title not known','published 1843',27,NULL,NULL,88),(1925,'A00756','title not known','published 1843',27,NULL,NULL,88),(1926,'A00764','title not known','published 1843',27,NULL,NULL,88),(1927,'A00772','title not known','published 1843',27,NULL,NULL,88),(1928,'A00780','title not known','published 1843',27,NULL,NULL,88),(1929,'A00788','title not known','published 1843',27,NULL,NULL,88),(1930,'A00796','The Leaven','published 1864',28,2,4,88),(1931,'A00804','The Pearl of Great Price','published 1864',28,2,4,88),(1932,'A00825','Joseph Presents his Father to Pharoah','1864',32,NULL,NULL,88),(1933,'A00833','Joseph before Pharoah','1864',32,NULL,NULL,88),(1934,'A00705','title not known','date not known',24,NULL,NULL,2),(1935,'A00713','title not known','date not known',24,NULL,NULL,2),(1936,'A00721','title not known','date not known',24,NULL,NULL,2),(1937,'A00729','title not known','date not known',24,NULL,NULL,2),(1938,'A01087','Crouching Model from the Side','c.1933–8',21,NULL,NULL,3),(1939,'A01179','The Lost Receipt','date not known',46,NULL,NULL,7),(1940,'A00931','Holy Island Cathedral','1808',44,NULL,NULL,10),(1941,'A00947','Little Devil’s Bridge','1809',44,NULL,NULL,10),(1942,'A00966','Junction of Severn and Wye','1811',44,NULL,NULL,10),(1943,'A00984','Water-Mill','1812',44,NULL,NULL,10),(1944,'A01010','Mer de Glace','1812',44,1,7,10),(1945,'A01125','The Source of the Arveron','1816',44,NULL,NULL,10),(1946,'A00929','Ships in a Breeze','1808',44,NULL,NULL,11),(1947,'A00945','The Fall of the Clyde','1809',44,NULL,NULL,11),(1948,'A00964','Windmill and Lock','1811',44,NULL,NULL,11),(1949,'A00982','From Spenser’s Fairy Queen','1811',44,NULL,NULL,11),(1950,'A01008','Chain of Alps from Grenoble to Chamberi','1812',44,NULL,NULL,11),(1951,'A01123','Ville de Thun, Switzerland','1816',44,NULL,NULL,11),(1952,'A01133','The Alcove, Isleworth','1819',44,NULL,NULL,12),(1953,'A00916','Woman and Tambourine, engraved by Charles Turner','1807',44,NULL,NULL,13),(1954,'A00934','Pembury Mill, Kent, engraved by Charles Turner','1808',44,NULL,NULL,13),(1955,'A00957','Temple of Minerva Medica, engraved by Robert Dunkarton','1811',44,NULL,NULL,13),(1956,'A00977','St Catherine’s Hill near Guildford, engraved by J.C. Easling','1811',44,NULL,NULL,13),(1957,'A01003','Rispah, engraved by Robert Dunkarton','1812',44,NULL,NULL,13),(1958,'A01118','Dumblain Abbey, Scotland, engraved by Thomas Lupton','1816',44,NULL,NULL,13),(1959,'A01139','Aesacus and Hesperie','1819',44,NULL,NULL,13),(1960,'A00915','Woman and Tambourine','1807',44,NULL,NULL,14),(1961,'A01136','Inverary Castle and Town','1816',44,NULL,NULL,14),(1962,'A01182','The Cottage Door','date not known',46,NULL,NULL,15),(1963,'A00989','The Crypt of Kirkstall Abbey','1812',44,NULL,NULL,16),(1964,'A01111','Kinetic Realisation of T01744 made for Tate Gallery','1974',14,NULL,NULL,20),(1965,'A00643','title not known','date not known',22,NULL,NULL,22),(1966,'A00589','title not known','date not known',22,NULL,NULL,23),(1967,'A01561','title not known','date not known',22,NULL,NULL,23),(1968,'A01042','Miss Cornforth: ‘Oh, very pleased to meet Mr Ruskin, I’m sure’','1916',3,NULL,NULL,25),(1969,'A01050','Rossetti, having just had a fresh consignment of ‘stunning’ fabrics ... tries hard to prevail on his younger sister to accept ... one','1917',3,NULL,NULL,25),(1970,'A01058','Quis Custodiet Ipsum Custodem','1916',3,NULL,NULL,25),(1971,'A01169','Lovers in a Garden','?1863',7,2,4,25),(1972,'A01372','title not known','date not known',22,NULL,NULL,25),(1973,'A01576','title not known','date not known',22,NULL,NULL,25),(1974,'A00004','Six Drawings of Figures with Outstretched Arms','date not known',4,NULL,NULL,26),(1975,'A00064','Study of Seated Figure for ‘The Garden Court’ in the ‘Briar Rose’ Series','c.1873',7,2,4,26),(1976,'A00079','Two Studies of Tristram for ‘The Madness of Sir Tristram’','c.1862',7,2,4,26),(1977,'A00089','Nude Study of Knight for ‘The Merciful Knight’','c.1863',7,2,4,26),(1978,'A00099','Head of a Woman: ?Georgiana Burne-Jones','c.1861',7,2,4,26),(1979,'A00110','Sketch of Two Seated Figures for ?‘The Backgammon Players’','?c.1861',7,2,4,26),(1980,'A01166','Study of Ezekiel’s Arm and Hand for ‘Ezekiel and the Boiling Pot’','c.1860',7,2,4,26),(1981,'A00134','Prague','1874',9,NULL,NULL,26),(1982,'A00142','Rathaus, Hanover','1852',9,NULL,NULL,26),(1983,'A00150','Rotterdam','1845',9,NULL,NULL,26),(1984,'A00196','Study of a Horse','date not known',17,NULL,NULL,26),(1985,'A00206','title not known','date not known',18,NULL,NULL,26),(1986,'A00522','title not known','date not known',22,NULL,NULL,26),(1987,'A00534','title not known','date not known',22,NULL,NULL,26),(1988,'A01358','title not known','date not known',22,NULL,NULL,26),(1989,'A01545','title not known','date not known',22,NULL,NULL,26),(1990,'A00813','Study for ‘The Black Brunswicker’','c.1860',28,2,4,26),(1991,'A00845','Fanny Cornforth','1859',36,2,4,26),(1992,'A00202','title not known','date not known',18,NULL,NULL,28),(1993,'A00049','Composition Sketch for ‘The Fall of the Rebel Angels’? Verso: Standing Figure with Flaming Hair','?c.1805–10',5,NULL,NULL,29),(1994,'A00205','title not known','date not known',18,NULL,NULL,31),(1995,'A00492','title not known','date not known',22,NULL,NULL,35),(1996,'A01577','title not known','date not known',22,NULL,NULL,38),(1997,'A00212','The Drunken Cabman for ‘At the Back of the North Wind’','c.1870',19,NULL,NULL,41),(1998,'A00257','title not known','date not known',22,NULL,NULL,41),(1999,'A00486','title not known','date not known',22,NULL,NULL,41),(2000,'A00541','title not known','date not known',22,NULL,NULL,41),(2001,'A00583','title not known','date not known',22,NULL,NULL,41),(2002,'A00620','title not known','date not known',22,NULL,NULL,41),(2003,'A00632','title not known','date not known',22,NULL,NULL,41),(2004,'A00652','title not known','date not known',22,NULL,NULL,41),(2005,'A00674','title not known','date not known',22,NULL,NULL,41),(2006,'A01195','title not known','date not known',22,NULL,NULL,41),(2007,'A01215','title not known','date not known',22,NULL,NULL,41),(2008,'A01251','title not known','date not known',22,NULL,NULL,41),(2009,'A01265','title not known','date not known',22,NULL,NULL,41),(2010,'A01291','title not known','date not known',22,NULL,NULL,41),(2011,'A01318','title not known','date not known',22,NULL,NULL,41),(2012,'A01344','title not known','date not known',22,NULL,NULL,41),(2013,'A01374','title not known','date not known',22,NULL,NULL,41),(2014,'A01390','title not known','date not known',22,NULL,NULL,41),(2015,'A01423','title not known','date not known',22,NULL,NULL,41),(2016,'A01469','title not known','date not known',22,NULL,NULL,41),(2017,'A01505','title not known','date not known',22,NULL,NULL,41),(2018,'A01597','title not known','date not known',22,NULL,NULL,41),(2019,'A01668','title not known','date not known',22,NULL,NULL,41),(2020,'A01681','title not known','date not known',22,NULL,NULL,41),(2021,'A01714','title not known','date not known',22,NULL,NULL,41),(2022,'A01736','title not known','date not known',22,NULL,NULL,41),(2023,'A01064','Catherine Leaning on a Wall','c.1900–5',11,NULL,NULL,44),(2024,'A00228','title not known','date not known',22,NULL,NULL,44),(2025,'A00290','title not known','date not known',22,NULL,NULL,44),(2026,'A00360','title not known','date not known',22,NULL,NULL,44),(2027,'A00456','title not known','date not known',22,NULL,NULL,44),(2028,'A00488','title not known','date not known',22,NULL,NULL,44),(2029,'A00515','title not known','date not known',22,NULL,NULL,44),(2030,'A01206','title not known','date not known',22,NULL,NULL,44),(2031,'A01293','title not known','date not known',22,NULL,NULL,44),(2032,'A01350','title not known','date not known',22,NULL,NULL,44),(2033,'A01422','title not known','date not known',22,NULL,NULL,44),(2034,'A01495','title not known','date not known',22,NULL,NULL,44),(2035,'A01637','title not known','date not known',22,NULL,NULL,44),(2036,'A01706','title not known','date not known',22,NULL,NULL,44),(2037,'A00867','The First Drawing ... made for Ritson','c.1806–7',42,NULL,NULL,44),(2038,'A01068','Catherine Linton Seated at a Window During her Last Illness. Verso: Four Figures at Table','date not known',11,NULL,NULL,46),(2039,'A01079','title not known','1953',15,NULL,NULL,47),(2040,'A00230','title not known','date not known',22,NULL,NULL,47),(2041,'A00239','title not known','date not known',22,NULL,NULL,47),(2042,'A00252','title not known','date not known',22,NULL,NULL,47),(2043,'A00263','title not known','date not known',22,NULL,NULL,47),(2044,'A00275','title not known','date not known',22,NULL,NULL,47),(2045,'A00284','title not known','date not known',22,NULL,NULL,47),(2046,'A00294','title not known','date not known',22,NULL,NULL,47),(2047,'A00302','title not known','date not known',22,NULL,NULL,47),(2048,'A00310','title not known','date not known',22,NULL,NULL,47),(2049,'A00319','title not known','date not known',22,NULL,NULL,47),(2050,'A00327','title not known','date not known',22,NULL,NULL,47),(2051,'A00336','title not known','date not known',22,NULL,NULL,47),(2052,'A00345','title not known','date not known',22,NULL,NULL,47),(2053,'A00355','title not known','date not known',22,NULL,NULL,47),(2054,'A00365','title not known','date not known',22,NULL,NULL,47),(2055,'A00377','title not known','date not known',22,NULL,NULL,47),(2056,'A00386','title not known','date not known',22,NULL,NULL,47),(2057,'A00395','title not known','date not known',22,NULL,NULL,47),(2058,'A00404','title not known','date not known',22,NULL,NULL,47),(2059,'A00413','title not known','date not known',22,NULL,NULL,47),(2060,'A00421','title not known','date not known',22,NULL,NULL,47),(2061,'A00429','title not known','date not known',22,NULL,NULL,47),(2062,'A00438','title not known','date not known',22,NULL,NULL,47),(2063,'A00446','title not known','date not known',22,NULL,NULL,47),(2064,'A00463','title not known','date not known',22,NULL,NULL,47),(2065,'A00509','title not known','date not known',22,NULL,NULL,47),(2066,'A00627','title not known','date not known',22,NULL,NULL,47),(2067,'A01208','title not known','date not known',22,NULL,NULL,47),(2068,'A01230','title not known','date not known',22,NULL,NULL,47),(2069,'A01282','title not known','date not known',22,NULL,NULL,47),(2070,'A01301','title not known','date not known',22,NULL,NULL,47),(2071,'A01321','title not known','date not known',22,NULL,NULL,47),(2072,'A01343','title not known','date not known',22,NULL,NULL,47),(2073,'A01364','title not known','date not known',22,NULL,NULL,47),(2074,'A01393','title not known','date not known',22,NULL,NULL,47),(2075,'A01418','title not known','date not known',22,NULL,NULL,47),(2076,'A01446','title not known','date not known',22,NULL,NULL,47),(2077,'A01472','title not known','date not known',22,NULL,NULL,47),(2078,'A01487','title not known','date not known',22,NULL,NULL,47),(2079,'A01507','title not known','date not known',22,NULL,NULL,47),(2080,'A01580','title not known','date not known',22,NULL,NULL,47),(2081,'A01618','title not known','date not known',22,NULL,NULL,47),(2082,'A01638','title not known','date not known',22,NULL,NULL,47),(2083,'A01724','title not known','date not known',22,NULL,NULL,47),(2084,'A00870','title not known','1806–7',42,NULL,NULL,47),(2085,'A01075','title not known','1953',15,NULL,NULL,48),(2086,'A00211','Old Sal for ‘At the Back of the North Wind’','c.1869',19,NULL,NULL,48),(2087,'A00234','title not known','date not known',22,NULL,NULL,48),(2088,'A00246','title not known','date not known',22,NULL,NULL,48),(2089,'A00259','title not known','date not known',22,NULL,NULL,48),(2090,'A00271','title not known','date not known',22,NULL,NULL,48),(2091,'A00279','title not known','date not known',22,NULL,NULL,48),(2092,'A00288','title not known','date not known',22,NULL,NULL,48),(2093,'A00298','title not known','date not known',22,NULL,NULL,48),(2094,'A00306','title not known','date not known',22,NULL,NULL,48),(2095,'A00315','title not known','date not known',22,NULL,NULL,48),(2096,'A00323','title not known','date not known',22,NULL,NULL,48),(2097,'A00331','title not known','date not known',22,NULL,NULL,48),(2098,'A00340','title not known','date not known',22,NULL,NULL,48),(2099,'A00349','title not known','date not known',22,NULL,NULL,48),(2100,'A00361','title not known','date not known',22,NULL,NULL,48),(2101,'A00370','title not known','date not known',22,NULL,NULL,48),(2102,'A00381','title not known','date not known',22,NULL,NULL,48),(2103,'A00391','title not known','date not known',22,NULL,NULL,48),(2104,'A00399','title not known','date not known',22,NULL,NULL,48),(2105,'A00408','title not known','date not known',22,NULL,NULL,48),(2106,'A00417','title not known','date not known',22,NULL,NULL,48),(2107,'A00425','title not known','date not known',22,NULL,NULL,48),(2108,'A00434','title not known','date not known',22,NULL,NULL,48),(2109,'A00442','title not known','date not known',22,NULL,NULL,48),(2110,'A00453','title not known','date not known',22,NULL,NULL,48),(2111,'A00484','title not known','date not known',22,NULL,NULL,48),(2112,'A00554','title not known','date not known',22,NULL,NULL,48),(2113,'A01190','title not known','date not known',22,NULL,NULL,48),(2114,'A01218','title not known','date not known',22,NULL,NULL,48),(2115,'A01249','title not known','date not known',22,NULL,NULL,48),(2116,'A01296','title not known','date not known',22,NULL,NULL,48),(2117,'A01310','title not known','date not known',22,NULL,NULL,48),(2118,'A01332','title not known','date not known',22,NULL,NULL,48),(2119,'A01354','title not known','date not known',22,NULL,NULL,48),(2120,'A01376','title not known','date not known',22,NULL,NULL,48),(2121,'A01405','title not known','date not known',22,NULL,NULL,48),(2122,'A01428','title not known','date not known',22,NULL,NULL,48),(2123,'A01460','title not known','date not known',22,NULL,NULL,48),(2124,'A01481','title not known','date not known',22,NULL,NULL,48),(2125,'A01498','title not known','date not known',22,NULL,NULL,48),(2126,'A01528','title not known','date not known',22,NULL,NULL,48),(2127,'A01602','title not known','date not known',22,NULL,NULL,48),(2128,'A01623','title not known','date not known',22,NULL,NULL,48),(2129,'A01658','title not known','date not known',22,NULL,NULL,48),(2130,'A01741','title not known','date not known',22,NULL,NULL,48),(2131,'A00876','title not known','1806–7',42,NULL,NULL,48),(2132,'A01233','title not known','date not known',22,NULL,NULL,51),(2133,'A00248','title not known','date not known',22,NULL,NULL,52),(2134,'A00639','title not known','date not known',22,NULL,NULL,52),(2135,'A01392','title not known','date not known',22,NULL,NULL,52),(2136,'A01654','title not known','date not known',22,NULL,NULL,52),(2137,'A01717','title not known','date not known',22,NULL,NULL,54),(2138,'A01090','The Tailor of Gloucester at Work','c.1902',31,NULL,NULL,56),(2139,'A01098','The Mice Listen to the Tailor’s Lament','c.1902',31,NULL,NULL,56),(2140,'A01106','Simpkin at the Tailor’s Bedside','c.1902',31,NULL,NULL,56),(2141,'A00482','title not known','date not known',22,NULL,NULL,57),(2142,'A00619','title not known','date not known',22,NULL,NULL,57),(2143,'A01281','title not known','date not known',22,NULL,NULL,57),(2144,'A01477','title not known','date not known',22,NULL,NULL,57),(2145,'A01692','title not known','date not known',22,NULL,NULL,57),(2146,'A00009','The Serpent Attacking Buoso Donati','1826–7, reprinted 1892',5,NULL,NULL,58),(2147,'A00017','Satan Smiting Job with Sore Boils','1825, reprinted 1874',5,NULL,NULL,58),(2148,'A00025','When the Morning Stars Sang Together','1825, reprinted 1874',5,NULL,NULL,58),(2149,'A00157','The Bride','1828',10,2,6,58),(2150,'A00011','Dante Striking against Bocca Degli Abati','1826–7, reprinted 1892',5,NULL,NULL,59),(2151,'A00019','Job’s Despair','1825, reprinted 1874',5,NULL,NULL,59),(2152,'A00027','The Fall of Satan','1825, reprinted 1874',5,NULL,NULL,59),(2153,'A00166','The Flood','1829',10,2,6,60),(2154,'A01027','Going to School','c.1817',47,NULL,NULL,64),(2155,'A00702','Low Life','1829, exhibited 1831',23,2,8,66),(2156,'A00856','title not known','published 1818',39,NULL,NULL,67),(2157,'A01146','Interior of a Church','1819',44,NULL,NULL,68),(2158,'A00998','Calm','1812',44,NULL,NULL,69),(2159,'A00847','Melancholia','date not known',37,2,4,72),(2160,'A00460','title not known','date not known',22,NULL,NULL,75),(2161,'A00564','title not known','date not known',22,NULL,NULL,75),(2162,'A00590','title not known','date not known',22,NULL,NULL,75),(2163,'A01242','title not known','date not known',22,NULL,NULL,75),(2164,'A01373','title not known','date not known',22,NULL,NULL,75),(2165,'A01534','title not known','date not known',22,NULL,NULL,75),(2166,'A01552','title not known','date not known',22,NULL,NULL,75),(2167,'A01596','title not known','date not known',22,NULL,NULL,75),(2168,'A01610','title not known','date not known',22,NULL,NULL,75),(2169,'A00189','Four Figure Studies. Verso: Landscape with Water','date not known',12,NULL,NULL,76),(2170,'A00565','title not known','date not known',22,NULL,NULL,77),(2171,'A00655','title not known','date not known',22,NULL,NULL,77),(2172,'A01379','title not known','date not known',22,NULL,NULL,77),(2173,'A01537','title not known','date not known',22,NULL,NULL,77),(2174,'A01690','title not known','date not known',22,NULL,NULL,77),(2175,'A00180','Open Landscape','date not known',12,NULL,NULL,79),(2176,'A00572','title not known','date not known',22,NULL,NULL,79),(2177,'A01198','title not known','date not known',22,NULL,NULL,79),(2178,'A01467','title not known','date not known',22,NULL,NULL,79),(2179,'A01594','title not known','date not known',22,NULL,NULL,79),(2180,'A00844','King David','1858–64',36,2,4,79),(2181,'A00885','title not known','c.1858',43,NULL,NULL,79),(2182,'A00893','title not known','c.1858',43,NULL,NULL,79),(2183,'A00901','title not known','c.1858',43,NULL,NULL,79),(2184,'A01023','Head and Shoulders of a Woman','date not known',46,NULL,NULL,79),(2185,'A00169','Horse and Barge. Verso: tracing of horse from recto','date not known',12,NULL,NULL,80),(2186,'A00654','title not known','date not known',22,NULL,NULL,83),(2187,'A01267','title not known','date not known',22,NULL,NULL,83),(2188,'A01639','title not known','date not known',22,NULL,NULL,83),(2189,'A00581','title not known','date not known',22,NULL,NULL,85),(4096,NULL,'Bridge',NULL,NULL,NULL,5,19),(4098,NULL,'Bridge',NULL,NULL,NULL,5,NULL),(4099,NULL,'A Bridge','c. 1819',NULL,1,7,15);
/*!40000 ALTER TABLE `artwork` ENABLE KEYS */;
UNLOCK TABLES;

--
-- Table structure for table `artwork_subject`
--

DROP TABLE IF EXISTS `artwork_subject`;
/*!40101 SET @saved_cs_client     = @@character_set_client */;
 SET character_set_client = utf8mb4 ;
CREATE TABLE `artwork_subject` (
  `artwork_subject_id` int(11) NOT NULL AUTO_INCREMENT,
  `artwork_id` int(11) DEFAULT NULL,
  `subject_id` int(11) DEFAULT NULL,
  PRIMARY KEY (`artwork_subject_id`),
  UNIQUE KEY `artwork_subject_id` (`artwork_subject_id`),
  KEY `artwork_id` (`artwork_id`),
  KEY `subject_id` (`subject_id`),
  CONSTRAINT `artwork_subject_ibfk_1` FOREIGN KEY (`artwork_id`) REFERENCES `artwork` (`artwork_id`) ON DELETE CASCADE ON UPDATE CASCADE,
  CONSTRAINT `artwork_subject_ibfk_2` FOREIGN KEY (`subject_id`) REFERENCES `subject` (`subject_id`) ON DELETE CASCADE ON UPDATE CASCADE
) ENGINE=InnoDB AUTO_INCREMENT=16390 DEFAULT CHARSET=utf8mb4 COLLATE=utf8mb4_0900_ai_ci;
/*!40101 SET character_set_client = @saved_cs_client */;

--
-- Dumping data for table `artwork_subject`
--

LOCK TABLES `artwork_subject` WRITE;
/*!40000 ALTER TABLE `artwork_subject` DISABLE KEYS */;
INSERT INTO `artwork_subject` VALUES (1,NULL,1),(2,1645,422),(3,1645,805),(4,1645,852),(5,1645,853),(6,1645,1135),(7,1645,1571),(8,1645,1797),(9,1700,619),(10,1700,639),(11,1700,650),(12,1700,704),(13,1700,1035),(14,1700,1863),(15,78,704),(16,78,853),(17,78,996),(18,78,1179),(19,78,1797),(20,1974,650),(21,1974,705),(22,1974,1797),(23,509,4),(24,1053,4),(25,509,82),(26,1053,82),(27,509,98),(28,1053,98),(29,509,212),(30,1053,212),(31,509,350),(32,1053,350),(33,509,392),(34,1053,392),(35,1053,517),(36,509,517),(37,509,540),(38,1053,540),(39,1053,641),(40,509,641),(41,509,666),(42,1053,666),(43,509,669),(44,1053,669),(45,509,847),(46,1053,847),(47,1053,851),(48,509,851),(49,509,853),(50,1053,853),(51,509,1048),(52,1053,1048),(53,509,1209),(54,1053,1209),(55,509,1328),(56,1053,1328),(57,509,1350),(58,1053,1350),(59,509,1708),(60,1053,1708),(61,783,82),(62,1325,82),(63,1325,122),(64,783,122),(65,783,389),(66,1325,389),(67,783,583),(68,1325,583),(69,783,653),(70,1325,653),(71,783,704),(72,1325,704),(73,783,761),(74,1325,761),(75,783,851),(76,1325,851),(77,783,853),(78,1325,853),(79,783,1010),(80,1325,1010),(81,783,1054),(82,1325,1054),(83,783,1087),(84,1325,1087),(85,783,1148),(86,1325,1148),(87,783,1179),(88,1325,1179),(89,1325,1340),(90,783,1340),(91,783,1362),(92,1325,1362),(93,783,1616),(94,1325,1616),(95,1057,4),(96,1598,4),(97,1057,82),(98,1598,82),(99,1057,122),(100,1598,122),(101,1057,350),(102,1598,350),(103,1057,478),(104,1598,478),(105,1598,501),(106,1057,501),(107,1057,583),(108,1598,583),(109,1057,649),(110,1598,649),(111,1057,669),(112,1598,669),(113,1057,704),(114,1598,704),(115,1057,851),(116,1598,851),(117,1057,854),(118,1598,854),(119,1057,889),(120,1598,889),(121,1598,1087),(122,1057,1087),(123,1598,1316),(124,1057,1316),(125,1598,1340),(126,1057,1340),(127,1057,1708),(128,1598,1708),(129,1872,82),(130,1329,82),(131,1329,389),(132,1872,389),(133,1329,641),(134,1872,641),(135,1329,751),(136,1872,751),(137,1329,851),(138,1872,851),(139,1329,853),(140,1872,853),(141,1872,1012),(142,1329,1012),(143,1872,1048),(144,1329,1048),(145,1329,1086),(146,1872,1086),(147,1329,1092),(148,1872,1092),(149,1329,1151),(150,1872,1151),(151,1329,1241),(152,1872,1241),(153,1872,1350),(154,1329,1350),(155,1329,1616),(156,1872,1616),(157,2146,4),(158,1602,4),(159,2146,82),(160,1602,82),(161,1602,122),(162,2146,122),(163,1602,350),(164,2146,350),(165,2146,389),(166,1602,389),(167,1602,653),(168,2146,653),(169,1602,704),(170,2146,704),(171,1602,719),(172,2146,719),(173,1602,763),(174,2146,763),(175,1602,842),(176,2146,842),(177,1602,851),(178,2146,851),(179,1602,853),(180,2146,853),(181,2146,1035),(182,1602,1035),(183,1602,1054),(184,2146,1054),(185,1602,1092),(186,2146,1092),(187,2146,1148),(188,1602,1148),(189,2146,1179),(190,1602,1179),(191,1602,1241),(192,2146,1241),(193,1602,1265),(194,2146,1265),(195,1602,1708),(196,2146,1708),(197,232,4),(198,1876,4),(199,1876,82),(200,232,82),(201,1876,350),(202,232,350),(203,1876,534),(204,232,534),(205,232,641),(206,1876,641),(207,232,704),(208,1876,704),(209,232,751),(210,1876,751),(211,232,780),(212,1876,780),(213,232,851),(214,1876,851),(215,1876,853),(216,232,853),(217,1876,987),(218,232,987),(219,232,1054),(220,1876,1054),(221,232,1081),(222,1876,1081),(223,232,1350),(224,1876,1350),(225,1876,1708),(226,232,1708),(227,506,4),(228,2150,4),(229,2150,82),(230,506,82),(231,2150,122),(232,506,122),(233,506,350),(234,2150,350),(235,2150,704),(236,506,704),(237,506,776),(238,2150,776),(239,2150,853),(240,506,853),(241,506,1035),(242,2150,1035),(243,506,1088),(244,2150,1088),(245,506,1299),(246,2150,1299),(247,506,1708),(248,2150,1708),(249,236,147),(250,780,147),(251,236,431),(252,780,431),(253,780,437),(254,236,437),(255,780,492),(256,236,492),(257,236,624),(258,780,624),(259,236,630),(260,780,630),(261,780,689),(262,236,689),(263,236,704),(264,780,704),(265,780,751),(266,236,751),(267,780,786),(268,236,786),(269,236,805),(270,780,805),(271,236,853),(272,780,853),(273,236,882),(274,780,882),(275,780,994),(276,236,994),(277,236,1107),(278,780,1107),(279,780,1215),(280,236,1215),(281,780,1260),(282,236,1260),(283,780,1268),(284,236,1268),(285,236,1350),(286,780,1350),(287,780,1520),(288,236,1520),(289,236,1557),(290,780,1557),(291,236,1568),(292,780,1568),(293,780,1593),(294,236,1593),(295,236,1755),(296,780,1755),(297,510,13),(298,1054,13),(299,510,120),(300,1054,120),(301,1054,147),(302,510,147),(303,1054,148),(304,510,148),(305,1054,270),(306,510,270),(307,1054,369),(308,510,369),(309,510,407),(310,1054,407),(311,1054,462),(312,510,462),(313,510,629),(314,1054,629),(315,1054,851),(316,510,851),(317,510,853),(318,1054,853),(319,1054,1001),(320,510,1001),(321,510,1022),(322,1054,1022),(323,1054,1031),(324,510,1031),(325,1054,1107),(326,510,1107),(327,510,1113),(328,1054,1113),(329,510,1271),(330,1054,1271),(331,510,1350),(332,1054,1350),(333,1054,1520),(334,510,1520),(335,510,1740),(336,1054,1740),(337,1326,270),(338,784,270),(339,1326,381),(340,784,381),(341,784,444),(342,1326,444),(343,1326,462),(344,784,462),(345,1326,522),(346,784,522),(347,784,554),(348,1326,554),(349,1326,571),(350,784,571),(351,784,581),(352,1326,581),(353,784,627),(354,1326,627),(355,1326,704),(356,784,704),(357,784,851),(358,1326,851),(359,784,853),(360,1326,853),(361,1326,1001),(362,784,1001),(363,1326,1022),(364,784,1022),(365,1326,1040),(366,784,1040),(367,784,1041),(368,1326,1041),(369,1326,1134),(370,784,1134),(371,784,1333),(372,1326,1333),(373,1326,1341),(374,784,1341),(375,784,1520),(376,1326,1520),(377,1326,1754),(378,784,1754),(379,1599,147),(380,1058,147),(381,1058,270),(382,1599,270),(383,1058,719),(384,1599,719),(385,1599,994),(386,1058,994),(387,1058,1038),(388,1599,1038),(389,1058,1061),(390,1599,1061),(391,1058,1108),(392,1599,1108),(393,1599,1135),(394,1058,1135),(395,1058,1520),(396,1599,1520),(397,1058,1755),(398,1599,1755),(399,1330,13),(400,1873,13),(401,1330,108),(402,1873,108),(403,1330,120),(404,1873,120),(405,1330,147),(406,1873,147),(407,1873,148),(408,1330,148),(409,1330,235),(410,1873,235),(411,1873,270),(412,1330,270),(413,1873,369),(414,1330,369),(415,1873,407),(416,1330,407),(417,1873,486),(418,1330,486),(419,1330,558),(420,1873,558),(421,1330,586),(422,1873,586),(423,1873,627),(424,1330,627),(425,1330,704),(426,1873,704),(427,1873,774),(428,1330,774),(429,1330,842),(430,1873,842),(431,1330,851),(432,1873,851),(433,1330,853),(434,1873,853),(435,1330,1178),(436,1873,1178),(437,1873,1330),(438,1330,1330),(439,1330,1350),(440,1873,1350),(441,1330,1370),(442,1873,1370),(443,1330,1531),(444,1873,1531),(445,1330,1540),(446,1873,1540),(447,1330,1549),(448,1873,1549),(449,1330,1737),(450,1873,1737),(451,1603,13),(452,2147,13),(453,2147,147),(454,1603,147),(455,2147,270),(456,1603,270),(457,1603,381),(458,2147,381),(459,1603,429),(460,2147,429),(461,2147,510),(462,1603,510),(463,2147,580),(464,1603,580),(465,1603,851),(466,2147,851),(467,1603,853),(468,2147,853),(469,1603,926),(470,2147,926),(471,1603,1072),(472,2147,1072),(473,2147,1087),(474,1603,1087),(475,1603,1215),(476,2147,1215),(477,1603,1260),(478,2147,1260),(479,2147,1319),(480,1603,1319),(481,2147,1350),(482,1603,1350),(483,2147,1531),(484,1603,1531),(485,2147,1558),(486,1603,1558),(487,1603,1755),(488,2147,1755),(489,1877,13),(490,233,13),(491,233,147),(492,1877,147),(493,1877,381),(494,233,381),(495,1877,407),(496,233,407),(497,233,523),(498,1877,523),(499,233,704),(500,1877,704),(501,233,751),(502,1877,751),(503,1877,853),(504,233,853),(505,233,1207),(506,1877,1207),(507,233,1260),(508,1877,1260),(509,233,1261),(510,1877,1261),(511,1877,1319),(512,233,1319),(513,233,1350),(514,1877,1350),(515,233,1531),(516,1877,1531),(517,233,1558),(518,1877,1558),(519,233,1755),(520,1877,1755),(521,2151,147),(522,507,147),(523,2151,699),(524,507,699),(525,507,719),(526,2151,719),(527,507,738),(528,2151,738),(529,507,805),(530,2151,805),(531,507,1039),(532,2151,1039),(533,507,1539),(534,2151,1539),(535,2151,1755),(536,507,1755),(537,781,108),(538,237,108),(539,237,147),(540,781,147),(541,237,148),(542,781,148),(543,781,719),(544,237,719),(545,781,845),(546,237,845),(547,781,852),(548,237,852),(549,237,1039),(550,781,1039),(551,237,1297),(552,781,1297),(553,237,1350),(554,781,1350),(555,781,1545),(556,237,1545),(557,781,1571),(558,237,1571),(559,237,1725),(560,781,1725),(561,511,13),(562,1055,13),(563,1055,147),(564,511,147),(565,1055,389),(566,511,389),(567,1055,407),(568,511,407),(569,511,462),(570,1055,462),(571,511,704),(572,1055,704),(573,511,805),(574,1055,805),(575,511,853),(576,1055,853),(577,1055,889),(578,511,889),(579,511,982),(580,1055,982),(581,1055,1001),(582,511,1001),(583,1055,1022),(584,511,1022),(585,511,1101),(586,1055,1101),(587,511,1208),(588,1055,1208),(589,511,1319),(590,1055,1319),(591,1055,1350),(592,511,1350),(593,511,1523),(594,1055,1523),(595,511,1524),(596,1055,1524),(597,511,1525),(598,1055,1525),(599,511,1530),(600,1055,1530),(601,511,1755),(602,1055,1755),(603,785,122),(604,1327,122),(605,1327,147),(606,785,147),(607,785,148),(608,1327,148),(609,785,270),(610,1327,270),(611,1327,462),(612,785,462),(613,785,606),(614,1327,606),(615,785,653),(616,1327,653),(617,785,848),(618,1327,848),(619,785,853),(620,1327,853),(621,1327,1001),(622,785,1001),(623,1327,1022),(624,785,1022),(625,1327,1092),(626,785,1092),(627,785,1141),(628,1327,1141),(629,785,1208),(630,1327,1208),(631,785,1297),(632,1327,1297),(633,785,1522),(634,1327,1522),(635,785,1530),(636,1327,1530),(637,785,1532),(638,1327,1532),(639,785,1540),(640,1327,1540),(641,785,1550),(642,1327,1550),(643,1327,1644),(644,785,1644),(645,1600,13),(646,1059,13),(647,1059,26),(648,1600,26),(649,1600,147),(650,1059,147),(651,1059,148),(652,1600,148),(653,1059,316),(654,1600,316),(655,1059,370),(656,1600,370),(657,1059,407),(658,1600,407),(659,1059,462),(660,1600,462),(661,1600,554),(662,1059,554),(663,1600,688),(664,1059,688),(665,1059,704),(666,1600,704),(667,1600,774),(668,1059,774),(669,1059,837),(670,1600,837),(671,1059,852),(672,1600,852),(673,1059,853),(674,1600,853),(675,1600,909),(676,1059,909),(677,1600,1001),(678,1059,1001),(679,1059,1022),(680,1600,1022),(681,1600,1181),(682,1059,1181),(683,1059,1228),(684,1600,1228),(685,1059,1260),(686,1600,1260),(687,1600,1330),(688,1059,1330),(689,1059,1350),(690,1600,1350),(691,1600,1520),(692,1059,1520),(693,1600,1551),(694,1059,1551),(695,1600,1558),(696,1059,1558),(697,1600,1559),(698,1059,1559),(699,1059,1571),(700,1600,1571),(701,1059,1724),(702,1600,1724),(703,1331,147),(704,1874,147),(705,1874,235),(706,1331,235),(707,1874,369),(708,1331,369),(709,1874,407),(710,1331,407),(711,1331,435),(712,1874,435),(713,1331,462),(714,1874,462),(715,1331,554),(716,1874,554),(717,1331,704),(718,1874,704),(719,1331,774),(720,1874,774),(721,1331,805),(722,1874,805),(723,1331,853),(724,1874,853),(725,1874,994),(726,1331,994),(727,1331,1001),(728,1874,1001),(729,1874,1022),(730,1331,1022),(731,1874,1035),(732,1331,1035),(733,1874,1328),(734,1331,1328),(735,1874,1330),(736,1331,1330),(737,1331,1350),(738,1874,1350),(739,1331,1360),(740,1874,1360),(741,1331,1370),(742,1874,1370),(743,1331,1544),(744,1874,1544),(745,1331,1740),(746,1874,1740),(747,2148,13),(748,1604,13),(749,1604,147),(750,2148,147),(751,1604,148),(752,2148,148),(753,2148,369),(754,1604,369),(755,2148,381),(756,1604,381),(757,1604,485),(758,2148,485),(759,1604,549),(760,2148,549),(761,2148,764),(762,1604,764),(763,2148,805),(764,1604,805),(765,1604,853),(766,2148,853),(767,1604,1038),(768,2148,1038),(769,1604,1092),(770,2148,1092),(771,1604,1181),(772,2148,1181),(773,1604,1246),(774,2148,1246),(775,2148,1350),(776,1604,1350),(777,1604,1544),(778,2148,1544),(779,1604,1740),(780,2148,1740),(781,1878,13),(782,234,13),(783,234,108),(784,1878,108),(785,1878,120),(786,234,120),(787,234,122),(788,1878,122),(789,234,147),(790,1878,147),(791,234,148),(792,1878,148),(793,234,169),(794,1878,169),(795,1878,369),(796,234,369),(797,1878,462),(798,234,462),(799,234,554),(800,1878,554),(801,234,753),(802,1878,753),(803,234,774),(804,1878,774),(805,1878,842),(806,234,842),(807,1878,853),(808,234,853),(809,234,982),(810,1878,982),(811,234,992),(812,1878,992),(813,1878,1001),(814,234,1001),(815,1878,1022),(816,234,1022),(817,1878,1086),(818,234,1086),(819,1878,1181),(820,234,1181),(821,234,1330),(822,1878,1330),(823,1878,1350),(824,234,1350),(825,234,1522),(826,1878,1522),(827,1878,1523),(828,234,1523),(829,234,1542),(830,1878,1542),(831,234,1543),(832,1878,1543),(833,234,1678),(834,1878,1678),(835,508,13),(836,2152,13),(837,508,63),(838,2152,63),(839,508,108),(840,2152,108),(841,2152,122),(842,508,122),(843,2152,147),(844,508,147),(845,508,148),(846,2152,148),(847,508,149),(848,2152,149),(849,508,163),(850,2152,163),(851,2152,175),(852,508,175),(853,508,241),(854,2152,241),(855,2152,270),(856,508,270),(857,2152,407),(858,508,407),(859,2152,462),(860,508,462),(861,2152,627),(862,508,627),(863,508,653),(864,2152,653),(865,508,774),(866,2152,774),(867,2152,805),(868,508,805),(869,2152,842),(870,508,842),(871,508,851),(872,2152,851),(873,508,853),(874,2152,853),(875,2152,1001),(876,508,1001),(877,508,1022),(878,2152,1022),(879,508,1035),(880,2152,1035),(881,2152,1331),(882,508,1331),(883,508,1350),(884,2152,1350),(885,2152,1520),(886,508,1520),(887,2152,1521),(888,508,1521),(889,2152,1522),(890,508,1522),(891,2152,1523),(892,508,1523),(893,508,1538),(894,2152,1538),(895,2152,1542),(896,508,1542),(897,508,1642),(898,2152,1642),(899,238,13),(900,782,13),(901,782,108),(902,238,108),(903,238,147),(904,782,147),(905,782,148),(906,238,148),(907,782,149),(908,238,149),(909,238,235),(910,782,235),(911,782,369),(912,238,369),(913,782,381),(914,238,381),(915,782,407),(916,238,407),(917,238,421),(918,782,421),(919,238,430),(920,782,430),(921,782,462),(922,238,462),(923,782,554),(924,238,554),(925,238,738),(926,782,738),(927,238,774),(928,782,774),(929,238,805),(930,782,805),(931,238,853),(932,782,853),(933,782,1001),(934,238,1001),(935,782,1022),(936,238,1022),(937,238,1030),(938,782,1030),(939,782,1035),(940,238,1035),(941,782,1082),(942,238,1082),(943,782,1179),(944,238,1179),(945,238,1330),(946,782,1330),(947,782,1360),(948,238,1360),(949,238,1375),(950,782,1375),(951,782,1392),(952,238,1392),(953,238,1521),(954,782,1521),(955,238,1525),(956,782,1525),(957,238,1531),(958,782,1531),(959,238,1539),(960,782,1539),(961,238,1547),(962,782,1547),(963,238,1643),(964,782,1643),(965,1056,147),(966,512,147),(967,1056,179),(968,512,179),(969,1056,367),(970,512,367),(971,1056,381),(972,512,381),(973,512,430),(974,1056,430),(975,512,462),(976,1056,462),(977,1056,653),(978,512,653),(979,512,774),(980,1056,774),(981,512,805),(982,1056,805),(983,512,853),(984,1056,853),(985,1056,994),(986,512,994),(987,512,1001),(988,1056,1001),(989,1056,1022),(990,512,1022),(991,512,1029),(992,1056,1029),(993,512,1065),(994,1056,1065),(995,512,1331),(996,1056,1331),(997,512,1350),(998,1056,1350),(999,512,1360),(1000,1056,1360),(1001,1056,1392),(1002,512,1392),(1003,512,1547),(1004,1056,1547),(1005,1056,1755),(1006,512,1755),(1007,786,1952),(1008,1328,1952),(1009,1601,147),(1010,1060,147),(1011,1601,148),(1012,1060,148),(1013,1060,381),(1014,1601,381),(1015,1601,389),(1016,1060,389),(1017,1601,407),(1018,1060,407),(1019,1060,462),(1020,1601,462),(1021,1601,554),(1022,1060,554),(1023,1060,569),(1024,1601,569),(1025,1060,629),(1026,1601,629),(1027,1060,637),(1028,1601,637),(1029,1060,704),(1030,1601,704),(1031,1601,786),(1032,1060,786),(1033,1060,852),(1034,1601,852),(1035,1060,978),(1036,1601,978),(1037,1060,1001),(1038,1601,1001),(1039,1601,1022),(1040,1060,1022),(1041,1601,1061),(1042,1060,1061),(1043,1601,1135),(1044,1060,1135),(1045,1601,1291),(1046,1060,1291),(1047,1060,1328),(1048,1601,1328),(1049,1060,1350),(1050,1601,1350),(1051,1601,1520),(1052,1060,1520),(1053,1060,1547),(1054,1601,1547),(1055,1060,1570),(1056,1601,1570),(1057,1060,1571),(1058,1601,1571),(1059,1060,1740),(1060,1601,1740),(1061,1332,147),(1062,1875,147),(1063,1332,629),(1064,1875,629),(1065,1332,704),(1066,1875,704),(1067,1332,786),(1068,1875,786),(1069,1332,853),(1070,1875,853),(1071,1875,882),(1072,1332,882),(1073,1875,899),(1074,1332,899),(1075,1875,1107),(1076,1332,1107),(1077,1332,1214),(1078,1875,1214),(1079,1332,1350),(1080,1875,1350),(1081,1332,1360),(1082,1875,1360),(1083,1875,1547),(1084,1332,1547),(1085,1332,1568),(1086,1875,1568),(1087,1332,1593),(1088,1875,1593),(1089,1332,1755),(1090,1875,1755),(1091,352,108),(1092,352,163),(1093,352,241),(1094,352,369),(1095,352,489),(1096,352,650),(1097,352,675),(1098,352,704),(1099,352,805),(1100,352,1245),(1101,352,1360),(1102,352,1545),(1103,352,1659),(1104,518,91),(1105,518,510),(1106,518,650),(1107,518,669),(1108,518,1340),(1109,518,1358),(1110,518,1501),(1111,518,1606),(1112,792,282),(1113,792,394),(1114,792,408),(1115,792,409),(1116,792,415),(1117,792,547),(1118,792,564),(1119,792,886),(1120,792,980),(1121,792,1002),(1122,792,1350),(1123,792,1501),(1124,792,1606),(1125,1066,282),(1126,1066,394),(1127,1066,408),(1128,1066,409),(1129,1066,415),(1130,1066,523),(1131,1066,547),(1132,1066,564),(1133,1066,886),(1134,1066,980),(1135,1066,1002),(1136,1066,1350),(1137,1066,1501),(1138,1066,1606),(1139,1338,282),(1140,1338,394),(1141,1338,785),(1142,1338,886),(1143,1338,980),(1144,1338,1001),(1145,1338,1107),(1146,1338,1135),(1147,1338,1168),(1148,1338,1350),(1149,1338,1501),(1150,1338,1606),(1151,1611,1952),(1152,1885,43),(1153,1885,281),(1154,1885,282),(1155,1885,431),(1156,1885,490),(1157,1885,704),(1158,1885,1031),(1159,1885,1135),(1160,1885,1269),(1161,1885,1350),(1162,1885,1393),(1163,1885,1501),(1164,1885,1606),(1165,626,342),(1166,626,343),(1167,626,383),(1168,626,424),(1169,626,800),(1170,626,852),(1171,626,864),(1172,626,1179),(1173,626,1299),(1174,626,1350),(1175,626,1501),(1176,626,1571),(1177,626,1606),(1178,604,7),(1179,604,96),(1180,604,119),(1181,604,306),(1182,604,492),(1183,604,510),(1184,604,535),(1185,604,648),(1186,604,768),(1187,604,1213),(1188,604,1260),(1189,604,1335),(1190,604,1485),(1191,604,1491),(1192,604,1498),(1193,604,1557),(1194,604,1726),(1195,60,1351),(1196,60,1900),(1197,900,235),(1198,900,650),(1199,900,704),(1200,900,853),(1201,900,1135),(1202,900,1200),(1203,900,1376),(1204,900,1699),(1205,1172,898),(1206,1172,1135),(1207,1172,1351),(1208,1172,1567),(1209,1172,1922),(1210,491,207),(1211,491,503),(1212,491,853),(1213,491,1174),(1214,491,1300),(1215,491,1696),(1216,334,381),(1217,334,571),(1218,334,650),(1219,334,704),(1220,334,882),(1221,334,890),(1222,334,1210),(1223,334,1704),(1224,1445,650),(1225,1445,705),(1226,1445,1586),(1227,1445,1824),(1228,1719,381),(1229,1719,650),(1230,1719,705),(1231,1719,1790),(1232,1993,381),(1233,1993,389),(1234,1993,554),(1235,1993,651),(1236,1993,1035),(1237,1993,1790),(1238,1717,131),(1239,1717,369),(1240,1717,1248),(1241,1717,1372),(1242,1717,1501),(1243,1717,1581),(1244,1717,1606),(1245,270,1952),(1246,544,1952),(1247,818,1952),(1248,1092,1952),(1249,1364,1952),(1250,1637,1952),(1251,608,781),(1252,608,1351),(1253,608,1914),(1254,882,781),(1255,882,1141),(1256,882,1351),(1257,882,1914),(1258,1154,845),(1259,1154,854),(1260,1154,1914),(1261,1427,1351),(1262,1427,1914),(1263,878,1351),(1264,878,1946),(1265,1150,1135),(1266,1150,1351),(1267,1150,1887),(1268,1701,738),(1269,1701,1135),(1270,1701,1141),(1271,1701,1351),(1272,1701,1884),(1273,1975,731),(1274,1975,1135),(1275,1975,1351),(1276,1975,1884),(1277,1391,1141),(1278,1391,1351),(1279,1391,1941),(1280,61,184),(1281,61,379),(1282,61,601),(1283,61,731),(1284,61,736),(1285,61,853),(1286,61,1164),(1287,61,1664),(1288,335,851),(1289,335,854),(1290,335,1856),(1291,23,805),(1292,23,1351),(1293,23,1884),(1294,297,602),(1295,297,1350),(1296,297,1821),(1297,609,1141),(1298,609,1351),(1299,609,1914),(1300,883,1141),(1301,883,1351),(1302,883,1914),(1303,1155,263),(1304,1155,264),(1305,1155,375),(1306,1155,448),(1307,1155,524),(1308,1155,532),(1309,1155,635),(1310,1155,698),(1311,1155,727),(1312,1155,805),(1313,1155,817),(1314,1155,853),(1315,1155,1105),(1316,1155,1179),(1317,1155,1350),(1318,1155,1531),(1319,1155,1686),(1320,1428,190),(1321,1428,197),(1322,1428,394),(1323,1428,399),(1324,1428,402),(1325,1428,469),(1326,1428,524),(1327,1428,556),(1328,1428,672),(1329,1428,750),(1330,1428,842),(1331,1428,1000),(1332,1428,1036),(1333,1428,1048),(1334,1428,1135),(1335,1428,1179),(1336,1428,1350),(1337,1428,1531),(1338,1428,1730),(1339,298,713),(1340,298,853),(1341,298,1180),(1342,298,1779),(1343,572,1952),(1344,846,416),(1345,846,503),(1346,846,556),(1347,846,713),(1348,846,853),(1349,846,1180),(1350,846,1786),(1351,1118,284),(1352,1118,552),(1353,1118,565),(1354,1118,852),(1355,1118,878),(1356,1118,1179),(1357,1118,1290),(1358,1118,1571),(1359,1118,1684),(1360,1702,166),(1361,1702,736),(1362,1702,853),(1363,1702,865),(1364,1702,1480),(1365,1702,1492),(1366,1702,1626),(1367,1976,166),(1368,1976,719),(1369,1976,851),(1370,1976,853),(1371,1976,865),(1372,1976,1135),(1373,1976,1480),(1374,1976,1492),(1375,1976,1626),(1376,62,121),(1377,62,672),(1378,62,736),(1379,62,749),(1380,62,853),(1381,62,1155),(1382,62,1649),(1383,336,736),(1384,336,752),(1385,336,1350),(1386,336,1694),(1387,610,736),(1388,610,1048),(1389,610,1260),(1390,610,1286),(1391,610,1350),(1392,610,1558),(1393,610,1745),(1394,79,802),(1395,79,1900),(1396,353,5),(1397,353,77),(1398,353,317),(1399,353,619),(1400,353,808),(1401,353,853),(1402,353,1446),(1403,353,1480),(1404,353,1699),(1405,884,5),(1406,884,317),(1407,884,369),(1408,884,415),(1409,884,524),(1410,884,557),(1411,884,619),(1412,884,805),(1413,884,807),(1414,884,853),(1415,884,874),(1416,884,1084),(1417,884,1127),(1418,884,1356),(1419,884,1446),(1420,884,1480),(1421,884,1699),(1422,1156,317),(1423,1156,502),(1424,1156,719),(1425,1156,845),(1426,1156,851),(1427,1156,854),(1428,1156,1446),(1429,1156,1480),(1430,1156,1617),(1431,1429,317),(1432,1429,502),(1433,1429,719),(1434,1429,845),(1435,1429,851),(1436,1429,853),(1437,1429,1177),(1438,1429,1446),(1439,1429,1480),(1440,1429,1617),(1441,1703,317),(1442,1703,805),(1443,1703,808),(1444,1703,853),(1445,1703,1446),(1446,1703,1480),(1447,1703,1617),(1448,1977,317),(1449,1977,749),(1450,1977,805),(1451,1977,851),(1452,1977,853),(1453,1977,971),(1454,1977,1446),(1455,1977,1480),(1456,1977,1617),(1457,50,851),(1458,50,853),(1459,50,1135),(1460,50,1142),(1461,50,1916),(1462,324,851),(1463,324,853),(1464,324,1135),(1465,324,1142),(1466,324,1916),(1467,63,1180),(1468,63,1937),(1469,337,847),(1470,337,853),(1471,337,1180),(1472,337,1841),(1473,611,853),(1474,611,1180),(1475,611,1856),(1476,885,1351),(1477,885,1945),(1478,1157,1034),(1479,1157,1900),(1480,1430,1351),(1481,1430,1914),(1482,1704,315),(1483,1704,736),(1484,1704,854),(1485,1704,1379),(1486,1704,1451),(1487,1704,1637),(1488,1978,736),(1489,1978,781),(1490,1978,1351),(1491,1978,1431),(1492,1978,1690),(1493,598,223),(1494,598,351),(1495,598,619),(1496,598,700),(1497,598,843),(1498,598,853),(1499,598,1350),(1500,598,1699),(1501,64,1351),(1502,64,1914),(1503,338,651),(1504,338,1797),(1505,612,743),(1506,612,1350),(1507,612,1914),(1508,627,18),(1509,627,166),(1510,627,1351),(1511,627,1480),(1512,627,1492),(1513,627,1749),(1514,886,754),(1515,886,853),(1516,886,1351),(1517,886,1458),(1518,886,1918),(1519,1158,782),(1520,1158,854),(1521,1158,1914),(1522,901,569),(1523,901,619),(1524,901,637),(1525,901,704),(1526,901,853),(1527,901,881),(1528,901,1350),(1529,901,1677),(1530,1431,208),(1531,1431,218),(1532,1431,556),(1533,1431,601),(1534,1431,786),(1535,1431,853),(1536,1431,899),(1537,1431,1135),(1538,1431,1350),(1539,1431,1593),(1540,1431,1713),(1541,1705,786),(1542,1705,805),(1543,1705,818),(1544,1705,847),(1545,1705,853),(1546,1705,899),(1547,1705,1135),(1548,1705,1350),(1549,1705,1569),(1550,1705,1870),(1551,1979,853),(1552,1979,1224),(1553,1979,1350),(1554,1979,1806),(1555,4,35),(1556,4,39),(1557,4,86),(1558,4,132),(1559,4,333),(1560,4,551),(1561,4,722),(1562,4,751),(1563,4,786),(1564,4,852),(1565,4,853),(1566,4,1067),(1567,4,1107),(1568,4,1114),(1569,4,1179),(1570,4,1205),(1571,4,1215),(1572,4,1345),(1573,4,1383),(1574,4,1474),(1575,4,1571),(1576,4,1577),(1577,4,1579),(1578,4,1630),(1579,278,35),(1580,278,39),(1581,278,86),(1582,278,132),(1583,278,333),(1584,278,377),(1585,278,381),(1586,278,551),(1587,278,590),(1588,278,722),(1589,278,751),(1590,278,853),(1591,278,1067),(1592,278,1107),(1593,278,1114),(1594,278,1179),(1595,278,1214),(1596,278,1268),(1597,278,1383),(1598,278,1474),(1599,278,1630),(1600,552,35),(1601,552,39),(1602,552,86),(1603,552,132),(1604,552,333),(1605,552,381),(1606,552,680),(1607,552,751),(1608,552,853),(1609,552,1107),(1610,552,1114),(1611,552,1135),(1612,552,1209),(1613,552,1228),(1614,552,1268),(1615,552,1383),(1616,552,1474),(1617,552,1630),(1618,826,35),(1619,826,39),(1620,826,86),(1621,826,132),(1622,826,333),(1623,826,381),(1624,826,551),(1625,826,590),(1626,826,751),(1627,826,853),(1628,826,1061),(1629,826,1107),(1630,826,1114),(1631,826,1179),(1632,826,1228),(1633,826,1383),(1634,826,1474),(1635,826,1630),(1636,1100,35),(1637,1100,39),(1638,1100,86),(1639,1100,132),(1640,1100,333),(1641,1100,381),(1642,1100,551),(1643,1100,853),(1644,1100,1067),(1645,1100,1107),(1646,1100,1179),(1647,1100,1228),(1648,1100,1273),(1649,1100,1287),(1650,1100,1383),(1651,1100,1474),(1652,1100,1513),(1653,1100,1630),(1654,1372,35),(1655,1372,39),(1656,1372,86),(1657,1372,132),(1658,1372,333),(1659,1372,532),(1660,1372,582),(1661,1372,635),(1662,1372,882),(1663,1372,909),(1664,1372,1192),(1665,1372,1268),(1666,1372,1383),(1667,1372,1474),(1668,1372,1630),(1669,1646,35),(1670,1646,39),(1671,1646,86),(1672,1646,132),(1673,1646,333),(1674,1646,551),(1675,1646,688),(1676,1646,751),(1677,1646,838),(1678,1646,853),(1679,1646,1009),(1680,1646,1061),(1681,1646,1107),(1682,1646,1114),(1683,1646,1172),(1684,1646,1348),(1685,1646,1355),(1686,1646,1383),(1687,1646,1474),(1688,1646,1630),(1689,1920,35),(1690,1920,39),(1691,1920,86),(1692,1920,132),(1693,1920,333),(1694,1920,535),(1695,1920,667),(1696,1920,1048),(1697,1920,1107),(1698,1920,1356),(1699,1920,1383),(1700,1920,1474),(1701,1920,1630),(1702,5,35),(1703,5,39),(1704,5,86),(1705,5,132),(1706,5,333),(1707,5,625),(1708,5,751),(1709,5,853),(1710,5,867),(1711,5,1050),(1712,5,1130),(1713,5,1260),(1714,5,1299),(1715,5,1383),(1716,5,1474),(1717,5,1558),(1718,5,1630),(1719,279,35),(1720,279,39),(1721,279,86),(1722,279,132),(1723,279,333),(1724,279,497),(1725,279,539),(1726,279,853),(1727,279,939),(1728,279,1010),(1729,279,1056),(1730,279,1299),(1731,279,1356),(1732,279,1383),(1733,279,1474),(1734,279,1630),(1735,553,23),(1736,553,35),(1737,553,39),(1738,553,69),(1739,553,86),(1740,553,89),(1741,553,132),(1742,553,333),(1743,553,520),(1744,553,590),(1745,553,853),(1746,553,882),(1747,553,909),(1748,553,1033),(1749,553,1107),(1750,553,1113),(1751,553,1175),(1752,553,1194),(1753,553,1268),(1754,553,1383),(1755,553,1448),(1756,553,1474),(1757,553,1609),(1758,827,35),(1759,827,39),(1760,827,86),(1761,827,132),(1762,827,333),(1763,827,786),(1764,827,820),(1765,827,853),(1766,827,898),(1767,827,982),(1768,827,1113),(1769,827,1228),(1770,827,1269),(1771,827,1383),(1772,827,1474),(1773,827,1579),(1774,827,1630),(1775,1101,35),(1776,1101,39),(1777,1101,86),(1778,1101,132),(1779,1101,333),(1780,1101,437),(1781,1101,448),(1782,1101,497),(1783,1101,566),(1784,1101,689),(1785,1101,786),(1786,1101,853),(1787,1101,898),(1788,1101,1113),(1789,1101,1350),(1790,1101,1361),(1791,1101,1383),(1792,1101,1474),(1793,1101,1570),(1794,1101,1597),(1795,1101,1630),(1796,1373,35),(1797,1373,39),(1798,1373,86),(1799,1373,132),(1800,1373,333),(1801,1373,535),(1802,1373,551),(1803,1373,751),(1804,1373,838),(1805,1373,853),(1806,1373,1107),(1807,1373,1114),(1808,1373,1215),(1809,1373,1299),(1810,1373,1355),(1811,1373,1383),(1812,1373,1474),(1813,1373,1630),(1814,1647,35),(1815,1647,39),(1816,1647,86),(1817,1647,132),(1818,1647,333),(1819,1647,436),(1820,1647,535),(1821,1647,617),(1822,1647,680),(1823,1647,795),(1824,1647,839),(1825,1647,853),(1826,1647,882),(1827,1647,909),(1828,1647,1114),(1829,1647,1135),(1830,1647,1181),(1831,1647,1228),(1832,1647,1383),(1833,1647,1474),(1834,1647,1630),(1835,1921,35),(1836,1921,39),(1837,1921,86),(1838,1921,132),(1839,1921,333),(1840,1921,544),(1841,1921,647),(1842,1921,704),(1843,1921,722),(1844,1921,751),(1845,1921,786),(1846,1921,853),(1847,1921,898),(1848,1921,976),(1849,1921,979),(1850,1921,1131),(1851,1921,1215),(1852,1921,1299),(1853,1921,1368),(1854,1921,1383),(1855,1921,1474),(1856,1921,1577),(1857,1921,1579),(1858,1921,1630),(1859,6,35),(1860,6,39),(1861,6,86),(1862,6,132),(1863,6,333),(1864,6,544),(1865,6,853),(1866,6,976),(1867,6,979),(1868,6,1215),(1869,6,1383),(1870,6,1474),(1871,6,1630),(1872,65,200),(1873,65,351),(1874,65,394),(1875,65,650),(1876,65,805),(1877,65,1173),(1878,65,1350),(1879,65,1699),(1880,1423,503),(1881,1423,556),(1882,1423,782),(1883,1423,800),(1884,1423,853),(1885,1423,919),(1886,1423,1174),(1887,1423,1179),(1888,1423,1447),(1889,1423,1727),(1890,1697,469),(1891,1697,601),(1892,1697,853),(1893,1697,1175),(1894,1697,1179),(1895,1697,1781),(1896,1160,100),(1897,1160,857),(1898,1160,863),(1899,1160,1197),(1900,1160,1736),(1901,1433,111),(1902,1433,204),(1903,1433,492),(1904,1433,857),(1905,1433,1197),(1906,1433,1423),(1907,1433,1738),(1908,1707,103),(1909,1707,470),(1910,1707,650),(1911,1707,863),(1912,1707,1196),(1913,1707,1262),(1914,1707,1738),(1915,1981,230),(1916,1981,470),(1917,1981,764),(1918,1981,1197),(1919,1981,1706),(1920,67,229),(1921,67,492),(1922,67,651),(1923,67,1130),(1924,67,1196),(1925,67,1256),(1926,67,1261),(1927,67,1423),(1928,67,1706),(1929,341,100),(1930,341,247),(1931,341,751),(1932,341,1048),(1933,341,1261),(1934,341,1311),(1935,341,1702),(1936,615,100),(1937,615,555),(1938,615,674),(1939,615,1183),(1940,615,1196),(1941,615,1198),(1942,615,1257),(1943,615,1350),(1944,615,1457),(1945,615,1667),(1946,889,20),(1947,889,111),(1948,889,492),(1949,889,651),(1950,889,1196),(1951,889,1261),(1952,889,1487),(1953,889,1738),(1954,1161,100),(1955,1161,650),(1956,1161,857),(1957,1161,1197),(1958,1161,1701),(1959,1434,100),(1960,1434,416),(1961,1434,650),(1962,1434,674),(1963,1434,1183),(1964,1434,1197),(1965,1434,1701),(1966,1708,100),(1967,1708,863),(1968,1708,1196),(1969,1708,1257),(1970,1708,1261),(1971,1708,1736),(1972,1982,117),(1973,1982,650),(1974,1982,857),(1975,1982,1197),(1976,1982,1258),(1977,1982,1738),(1978,68,168),(1979,68,174),(1980,68,1170),(1981,68,1257),(1982,68,1261),(1983,68,1738),(1984,342,100),(1985,342,650),(1986,342,931),(1987,342,990),(1988,342,1477),(1989,342,1716),(1990,616,110),(1991,616,650),(1992,616,1196),(1993,616,1259),(1994,616,1261),(1995,616,1738),(1996,890,100),(1997,890,470),(1998,890,857),(1999,890,1183),(2000,890,1258),(2001,890,1262),(2002,890,1723),(2003,1162,426),(2004,1162,442),(2005,1162,470),(2006,1162,587),(2007,1162,650),(2008,1162,751),(2009,1162,1049),(2010,1162,1261),(2011,1162,1775),(2012,1435,101),(2013,1435,507),(2014,1435,651),(2015,1435,857),(2016,1435,1196),(2017,1435,1261),(2018,1435,1469),(2019,1435,1679),(2020,1709,102),(2021,1709,650),(2022,1709,704),(2023,1709,857),(2024,1709,1196),(2025,1709,1262),(2026,1709,1679),(2027,1983,261),(2028,1983,426),(2029,1983,724),(2030,1983,1256),(2031,1983,1261),(2032,1983,1311),(2033,1983,1771),(2034,69,198),(2035,69,249),(2036,69,426),(2037,69,442),(2038,69,672),(2039,69,751),(2040,69,1049),(2041,69,1261),(2042,69,1355),(2043,69,1679),(2044,343,60),(2045,343,492),(2046,343,1025),(2047,343,1196),(2048,343,1351),(2049,343,1402),(2050,343,1657),(2051,617,176),(2052,617,541),(2053,617,651),(2054,617,863),(2055,617,1170),(2056,617,1463),(2057,617,1679),(2058,891,10),(2059,891,470),(2060,891,492),(2061,891,506),(2062,891,863),(2063,891,1196),(2064,891,1256),(2065,891,1486),(2066,891,1679),(2067,1163,142),(2068,1163,470),(2069,1163,521),(2070,1163,651),(2071,1163,863),(2072,1163,1196),(2073,1163,1687),(2074,1436,133),(2075,1436,650),(2076,1436,889),(2077,1436,1183),(2078,1436,1196),(2079,1436,1257),(2080,1436,1261),(2081,1436,1668),(2082,1605,411),(2083,2149,411),(2084,1605,551),(2085,2149,551),(2086,2149,623),(2087,1605,623),(2088,1605,641),(2089,2149,641),(2090,1605,642),(2091,2149,642),(2092,1605,645),(2093,2149,645),(2094,2149,679),(2095,1605,679),(2096,1605,851),(2097,2149,851),(2098,1605,853),(2099,2149,853),(2100,2149,858),(2101,1605,858),(2102,1605,939),(2103,2149,939),(2104,1605,1048),(2105,2149,1048),(2106,2149,1072),(2107,1605,1072),(2108,1605,1107),(2109,2149,1107),(2110,1605,1113),(2111,2149,1113),(2112,1605,1133),(2113,2149,1133),(2114,1605,1158),(2115,2149,1158),(2116,1605,1159),(2117,2149,1159),(2118,1605,1181),(2119,2149,1181),(2120,1605,1286),(2121,2149,1286),(2122,1605,1291),(2123,2149,1291),(2124,2149,1299),(2125,1605,1299),(2126,1605,1350),(2127,2149,1350),(2128,1605,1355),(2129,2149,1355),(2130,1605,1565),(2131,2149,1565),(2132,1605,1682),(2133,2149,1682),(2134,235,634),(2135,1879,634),(2136,1879,642),(2137,235,642),(2138,1879,751),(2139,235,751),(2140,235,779),(2141,1879,779),(2142,235,1048),(2143,1879,1048),(2144,1879,1215),(2145,235,1215),(2146,1879,1286),(2147,235,1286),(2148,1879,1355),(2149,235,1355),(2150,235,1866),(2151,1879,1866),(2152,280,641),(2153,280,645),(2154,280,679),(2155,280,764),(2156,280,851),(2157,280,853),(2158,280,976),(2159,280,978),(2160,280,1092),(2161,280,1107),(2162,280,1114),(2163,280,1291),(2164,280,1350),(2165,280,1355),(2166,280,1565),(2167,280,1892),(2168,554,411),(2169,554,415),(2170,554,469),(2171,554,535),(2172,554,603),(2173,554,646),(2174,554,757),(2175,554,758),(2176,554,791),(2177,554,1107),(2178,554,1179),(2179,554,1194),(2180,554,1286),(2181,554,1350),(2182,554,1355),(2183,554,1819),(2184,828,409),(2185,828,544),(2186,828,551),(2187,828,610),(2188,828,623),(2189,828,635),(2190,828,641),(2191,828,645),(2192,828,679),(2193,828,779),(2194,828,851),(2195,828,853),(2196,828,909),(2197,828,976),(2198,828,1097),(2199,828,1107),(2200,828,1129),(2201,828,1135),(2202,828,1179),(2203,828,1181),(2204,828,1350),(2205,828,1355),(2206,828,1507),(2207,828,1818),(2208,1102,402),(2209,1102,493),(2210,1102,566),(2211,1102,611),(2212,1102,645),(2213,1102,679),(2214,1102,681),(2215,1102,812),(2216,1102,853),(2217,1102,922),(2218,1102,1209),(2219,1102,1351),(2220,1102,1368),(2221,1102,1507),(2222,1102,1553),(2223,1102,1792),(2224,1374,448),(2225,1374,751),(2226,1374,1057),(2227,1374,1280),(2228,1374,1299),(2229,1374,1351),(2230,1374,1355),(2231,1374,1743),(2232,1648,593),(2233,1648,853),(2234,1648,939),(2235,1648,1044),(2236,1648,1114),(2237,1648,1247),(2238,1648,1286),(2239,1648,1350),(2240,1648,1355),(2241,1648,1868),(2242,1922,641),(2243,1922,786),(2244,1922,845),(2245,1922,898),(2246,1922,1179),(2247,1922,1286),(2248,1922,1350),(2249,1922,1356),(2250,1922,1570),(2251,1922,1671),(2252,2153,544),(2253,2153,546),(2254,2153,568),(2255,2153,571),(2256,2153,581),(2257,2153,667),(2258,2153,853),(2259,2153,1048),(2260,2153,1107),(2261,2153,1217),(2262,2153,1286),(2263,2153,1300),(2264,2153,1316),(2265,2153,1350),(2266,2153,1355),(2267,2153,1834),(2268,239,642),(2269,239,671),(2270,239,778),(2271,239,851),(2272,239,853),(2273,239,1107),(2274,239,1113),(2275,239,1175),(2276,239,1179),(2277,239,1350),(2278,239,1897),(2279,1911,1948),(2280,2185,765),(2281,2185,1509),(2282,2185,1824),(2283,793,739),(2284,793,765),(2285,793,766),(2286,793,1911),(2287,534,765),(2288,534,1917),(2289,808,731),(2290,808,853),(2291,808,1069),(2292,808,1088),(2293,808,1162),(2294,808,1179),(2295,808,1586),(2296,808,1824),(2297,271,853),(2298,271,1070),(2299,271,1135),(2300,271,1913),(2301,545,853),(2302,545,1070),(2303,545,1179),(2304,545,1913),(2305,1067,853),(2306,1067,1070),(2307,1067,1179),(2308,1067,1913),(2309,1082,473),(2310,1082,751),(2311,1082,1049),(2312,1082,1355),(2313,1082,1834),(2314,1354,67),(2315,1354,180),(2316,1354,352),(2317,1354,425),(2318,1354,473),(2319,1354,512),(2320,1354,650),(2321,1354,1011),(2322,1354,1395),(2323,1354,1586),(2324,1354,1691),(2325,1627,1054),(2326,1627,1356),(2327,1627,1900),(2328,1901,854),(2329,1901,1107),(2330,1901,1355),(2331,1901,1919),(2332,2175,647),(2333,2175,751),(2334,2175,1356),(2335,2175,1857),(2341,535,764),(2342,535,853),(2343,535,976),(2344,535,978),(2345,535,1286),(2346,535,1336),(2347,535,1355),(2348,535,1895),(2349,809,1336),(2350,809,1919),(2351,1339,1951),(2352,1490,89),(2353,1490,158),(2354,1490,193),(2355,1490,470),(2356,1490,512),(2357,1490,650),(2358,1490,705),(2359,1490,1044),(2360,1490,1705),(2361,1612,1351),(2362,1612,1946),(2363,819,1281),(2364,819,1351),(2365,819,1943),(2366,1093,437),(2367,1093,514),(2368,1093,633),(2369,1093,643),(2370,1093,853),(2371,1093,1179),(2372,1093,1821),(2373,2169,469),(2374,2169,853),(2375,2169,1351),(2376,2169,1839),(2377,1386,986),(2378,1386,1356),(2379,1386,1871),(2380,1665,1915),(2381,1812,519),(2382,673,519),(2383,1812,736),(2384,673,736),(2385,1812,782),(2386,673,782),(2387,1812,853),(2388,673,853),(2389,673,1428),(2390,1812,1428),(2391,673,1482),(2392,1812,1482),(2393,673,1676),(2394,1812,1676),(2395,1710,1872),(2396,1886,650),(2397,1886,764),(2398,1886,1044),(2399,1886,1051),(2400,1886,1107),(2401,1886,1355),(2402,1886,1871),(2403,1083,545),(2404,1083,1087),(2405,1083,1859),(2406,1984,765),(2407,1984,1911),(2408,70,690),(2409,70,738),(2410,70,1033),(2411,70,1876),(2412,344,1952),(2413,618,1952),(2414,892,1952),(2415,1164,1180),(2416,1164,1903),(2417,1992,483),(2418,1992,490),(2419,1992,704),(2420,1992,1136),(2421,1992,1223),(2422,1992,1641),(2423,1437,690),(2424,1437,843),(2425,1437,1799),(2426,1711,716),(2427,1711,737),(2428,1711,1804),(2429,1994,1136),(2430,1994,1903),(2431,1985,736),(2432,1985,846),(2433,1985,1903),(2434,71,887),(2435,71,1135),(2436,71,1350),(2437,71,1853),(2438,345,1136),(2439,345,1853),(2440,619,690),(2441,619,1833),(2442,893,690),(2443,893,1893),(2444,947,55),(2445,2086,55),(2446,2086,408),(2447,947,408),(2448,947,409),(2449,2086,409),(2450,947,457),(2451,2086,457),(2452,947,483),(2453,2086,483),(2454,947,662),(2455,2086,662),(2456,947,688),(2457,2086,688),(2458,947,909),(2459,2086,909),(2460,947,1033),(2461,2086,1033),(2462,2086,1100),(2463,947,1100),(2464,947,1349),(2465,2086,1349),(2466,947,1428),(2467,2086,1428),(2468,2086,1571),(2469,947,1571),(2470,2086,1625),(2471,947,1625),(2472,1997,55),(2473,1997,394),(2474,1997,408),(2475,1997,437),(2476,1997,483),(2477,1997,511),(2478,1997,613),(2479,1997,788),(2480,1997,853),(2481,1997,1033),(2482,1997,1135),(2483,1997,1350),(2484,1997,1428),(2485,1997,1625),(2486,83,55),(2487,83,370),(2488,83,473),(2489,83,474),(2490,83,575),(2491,83,626),(2492,83,628),(2493,83,662),(2494,83,688),(2495,83,732),(2496,83,751),(2497,83,1151),(2498,83,1179),(2499,83,1249),(2500,83,1347),(2501,83,1350),(2502,83,1355),(2503,83,1428),(2504,83,1625),(2505,1165,1356),(2506,1165,1811),(2507,1438,1356),(2508,1438,1811),(2509,172,490),(2510,1219,490),(2511,172,729),(2512,1219,729),(2513,172,1179),(2514,1219,1179),(2515,172,1350),(2516,1219,1350),(2517,172,1516),(2518,1219,1516),(2519,172,1846),(2520,1219,1846),(2521,357,738),(2522,357,851),(2523,357,853),(2524,357,1135),(2525,357,1351),(2526,357,1897),(2527,931,689),(2528,931,1180),(2529,931,1833),(2530,1492,853),(2531,446,853),(2532,446,1136),(2533,1492,1136),(2534,446,1813),(2535,1492,1813),(2536,1203,1179),(2537,1203,1351),(2538,1203,1903),(2539,1766,483),(2540,720,483),(2541,1766,738),(2542,720,738),(2543,720,828),(2544,1766,828),(2545,720,853),(2546,1766,853),(2547,720,1032),(2548,1766,1032),(2549,1766,1135),(2550,720,1135),(2551,1766,1826),(2552,720,1826),(2553,1476,403),(2554,1476,469),(2555,1476,490),(2556,1476,689),(2557,1476,1179),(2558,1476,1350),(2559,1476,1804),(2560,1750,437),(2561,1750,853),(2562,1750,1135),(2563,1750,1180),(2564,1750,1831),(2565,631,828),(2566,631,854),(2567,631,1135),(2568,631,1916),(2569,2024,1033),(2570,2024,1141),(2571,2024,1177),(2572,2024,1833),(2573,110,764),(2574,110,813),(2575,110,1844),(2576,994,594),(2577,2040,594),(2578,994,1833),(2579,2040,1833),(2580,1266,1033),(2581,126,1033),(2582,1266,1141),(2583,126,1141),(2584,1266,1177),(2585,126,1177),(2586,126,1833),(2587,1266,1833),(2588,400,853),(2589,1539,853),(2590,1539,1070),(2591,400,1070),(2592,1539,1135),(2593,400,1135),(2594,1539,1228),(2595,400,1228),(2596,400,1913),(2597,1539,1913),(2598,1813,503),(2599,674,503),(2600,674,729),(2601,1813,729),(2602,1813,1281),(2603,674,1281),(2604,674,1299),(2605,1813,1299),(2606,674,1351),(2607,1813,1351),(2608,1813,1517),(2609,674,1517),(2610,1813,1813),(2611,674,1813),(2612,948,593),(2613,2087,593),(2614,948,924),(2615,2087,924),(2616,948,1044),(2617,2087,1044),(2618,2087,1351),(2619,948,1351),(2620,948,1813),(2621,2087,1813),(2622,173,619),(2623,1220,619),(2624,173,689),(2625,1220,689),(2626,173,704),(2627,1220,704),(2628,173,805),(2629,1220,805),(2630,1220,1237),(2631,173,1237),(2632,173,1350),(2633,1220,1350),(2634,173,1853),(2635,1220,1853),(2636,447,848),(2637,1493,848),(2638,447,853),(2639,1493,853),(2640,1493,1142),(2641,447,1142),(2642,447,1818),(2643,1493,1818),(2644,721,853),(2645,1767,853),(2646,1767,1136),(2647,721,1136),(2648,721,1517),(2649,1767,1517),(2650,721,1912),(2651,1767,1912),(2652,905,1032),(2653,905,1179),(2654,905,1350),(2655,905,1903),(2656,995,731),(2657,2041,731),(2658,995,961),(2659,2041,961),(2660,995,1299),(2661,2041,1299),(2662,995,1853),(2663,2041,1853),(2664,1177,593),(2665,1177,924),(2666,1177,1044),(2667,1177,1351),(2668,1177,1839),(2669,1267,490),(2670,127,490),(2671,1267,729),(2672,127,729),(2673,127,853),(2674,1267,853),(2675,1267,1033),(2676,127,1033),(2677,127,1299),(2678,1267,1299),(2679,127,1350),(2680,1267,1350),(2681,1267,1516),(2682,127,1516),(2683,127,1846),(2684,1267,1846),(2685,1540,490),(2686,401,490),(2687,1540,593),(2688,401,593),(2689,401,670),(2690,1540,670),(2691,401,924),(2692,1540,924),(2693,401,1045),(2694,1540,1045),(2695,401,1350),(2696,1540,1350),(2697,401,1813),(2698,1540,1813),(2699,1450,593),(2700,1450,704),(2701,1450,1045),(2702,1450,1350),(2703,1450,1853),(2704,384,414),(2705,384,704),(2706,384,853),(2707,384,1135),(2708,384,1179),(2709,384,1350),(2710,384,1805),(2711,1814,853),(2712,675,853),(2713,1814,1169),(2714,675,1169),(2715,675,1180),(2716,1814,1180),(2717,675,1827),(2718,1814,1827),(2719,949,729),(2720,2088,729),(2721,949,853),(2722,2088,853),(2723,949,1135),(2724,2088,1135),(2725,2088,1518),(2726,949,1518),(2727,2088,1799),(2728,949,1799),(2729,174,689),(2730,1221,689),(2731,174,1135),(2732,1221,1135),(2733,174,1325),(2734,1221,1325),(2735,174,1804),(2736,1221,1804),(2737,2133,854),(2738,2133,1179),(2739,2133,1916),(2740,448,853),(2741,1494,853),(2742,448,1180),(2743,1494,1180),(2744,1494,1835),(2745,448,1835),(2746,658,854),(2747,658,1135),(2748,658,1821),(2749,722,437),(2750,1768,437),(2751,1768,619),(2752,722,619),(2753,722,689),(2754,1768,689),(2755,1768,1136),(2756,722,1136),(2757,1768,1804),(2758,722,1804),(2759,996,469),(2760,2042,469),(2761,996,1299),(2762,2042,1299),(2763,2042,1351),(2764,996,1351),(2765,996,1804),(2766,2042,1804),(2767,128,469),(2768,1268,469),(2769,128,853),(2770,1268,853),(2771,128,1075),(2772,1268,1075),(2773,128,1299),(2774,1268,1299),(2775,128,1357),(2776,1268,1357),(2777,128,1803),(2778,1268,1803),(2779,932,437),(2780,932,471),(2781,932,704),(2782,932,1135),(2783,932,1804),(2784,1724,1136),(2785,1724,1937),(2786,402,854),(2787,1541,854),(2788,1541,1135),(2789,402,1135),(2790,1541,1799),(2791,402,1799),(2792,1998,738),(2793,1998,1033),(2794,1998,1135),(2795,1998,1351),(2796,1998,1852),(2797,676,619),(2798,1815,619),(2799,676,1135),(2800,1815,1135),(2801,676,1351),(2802,1815,1351),(2803,676,1853),(2804,1815,1853),(2805,2089,689),(2806,950,689),(2807,950,805),(2808,2089,805),(2809,2089,1325),(2810,950,1325),(2811,950,1833),(2812,2089,1833),(2813,175,887),(2814,1222,887),(2815,1222,1135),(2816,175,1135),(2817,1222,1350),(2818,175,1350),(2819,175,1853),(2820,1222,1853),(2821,449,729),(2822,1495,729),(2823,449,1179),(2824,1495,1179),(2825,1495,1351),(2826,449,1351),(2827,449,1515),(2828,1495,1515),(2829,449,1794),(2830,1495,1794),(2831,723,704),(2832,1769,704),(2833,1769,1135),(2834,723,1135),(2835,1769,1351),(2836,723,1351),(2837,723,1853),(2838,1769,1853),(2839,997,853),(2840,2043,853),(2841,2043,1135),(2842,997,1135),(2843,997,1365),(2844,2043,1365),(2845,997,1930),(2846,2043,1930),(2847,1269,704),(2848,129,704),(2849,129,765),(2850,1269,765),(2851,129,853),(2852,1269,853),(2853,129,1350),(2854,1269,1350),(2855,129,1847),(2856,1269,1847),(2857,403,483),(2858,1542,483),(2859,403,704),(2860,1542,704),(2861,403,1351),(2862,1542,1351),(2863,403,1807),(2864,1542,1807),(2865,677,729),(2866,1816,729),(2867,677,1350),(2868,1816,1350),(2869,1816,1516),(2870,677,1516),(2871,1816,1903),(2872,677,1903),(2873,84,828),(2874,84,853),(2875,84,1033),(2876,84,1142),(2877,84,1852),(2878,1204,689),(2879,1204,704),(2880,1204,886),(2881,1204,1032),(2882,1204,1350),(2883,1204,1826),(2884,1477,848),(2885,1477,854),(2886,1477,1913),(2887,1751,1031),(2888,1751,1135),(2889,1751,1141),(2890,1751,1351),(2891,1751,1826),(2892,951,853),(2893,2090,853),(2894,2090,899),(2895,951,899),(2896,951,1350),(2897,2090,1350),(2898,951,1597),(2899,2090,1597),(2900,2090,1922),(2901,951,1922),(2902,176,483),(2903,1223,483),(2904,176,1031),(2905,1223,1031),(2906,1223,1135),(2907,176,1135),(2908,176,1141),(2909,1223,1141),(2910,176,1351),(2911,1223,1351),(2912,1223,1826),(2913,176,1826),(2914,1496,1351),(2915,450,1351),(2916,450,1853),(2917,1496,1853),(2918,724,853),(2919,1770,853),(2920,724,1147),(2921,1770,1147),(2922,724,1179),(2923,1770,1179),(2924,1770,1846),(2925,724,1846),(2926,2044,732),(2927,998,732),(2928,998,1179),(2929,2044,1179),(2930,2044,1350),(2931,998,1350),(2932,2044,1910),(2933,998,1910),(2934,1270,1351),(2935,130,1351),(2936,1270,1945),(2937,130,1945),(2938,404,590),(2939,1543,590),(2940,404,731),(2941,1543,731),(2942,404,853),(2943,1543,853),(2944,1543,1180),(2945,404,1180),(2946,404,1841),(2947,1543,1841),(2948,678,1136),(2949,1817,1136),(2950,678,1937),(2951,1817,1937),(2952,2091,729),(2953,952,729),(2954,952,1135),(2955,2091,1135),(2956,2091,1299),(2957,952,1299),(2958,952,1350),(2959,2091,1350),(2960,2091,1518),(2961,952,1518),(2962,2091,1846),(2963,952,1846),(2964,177,1066),(2965,1224,1066),(2966,1224,1920),(2967,177,1920),(2968,451,853),(2969,1497,853),(2970,1497,1174),(2971,451,1174),(2972,451,1180),(2973,1497,1180),(2974,1497,1856),(2975,451,1856),(2976,1771,1033),(2977,725,1033),(2978,1771,1142),(2979,725,1142),(2980,1771,1937),(2981,725,1937),(2982,358,854),(2983,358,1179),(2984,358,1821),(2985,2045,437),(2986,999,437),(2987,999,593),(2988,2045,593),(2989,2045,1045),(2990,999,1045),(2991,2045,1812),(2992,999,1812),(2993,1271,1033),(2994,131,1033),(2995,131,1135),(2996,1271,1135),(2997,1271,1217),(2998,131,1217),(2999,1271,1351),(3000,131,1351),(3001,131,1903),(3002,1271,1903),(3003,1544,848),(3004,405,848),(3005,1544,853),(3006,405,853),(3007,405,1142),(3008,1544,1142),(3009,1544,1517),(3010,405,1517),(3011,405,1912),(3012,1544,1912),(3013,679,591),(3014,1818,591),(3015,1818,689),(3016,679,689),(3017,679,1853),(3018,1818,1853),(3019,953,1587),(3020,2092,1587),(3021,953,1824),(3022,2092,1824),(3023,178,1592),(3024,1225,1592),(3025,178,1824),(3026,1225,1824),(3027,2025,887),(3028,2025,1350),(3029,2025,1804),(3030,452,619),(3031,1498,619),(3032,452,650),(3033,1498,650),(3034,1498,729),(3035,452,729),(3036,1498,1135),(3037,452,1135),(3038,1498,1518),(3039,452,1518),(3040,452,1853),(3041,1498,1853),(3042,111,732),(3043,111,853),(3044,111,1135),(3045,111,1817),(3046,726,853),(3047,1772,853),(3048,726,1135),(3049,1772,1135),(3050,726,1175),(3051,1772,1175),(3052,726,1936),(3053,1772,1936),(3054,2046,704),(3055,1000,704),(3056,2046,1135),(3057,1000,1135),(3058,1000,1179),(3059,2046,1179),(3060,2046,1351),(3061,1000,1351),(3062,1000,1853),(3063,2046,1853),(3064,132,731),(3065,1272,731),(3066,132,853),(3067,1272,853),(3068,1272,1136),(3069,132,1136),(3070,132,1856),(3071,1272,1856),(3072,1545,853),(3073,406,853),(3074,1545,1034),(3075,406,1034),(3076,1545,1517),(3077,406,1517),(3078,406,1912),(3079,1545,1912),(3080,680,1015),(3081,1819,1015),(3082,680,1175),(3083,1819,1175),(3084,680,1937),(3085,1819,1937),(3086,2093,619),(3087,954,619),(3088,954,1031),(3089,2093,1031),(3090,954,1237),(3091,2093,1237),(3092,954,1350),(3093,2093,1350),(3094,2093,1826),(3095,954,1826),(3096,179,554),(3097,1226,554),(3098,179,689),(3099,1226,689),(3100,179,1180),(3101,1226,1180),(3102,1226,1833),(3103,179,1833),(3104,1499,1033),(3105,453,1033),(3106,1499,1351),(3107,453,1351),(3108,453,1869),(3109,1499,1869),(3110,727,731),(3111,1773,731),(3112,1773,853),(3113,727,853),(3114,727,1300),(3115,1773,1300),(3116,727,1807),(3117,1773,1807),(3118,2047,490),(3119,1001,490),(3120,1001,729),(3121,2047,729),(3122,2047,1350),(3123,1001,1350),(3124,2047,1516),(3125,1001,1516),(3126,1001,1846),(3127,2047,1846),(3128,133,731),(3129,1273,731),(3130,133,853),(3131,1273,853),(3132,1273,1155),(3133,133,1155),(3134,1273,1283),(3135,133,1283),(3136,133,1299),(3137,1273,1299),(3138,133,1583),(3139,1273,1583),(3140,133,1905),(3141,1273,1905),(3142,1546,1351),(3143,407,1351),(3144,407,1890),(3145,1546,1890),(3146,681,853),(3147,1820,853),(3148,1820,1155),(3149,681,1155),(3150,1820,1179),(3151,681,1179),(3152,681,1913),(3153,1820,1913),(3154,2094,1299),(3155,955,1299),(3156,2094,1351),(3157,955,1351),(3158,2094,1517),(3159,955,1517),(3160,2094,1912),(3161,955,1912),(3162,180,1351),(3163,1227,1351),(3164,1227,1945),(3165,180,1945),(3166,1500,731),(3167,454,731),(3168,1500,853),(3169,454,853),(3170,454,1180),(3171,1500,1180),(3172,1500,1860),(3173,454,1860),(3174,728,1135),(3175,1774,1135),(3176,728,1351),(3177,1774,1351),(3178,1774,1940),(3179,728,1940),(3180,2048,483),(3181,1002,483),(3182,1002,828),(3183,2048,828),(3184,1002,853),(3185,2048,853),(3186,1002,1032),(3187,2048,1032),(3188,2048,1135),(3189,1002,1135),(3190,1002,1826),(3191,2048,1826),(3192,134,828),(3193,1274,828),(3194,1274,853),(3195,134,853),(3196,134,1032),(3197,1274,1032),(3198,134,1135),(3199,1274,1135),(3200,134,1826),(3201,1274,1826),(3202,408,1179),(3203,1547,1179),(3204,1547,1351),(3205,408,1351),(3206,1547,1515),(3207,408,1515),(3208,408,1912),(3209,1547,1912),(3210,385,1034),(3211,385,1937),(3212,1821,848),(3213,682,848),(3214,682,1141),(3215,1821,1141),(3216,682,1351),(3217,1821,1351),(3218,682,1890),(3219,1821,1890),(3220,956,1135),(3221,2095,1135),(3222,2095,1351),(3223,956,1351),(3224,956,1833),(3225,2095,1833),(3226,181,1031),(3227,1228,1031),(3228,1228,1135),(3229,181,1135),(3230,1228,1351),(3231,181,1351),(3232,181,1852),(3233,1228,1852),(3234,1501,641),(3235,455,641),(3236,1501,1135),(3237,455,1135),(3238,1501,1351),(3239,455,1351),(3240,455,1884),(3241,1501,1884),(3242,729,469),(3243,1775,469),(3244,729,1179),(3245,1775,1179),(3246,729,1351),(3247,1775,1351),(3248,729,1804),(3249,1775,1804),(3250,1003,673),(3251,2049,673),(3252,2049,704),(3253,1003,704),(3254,1003,853),(3255,2049,853),(3256,1003,866),(3257,2049,866),(3258,1003,1873),(3259,2049,1873),(3260,1275,619),(3261,135,619),(3262,135,1135),(3263,1275,1135),(3264,1275,1177),(3265,135,1177),(3266,135,1350),(3267,1275,1350),(3268,1275,1804),(3269,135,1804),(3270,1548,469),(3271,409,469),(3272,1548,853),(3273,409,853),(3274,409,1300),(3275,1548,1300),(3276,409,1813),(3277,1548,1813),(3278,1822,458),(3279,683,458),(3280,1822,853),(3281,683,853),(3282,683,1180),(3283,1822,1180),(3284,1822,1807),(3285,683,1807),(3286,957,1135),(3287,2096,1135),(3288,2096,1351),(3289,957,1351),(3290,2096,1940),(3291,957,1940),(3292,1229,650),(3293,182,650),(3294,1229,765),(3295,182,765),(3296,182,1847),(3297,1229,1847),(3298,1502,704),(3299,456,704),(3300,1502,853),(3301,456,853),(3302,1502,1064),(3303,456,1064),(3304,456,1350),(3305,1502,1350),(3306,456,1847),(3307,1502,1847),(3308,1776,738),(3309,730,738),(3310,730,1135),(3311,1776,1135),(3312,1776,1141),(3313,730,1141),(3314,730,1351),(3315,1776,1351),(3316,730,1515),(3317,1776,1515),(3318,730,1912),(3319,1776,1912),(3320,2050,704),(3321,1004,704),(3322,1004,765),(3323,2050,765),(3324,1004,853),(3325,2050,853),(3326,1004,1350),(3327,2050,1350),(3328,1004,1847),(3329,2050,1847),(3330,136,514),(3331,1276,514),(3332,136,731),(3333,1276,731),(3334,136,853),(3335,1276,853),(3336,1276,1180),(3337,136,1180),(3338,136,1841),(3339,1276,1841),(3340,1549,1351),(3341,410,1351),(3342,410,1945),(3343,1549,1945),(3344,684,605),(3345,1823,605),(3346,1823,842),(3347,684,842),(3348,1823,853),(3349,684,853),(3350,1823,1136),(3351,684,1136),(3352,684,1350),(3353,1823,1350),(3354,684,1861),(3355,1823,1861),(3356,958,438),(3357,2097,438),(3358,958,805),(3359,2097,805),(3360,958,1821),(3361,2097,1821),(3362,183,689),(3363,1230,689),(3364,183,1179),(3365,1230,1179),(3366,1230,1217),(3367,183,1217),(3368,183,1351),(3369,1230,1351),(3370,1230,1853),(3371,183,1853),(3372,457,1351),(3373,1503,1351),(3374,457,1515),(3375,1503,1515),(3376,457,1912),(3377,1503,1912),(3378,731,805),(3379,1777,805),(3380,731,843),(3381,1777,843),(3382,1777,1351),(3383,731,1351),(3384,1777,1916),(3385,731,1916),(3386,659,1351),(3387,659,1904),(3388,2051,650),(3389,1005,650),(3390,2051,805),(3391,1005,805),(3392,1005,1135),(3393,2051,1135),(3394,2051,1351),(3395,1005,1351),(3396,2051,1797),(3397,1005,1797),(3398,1277,1031),(3399,137,1031),(3400,137,1135),(3401,1277,1135),(3402,1277,1351),(3403,137,1351),(3404,137,1869),(3405,1277,1869),(3406,1550,853),(3407,411,853),(3408,1550,1351),(3409,411,1351),(3410,411,1870),(3411,1550,1870),(3412,685,738),(3413,1824,738),(3414,1824,1351),(3415,685,1351),(3416,685,1515),(3417,1824,1515),(3418,685,1912),(3419,1824,1912),(3420,2098,853),(3421,959,853),(3422,959,1180),(3423,2098,1180),(3424,2098,1913),(3425,959,1913),(3426,184,1141),(3427,1231,1141),(3428,184,1351),(3429,1231,1351),(3430,1231,1934),(3431,184,1934),(3432,458,469),(3433,1504,469),(3434,458,490),(3435,1504,490),(3436,458,1351),(3437,1504,1351),(3438,458,1804),(3439,1504,1804),(3440,732,731),(3441,1778,731),(3442,732,853),(3443,1778,853),(3444,732,868),(3445,1778,868),(3446,732,1013),(3447,1778,1013),(3448,1778,1846),(3449,732,1846),(3450,933,1351),(3451,933,1941),(3452,1006,1135),(3453,2052,1135),(3454,2052,1351),(3455,1006,1351),(3456,1006,1916),(3457,2052,1916),(3458,138,1135),(3459,1278,1135),(3460,1278,1351),(3461,138,1351),(3462,138,1515),(3463,1278,1515),(3464,1278,1912),(3465,138,1912),(3466,412,1033),(3467,1551,1033),(3468,412,1351),(3469,1551,1351),(3470,412,1890),(3471,1551,1890),(3472,1825,843),(3473,686,843),(3474,1825,853),(3475,686,853),(3476,686,1135),(3477,1825,1135),(3478,1825,1177),(3479,686,1177),(3480,1825,1813),(3481,686,1813),(3482,2099,853),(3483,960,853),(3484,960,1135),(3485,2099,1135),(3486,960,1279),(3487,2099,1279),(3488,960,1821),(3489,2099,1821),(3490,1232,1135),(3491,185,1135),(3492,185,1351),(3493,1232,1351),(3494,1232,1913),(3495,185,1913),(3496,1205,1033),(3497,1205,1351),(3498,1205,1910),(3499,1505,1135),(3500,459,1135),(3501,459,1351),(3502,1505,1351),(3503,1505,1927),(3504,459,1927),(3505,733,854),(3506,1779,854),(3507,733,1179),(3508,1779,1179),(3509,733,1932),(3510,1779,1932),(3511,1478,704),(3512,1478,843),(3513,1478,853),(3514,1478,972),(3515,1478,1135),(3516,1478,1179),(3517,1478,1350),(3518,1478,1842),(3519,1007,718),(3520,2053,718),(3521,2053,1180),(3522,1007,1180),(3523,1007,1900),(3524,2053,1900),(3525,1752,738),(3526,1752,1014),(3527,1752,1179),(3528,1752,1351),(3529,1752,1913),(3530,1279,732),(3531,139,732),(3532,1279,1350),(3533,139,1350),(3534,1279,1853),(3535,139,1853),(3536,413,567),(3537,1552,567),(3538,413,704),(3539,1552,704),(3540,413,1350),(3541,1552,1350),(3542,413,1797),(3543,1552,1797),(3544,687,1031),(3545,1826,1031),(3546,687,1033),(3547,1826,1033),(3548,1826,1351),(3549,687,1351),(3550,687,1869),(3551,1826,1869),(3552,2026,729),(3553,2026,1135),(3554,2026,1351),(3555,2026,1515),(3556,2026,1852),(3557,2100,853),(3558,961,853),(3559,2100,1136),(3560,961,1136),(3561,2100,1856),(3562,961,1856),(3563,1233,1032),(3564,186,1032),(3565,186,1033),(3566,1233,1033),(3567,1233,1937),(3568,186,1937),(3569,1506,1135),(3570,460,1135),(3571,1506,1351),(3572,460,1351),(3573,460,1797),(3574,1506,1797),(3575,734,843),(3576,1780,843),(3577,1780,1136),(3578,734,1136),(3579,1780,1903),(3580,734,1903),(3581,2054,1033),(3582,1008,1033),(3583,1008,1142),(3584,2054,1142),(3585,1008,1937),(3586,2054,1937),(3587,1280,1135),(3588,140,1135),(3589,140,1180),(3590,1280,1180),(3591,1280,1350),(3592,140,1350),(3593,140,1937),(3594,1280,1937),(3595,1553,786),(3596,414,786),(3597,414,899),(3598,1553,899),(3599,1553,1135),(3600,414,1135),(3601,1553,1562),(3602,414,1562),(3603,1553,1833),(3604,414,1833),(3605,112,490),(3606,112,805),(3607,112,1303),(3608,112,1351),(3609,112,1814),(3610,688,828),(3611,1827,828),(3612,1827,853),(3613,688,853),(3614,688,982),(3615,1827,982),(3616,1827,1032),(3617,688,1032),(3618,688,1135),(3619,1827,1135),(3620,1827,1826),(3621,688,1826),(3622,962,1034),(3623,2101,1034),(3624,2101,1937),(3625,962,1937),(3626,187,437),(3627,1234,437),(3628,187,827),(3629,1234,827),(3630,1234,1032),(3631,187,1032),(3632,1234,1135),(3633,187,1135),(3634,187,1826),(3635,1234,1826),(3636,386,741),(3637,386,1135),(3638,386,1179),(3639,386,1350),(3640,386,1904),(3641,660,1034),(3642,660,1937),(3643,934,738),(3644,934,887),(3645,934,1350),(3646,934,1853),(3647,461,470),(3648,1507,470),(3649,461,591),(3650,1507,591),(3651,1507,1833),(3652,461,1833),(3653,1781,1064),(3654,735,1064),(3655,735,1135),(3656,1781,1135),(3657,1781,1903),(3658,735,1903),(3659,2055,1351),(3660,1009,1351),(3661,1009,1945),(3662,2055,1945),(3663,1281,1136),(3664,141,1136),(3665,1281,1900),(3666,141,1900),(3667,1554,853),(3668,415,853),(3669,415,1033),(3670,1554,1033),(3671,1554,1136),(3672,415,1136),(3673,415,1913),(3674,1554,1913),(3675,689,805),(3676,1828,805),(3677,1828,887),(3678,689,887),(3679,689,1350),(3680,1828,1350),(3681,689,1853),(3682,1828,1853),(3683,963,805),(3684,2102,805),(3685,963,887),(3686,2102,887),(3687,963,1141),(3688,2102,1141),(3689,963,1350),(3690,2102,1350),(3691,2102,1853),(3692,963,1853),(3693,219,1142),(3694,219,1853),(3695,1235,1032),(3696,188,1032),(3697,1235,1135),(3698,188,1135),(3699,1235,1937),(3700,188,1937),(3701,1508,704),(3702,462,704),(3703,1508,1351),(3704,462,1351),(3705,462,1891),(3706,1508,1891),(3707,1782,704),(3708,736,704),(3709,736,756),(3710,1782,756),(3711,736,1903),(3712,1782,1903),(3713,1010,469),(3714,2056,469),(3715,1010,853),(3716,2056,853),(3717,2056,1180),(3718,1010,1180),(3719,2056,1813),(3720,1010,1813),(3721,1282,1950),(3722,142,1950),(3723,1206,854),(3724,1206,1033),(3725,1206,1934),(3726,416,590),(3727,1555,590),(3728,416,731),(3729,1555,731),(3730,416,853),(3731,1555,853),(3732,1555,1033),(3733,416,1033),(3734,416,1180),(3735,1555,1180),(3736,416,1350),(3737,1555,1350),(3738,1555,1860),(3739,416,1860),(3740,1829,1351),(3741,690,1351),(3742,1829,1904),(3743,690,1904),(3744,964,1033),(3745,2103,1033),(3746,964,1135),(3747,2103,1135),(3748,964,1218),(3749,2103,1218),(3750,2103,1937),(3751,964,1937),(3752,189,741),(3753,1236,741),(3754,1236,1135),(3755,189,1135),(3756,1236,1350),(3757,189,1350),(3758,189,1910),(3759,1236,1910),(3760,463,1179),(3761,1509,1179),(3762,1509,1351),(3763,463,1351),(3764,1509,1940),(3765,463,1940),(3766,737,853),(3767,1783,853),(3768,737,899),(3769,1783,899),(3770,1783,1179),(3771,737,1179),(3772,737,1511),(3773,1783,1511),(3774,1783,1922),(3775,737,1922),(3776,1011,729),(3777,2057,729),(3778,1011,1135),(3779,2057,1135),(3780,1011,1518),(3781,2057,1518),(3782,1011,1833),(3783,2057,1833),(3784,143,593),(3785,1283,593),(3786,143,689),(3787,1283,689),(3788,1283,1045),(3789,143,1045),(3790,143,1299),(3791,1283,1299),(3792,143,1350),(3793,1283,1350),(3794,143,1833),(3795,1283,1833),(3796,1556,490),(3797,417,490),(3798,417,1179),(3799,1556,1179),(3800,417,1351),(3801,1556,1351),(3802,417,1846),(3803,1556,1846),(3804,691,490),(3805,1830,490),(3806,691,1179),(3807,1830,1179),(3808,691,1351),(3809,1830,1351),(3810,691,1846),(3811,1830,1846),(3812,2104,1135),(3813,965,1135),(3814,2104,1351),(3815,965,1351),(3816,965,1926),(3817,2104,1926),(3818,1237,854),(3819,190,854),(3820,190,1821),(3821,1237,1821),(3822,1510,729),(3823,464,729),(3824,1510,1135),(3825,464,1135),(3826,1510,1351),(3827,464,1351),(3828,1510,1515),(3829,464,1515),(3830,464,1856),(3831,1510,1856),(3832,1479,718),(3833,1479,853),(3834,1479,1179),(3835,1479,1229),(3836,1479,1799),(3837,1784,1136),(3838,738,1136),(3839,1784,1937),(3840,738,1937),(3841,1012,731),(3842,2058,731),(3843,1012,828),(3844,2058,828),(3845,1012,853),(3846,2058,853),(3847,1012,1147),(3848,2058,1147),(3849,1012,1179),(3850,2058,1179),(3851,1012,1907),(3852,2058,1907),(3853,1284,469),(3854,144,469),(3855,1284,1179),(3856,144,1179),(3857,144,1351),(3858,1284,1351),(3859,144,1813),(3860,1284,1813),(3861,418,490),(3862,1557,490),(3863,1557,590),(3864,418,590),(3865,418,853),(3866,1557,853),(3867,418,1045),(3868,1557,1045),(3869,418,1179),(3870,1557,1179),(3871,418,1326),(3872,1557,1326),(3873,418,1832),(3874,1557,1832),(3875,692,805),(3876,1831,805),(3877,1831,853),(3878,692,853),(3879,1831,1240),(3880,692,1240),(3881,692,1913),(3882,1831,1913),(3883,966,738),(3884,2105,738),(3885,966,782),(3886,2105,782),(3887,966,854),(3888,2105,854),(3889,2105,1135),(3890,966,1135),(3891,966,1852),(3892,2105,1852),(3893,1753,459),(3894,1753,853),(3895,1753,1179),(3896,1753,1805),(3897,191,740),(3898,1238,740),(3899,191,1135),(3900,1238,1135),(3901,191,1351),(3902,1238,1351),(3903,191,1869),(3904,1238,1869),(3905,465,801),(3906,1511,801),(3907,1511,805),(3908,465,805),(3909,1511,853),(3910,465,853),(3911,465,1135),(3912,1511,1135),(3913,1511,1351),(3914,465,1351),(3915,1511,1916),(3916,465,1916),(3917,739,854),(3918,1785,854),(3919,739,1586),(3920,1785,1586),(3921,1785,1824),(3922,739,1824),(3923,1013,828),(3924,2059,828),(3925,1013,853),(3926,2059,853),(3927,1013,1032),(3928,2059,1032),(3929,2059,1135),(3930,1013,1135),(3931,1013,1826),(3932,2059,1826),(3933,145,731),(3934,1285,731),(3935,145,853),(3936,1285,853),(3937,145,1180),(3938,1285,1180),(3939,1285,1860),(3940,145,1860),(3941,419,853),(3942,1558,853),(3943,1558,1136),(3944,419,1136),(3945,1558,1517),(3946,419,1517),(3947,419,1912),(3948,1558,1912),(3949,693,729),(3950,1832,729),(3951,693,805),(3952,1832,805),(3953,1832,853),(3954,693,853),(3955,693,1179),(3956,1832,1179),(3957,693,1351),(3958,1832,1351),(3959,693,1515),(3960,1832,1515),(3961,1832,1517),(3962,693,1517),(3963,1832,1912),(3964,693,1912),(3965,2106,853),(3966,967,853),(3967,967,1180),(3968,2106,1180),(3969,967,1813),(3970,2106,1813),(3971,192,854),(3972,1239,854),(3973,1239,1934),(3974,192,1934),(3975,466,847),(3976,1512,847),(3977,1512,853),(3978,466,853),(3979,1512,1033),(3980,466,1033),(3981,1512,1136),(3982,466,1136),(3983,466,1350),(3984,1512,1350),(3985,466,1870),(3986,1512,1870),(3987,740,554),(3988,1786,554),(3989,1786,704),(3990,740,704),(3991,1786,854),(3992,740,854),(3993,740,1135),(3994,1786,1135),(3995,740,1813),(3996,1786,1813),(3997,2060,689),(3998,1014,689),(3999,1014,1179),(4000,2060,1179),(4001,1014,1351),(4002,2060,1351),(4003,1014,1794),(4004,2060,1794),(4005,146,853),(4006,1286,853),(4007,146,1033),(4008,1286,1033),(4009,1286,1135),(4010,146,1135),(4011,146,1351),(4012,1286,1351),(4013,146,1916),(4014,1286,1916),(4015,420,854),(4016,1559,854),(4017,1559,1914),(4018,420,1914),(4019,694,1135),(4020,1833,1135),(4021,694,1217),(4022,1833,1217),(4023,694,1351),(4024,1833,1351),(4025,694,1916),(4026,1833,1916),(4027,968,738),(4028,2107,738),(4029,968,854),(4030,2107,854),(4031,968,1135),(4032,2107,1135),(4033,968,1812),(4034,2107,1812),(4035,1240,854),(4036,193,854),(4037,1240,1135),(4038,193,1135),(4039,193,1916),(4040,1240,1916),(4041,467,738),(4042,1513,738),(4043,1513,1136),(4044,467,1136),(4045,467,1833),(4046,1513,1833),(4047,741,843),(4048,1787,843),(4049,1787,854),(4050,741,854),(4051,1787,1135),(4052,741,1135),(4053,741,1853),(4054,1787,1853),(4055,2061,1034),(4056,1015,1034),(4057,2061,1937),(4058,1015,1937),(4059,1287,1179),(4060,147,1179),(4061,1287,1327),(4062,147,1327),(4063,147,1833),(4064,1287,1833),(4065,421,689),(4066,1560,689),(4067,421,1136),(4068,1560,1136),(4069,1560,1853),(4070,421,1853),(4071,1834,853),(4072,695,853),(4073,695,963),(4074,1834,963),(4075,695,1135),(4076,1834,1135),(4077,695,1150),(4078,1834,1150),(4079,695,1916),(4080,1834,1916),(4081,632,490),(4082,632,1179),(4083,632,1351),(4084,632,1846),(4085,969,425),(4086,2108,425),(4087,969,437),(4088,2108,437),(4089,2108,555),(4090,969,555),(4091,2108,587),(4092,969,587),(4093,969,591),(4094,2108,591),(4095,2108,853),(4096,969,853),(4097,969,1135),(4098,2108,1135),(4099,969,1179),(4100,2108,1179),(4101,969,1586),(4102,2108,1586),(4103,969,1813),(4104,2108,1813),(4105,194,490),(4106,1241,490),(4107,1241,704),(4108,194,704),(4109,1241,1135),(4110,194,1135),(4111,194,1351),(4112,1241,1351),(4113,1241,1804),(4114,194,1804),(4115,1514,1135),(4116,468,1135),(4117,468,1351),(4118,1514,1351),(4119,468,1918),(4120,1514,1918),(4121,742,853),(4122,1788,853),(4123,742,1300),(4124,1788,1300),(4125,742,1882),(4126,1788,1882),(4127,2062,1135),(4128,1016,1135),(4129,1016,1351),(4130,2062,1351),(4131,1016,1932),(4132,2062,1932),(4133,148,689),(4134,1288,689),(4135,1288,704),(4136,148,704),(4137,1288,1325),(4138,148,1325),(4139,148,1350),(4140,1288,1350),(4141,148,1833),(4142,1288,1833),(4143,1561,1135),(4144,422,1135),(4145,1561,1228),(4146,422,1228),(4147,1561,1269),(4148,422,1269),(4149,422,1350),(4150,1561,1350),(4151,422,1937),(4152,1561,1937),(4153,696,1351),(4154,1835,1351),(4155,696,1945),(4156,1835,1945),(4157,970,537),(4158,2109,537),(4159,2109,650),(4160,970,650),(4161,2109,738),(4162,970,738),(4163,970,1033),(4164,2109,1033),(4165,2109,1136),(4166,970,1136),(4167,970,1350),(4168,2109,1350),(4169,2109,1641),(4170,970,1641),(4171,195,1136),(4172,1242,1136),(4173,1242,1937),(4174,195,1937),(4175,1515,805),(4176,469,805),(4177,469,851),(4178,1515,851),(4179,1515,853),(4180,469,853),(4181,1515,1135),(4182,469,1135),(4183,469,1351),(4184,1515,1351),(4185,469,1890),(4186,1515,1890),(4187,1789,1351),(4188,743,1351),(4189,1789,1941),(4190,743,1941),(4191,1017,853),(4192,2063,853),(4193,2063,1136),(4194,1017,1136),(4195,1017,1936),(4196,2063,1936),(4197,149,853),(4198,1289,853),(4199,1289,1351),(4200,149,1351),(4201,149,1890),(4202,1289,1890),(4203,1562,579),(4204,423,579),(4205,1562,853),(4206,423,853),(4207,423,1032),(4208,1562,1032),(4209,423,1135),(4210,1562,1135),(4211,1562,1826),(4212,423,1826),(4213,331,1950),(4214,605,1351),(4215,605,1916),(4216,906,1351),(4217,906,1945),(4218,697,1351),(4219,1836,1351),(4220,697,1945),(4221,1836,1945),(4222,2110,1351),(4223,971,1351),(4224,2110,1941),(4225,971,1941),(4226,493,731),(4227,493,764),(4228,493,853),(4229,493,1045),(4230,493,1833),(4231,1178,470),(4232,1178,704),(4233,1178,853),(4234,1178,1351),(4235,1178,1813),(4236,2027,887),(4237,2027,1135),(4238,2027,1228),(4239,2027,1350),(4240,2027,1903),(4241,1243,469),(4242,196,469),(4243,196,490),(4244,1243,490),(4245,196,1351),(4246,1243,1351),(4247,196,1797),(4248,1243,1797),(4249,113,1179),(4250,113,1351),(4251,113,1913),(4252,470,655),(4253,1516,655),(4254,1516,731),(4255,470,731),(4256,470,853),(4257,1516,853),(4258,470,1175),(4259,1516,1175),(4260,470,1299),(4261,1516,1299),(4262,470,1846),(4263,1516,1846),(4264,2160,1034),(4265,2160,1937),(4266,744,1251),(4267,1790,1251),(4268,744,1937),(4269,1790,1937),(4270,1355,731),(4271,1355,854),(4272,1355,1324),(4273,1355,1880),(4274,2064,690),(4275,1018,690),(4276,2064,1890),(4277,1018,1890),(4278,1290,729),(4279,150,729),(4280,150,853),(4281,1290,853),(4282,1290,1136),(4283,150,1136),(4284,1290,1174),(4285,150,1174),(4286,150,1517),(4287,1290,1517),(4288,1290,1880),(4289,150,1880),(4290,1589,729),(4291,1589,805),(4292,1589,1228),(4293,1589,1351),(4294,1589,1515),(4295,1589,1832),(4296,424,854),(4297,1563,854),(4298,1563,1135),(4299,424,1135),(4300,424,1930),(4301,1563,1930),(4302,1837,659),(4303,698,659),(4304,698,731),(4305,1837,731),(4306,698,853),(4307,1837,853),(4308,698,1300),(4309,1837,1300),(4310,698,1813),(4311,1837,1813),(4312,387,469),(4313,387,1179),(4314,387,1281),(4315,387,1351),(4316,387,1831),(4317,661,853),(4318,661,1034),(4319,661,1350),(4320,661,1890),(4321,767,738),(4322,767,853),(4323,767,1135),(4324,767,1351),(4325,767,1890),(4326,1451,708),(4327,1451,853),(4328,1451,1135),(4329,1451,1155),(4330,1451,1179),(4331,1451,1583),(4332,1451,1904),(4333,1041,853),(4334,1041,1135),(4335,1041,1179),(4336,1041,1224),(4337,1041,1350),(4338,1041,1904),(4339,1313,853),(4340,1313,982),(4341,1313,1154),(4342,1313,1222),(4343,1313,1805),(4344,1320,490),(4345,1320,703),(4346,1320,704),(4347,1320,764),(4348,1320,853),(4349,1320,1172),(4350,1320,1176),(4351,1320,1367),(4352,1320,1821),(4353,1586,843),(4354,1586,1351),(4355,1586,1897),(4356,935,469),(4357,935,1299),(4358,935,1351),(4359,935,1804),(4360,1725,619),(4361,1725,1135),(4362,1725,1351),(4363,1725,1853),(4364,822,650),(4365,822,704),(4366,822,1034),(4367,822,1350),(4368,822,1890),(4369,1593,415),(4370,1593,470),(4371,1593,604),(4372,1593,853),(4373,1593,1812),(4374,1145,853),(4375,1145,1136),(4376,1145,1913),(4377,1867,1135),(4378,1867,1351),(4379,1867,1880),(4380,2141,559),(4381,2141,586),(4382,2141,1350),(4383,2141,1833),(4384,1207,854),(4385,1207,1324),(4386,1207,1913),(4387,2111,732),(4388,972,732),(4389,972,853),(4390,2111,853),(4391,972,1135),(4392,2111,1135),(4393,972,1853),(4394,2111,1853),(4395,1480,1351),(4396,1480,1945),(4397,1999,853),(4398,1999,1032),(4399,1999,1135),(4400,1999,1826),(4401,1754,490),(4402,1754,731),(4403,1754,853),(4404,1754,1136),(4405,1754,1841),(4406,2028,828),(4407,2028,853),(4408,2028,1032),(4409,2028,1135),(4410,2028,1852),(4411,227,828),(4412,227,853),(4413,227,1135),(4414,227,1142),(4415,227,1852),(4416,501,853),(4417,501,1180),(4418,501,1835),(4419,197,741),(4420,1244,741),(4421,1244,1135),(4422,197,1135),(4423,1244,1179),(4424,197,1179),(4425,1244,1350),(4426,197,1350),(4427,197,1904),(4428,1244,1904),(4429,1995,537),(4430,1995,740),(4431,1995,792),(4432,1995,1014),(4433,1995,1135),(4434,1995,1351),(4435,1995,1807),(4436,1712,1135),(4437,1712,1217),(4438,1712,1351),(4439,1712,1853),(4440,879,1325),(4441,879,1813),(4442,114,1135),(4443,114,1351),(4444,114,1916),(4445,246,469),(4446,246,853),(4447,246,1174),(4448,246,1180),(4449,246,1813),(4450,388,469),(4451,388,729),(4452,388,1179),(4453,388,1351),(4454,388,1515),(4455,388,1813),(4456,520,1175),(4457,520,1179),(4458,520,1937),(4459,662,853),(4460,662,1136),(4461,662,1913),(4462,471,650),(4463,1517,650),(4464,1517,765),(4465,471,765),(4466,1517,1847),(4467,471,1847),(4468,85,1135),(4469,85,1189),(4470,85,1350),(4471,85,1805),(4472,1151,853),(4473,1151,1032),(4474,1151,1826),(4475,794,490),(4476,794,704),(4477,794,765),(4478,794,1350),(4479,794,1847),(4480,936,733),(4481,936,765),(4482,936,1272),(4483,936,1847),(4484,1418,853),(4485,1418,1033),(4486,1418,1135),(4487,1418,1180),(4488,1418,1350),(4489,1418,1904),(4490,81,1135),(4491,81,1351),(4492,81,1918),(4493,745,689),(4494,1791,689),(4495,1791,805),(4496,745,805),(4497,745,993),(4498,1791,993),(4499,745,1015),(4500,1791,1015),(4501,745,1804),(4502,1791,1804),(4503,1096,650),(4504,1096,765),(4505,1096,1847),(4506,1019,718),(4507,2065,718),(4508,2065,1034),(4509,1019,1034),(4510,2065,1833),(4511,1019,1833),(4512,1208,704),(4513,1208,731),(4514,1208,796),(4515,1208,853),(4516,1208,1135),(4517,1208,1350),(4518,1208,1903),(4519,1481,445),(4520,1481,731),(4521,1481,853),(4522,1481,1180),(4523,1481,1813),(4524,1755,1351),(4525,1755,1941),(4526,1068,1135),(4527,1068,1351),(4528,1068,1813),(4529,359,490),(4530,359,704),(4531,359,732),(4532,359,853),(4533,359,1350),(4534,359,1847),(4535,2029,853),(4536,2029,1032),(4537,2029,1179),(4538,2029,1826),(4539,1424,1351),(4540,1424,1941),(4541,633,1033),(4542,633,1135),(4543,633,1154),(4544,633,1274),(4545,633,1284),(4546,633,1937),(4547,1340,689),(4548,1340,786),(4549,1340,1175),(4550,1340,1179),(4551,1340,1595),(4552,1340,1833),(4553,1613,1136),(4554,1613,1937),(4555,907,1033),(4556,907,1135),(4557,907,1237),(4558,907,1350),(4559,907,1890),(4560,1887,787),(4561,1887,853),(4562,1887,1032),(4563,1887,1135),(4564,1887,1852),(4565,1986,853),(4566,1986,1033),(4567,1986,1275),(4568,1986,1350),(4569,1986,1870),(4570,72,483),(4571,72,787),(4572,72,853),(4573,72,1136),(4574,72,1223),(4575,72,1350),(4576,72,1828),(4577,346,751),(4578,346,854),(4579,346,1048),(4580,346,1582),(4581,346,1824),(4582,620,483),(4583,620,828),(4584,620,853),(4585,620,1032),(4586,620,1135),(4587,620,1826),(4588,894,853),(4589,894,1136),(4590,894,1832),(4591,1447,704),(4592,1447,1351),(4593,1447,1903),(4594,1039,731),(4595,1039,853),(4596,1039,1136),(4597,1039,1350),(4598,1039,1841),(4599,1698,1135),(4600,1698,1351),(4601,1698,1856),(4602,1166,490),(4603,1166,614),(4604,1166,887),(4605,1166,1350),(4606,1166,1812),(4607,1863,1180),(4608,1863,1853),(4609,1439,854),(4610,1439,1914),(4611,1713,415),(4612,1713,1351),(4613,1713,1813),(4614,1987,1135),(4615,1987,1351),(4616,1987,1515),(4617,1987,1912),(4618,1720,1351),(4619,1720,1945),(4620,1179,402),(4621,1179,469),(4622,1179,853),(4623,1179,1300),(4624,1179,1807),(4625,1452,828),(4626,1452,1136),(4627,1452,1833),(4628,1726,425),(4629,1726,659),(4630,1726,704),(4631,1726,854),(4632,1726,1561),(4633,1726,1586),(4634,1726,1816),(4635,1291,469),(4636,151,469),(4637,1291,854),(4638,151,854),(4639,1291,1812),(4640,151,1812),(4641,1564,1135),(4642,425,1135),(4643,425,1351),(4644,1564,1351),(4645,1564,1910),(4646,425,1910),(4647,2000,729),(4648,2000,853),(4649,2000,1135),(4650,2000,1229),(4651,2000,1517),(4652,2000,1820),(4653,86,1135),(4654,86,1351),(4655,86,1853),(4656,360,853),(4657,360,1155),(4658,360,1179),(4659,360,1583),(4660,360,1905),(4661,775,704),(4662,775,853),(4663,775,971),(4664,775,1586),(4665,775,1824),(4666,634,1180),(4667,634,1937),(4668,115,548),(4669,115,853),(4670,115,1016),(4671,115,1832),(4672,904,490),(4673,904,853),(4674,904,1300),(4675,904,1846),(4676,1176,853),(4677,1176,1136),(4678,1176,1913),(4679,699,452),(4680,1838,452),(4681,699,469),(4682,1838,469),(4683,699,854),(4684,1838,854),(4685,1838,1812),(4686,699,1812),(4687,908,452),(4688,908,469),(4689,908,731),(4690,908,764),(4691,908,925),(4692,908,1179),(4693,908,1350),(4694,908,1813),(4695,1311,446),(4696,1311,469),(4697,1311,490),(4698,1311,1135),(4699,1311,1350),(4700,1311,1804),(4701,1180,490),(4702,1180,1299),(4703,1180,1351),(4704,1180,1846),(4705,1453,853),(4706,1453,1045),(4707,1453,1920),(4708,2112,787),(4709,973,787),(4710,973,853),(4711,2112,853),(4712,973,1135),(4713,2112,1135),(4714,2112,1229),(4715,973,1229),(4716,973,1350),(4717,2112,1350),(4718,973,1852),(4719,2112,1852),(4720,1727,689),(4721,1727,1136),(4722,1727,1862),(4723,1049,490),(4724,1049,887),(4725,1049,1350),(4726,1049,1846),(4727,1860,469),(4728,1860,619),(4729,1860,805),(4730,1860,853),(4731,1860,995),(4732,1860,1179),(4733,1860,1350),(4734,1860,1839),(4735,872,732),(4736,872,853),(4737,872,1135),(4738,872,1350),(4739,872,1904),(4740,1321,467),(4741,1321,469),(4742,1321,490),(4743,1321,511),(4744,1321,764),(4745,1321,1032),(4746,1321,1135),(4747,1321,1228),(4748,1321,1350),(4749,1321,1813),(4750,1692,437),(4751,1692,469),(4752,1692,853),(4753,1692,1135),(4754,1692,1300),(4755,1692,1813),(4756,1896,1100),(4757,1896,1350),(4758,1896,1904),(4759,1628,853),(4760,1628,1165),(4761,1628,1166),(4762,1628,1339),(4763,1628,1350),(4764,1628,1931),(4765,1902,514),(4766,1902,729),(4767,1902,731),(4768,1902,853),(4769,1902,1136),(4770,1902,1174),(4771,1902,1274),(4772,1902,1350),(4773,1902,1515),(4774,1902,1832),(4775,2161,848),(4776,2161,853),(4777,2161,1142),(4778,2161,1913),(4779,2170,887),(4780,2170,1350),(4781,2170,1853),(4782,1368,579),(4783,1368,843),(4784,1368,853),(4785,1368,1135),(4786,1368,1204),(4787,1368,1826),(4788,247,469),(4789,247,731),(4790,247,1179),(4791,247,1351),(4792,247,1813),(4793,521,1079),(4794,521,1179),(4795,521,1351),(4796,521,1515),(4797,521,1912),(4798,795,741),(4799,795,1350),(4800,795,1914),(4801,1069,1135),(4802,1069,1351),(4803,1069,1794),(4804,1341,402),(4805,1341,607),(4806,1341,732),(4807,1341,1179),(4808,1341,1350),(4809,1341,1805),(4810,2176,729),(4811,2176,1179),(4812,2176,1281),(4813,2176,1351),(4814,2176,1515),(4815,2176,1794),(4816,262,1135),(4817,262,1351),(4818,262,1916),(4819,1614,1179),(4820,1614,1351),(4821,1614,1794),(4822,1317,1325),(4823,1317,1853),(4824,256,1031),(4825,256,1351),(4826,256,1826),(4827,530,845),(4828,530,1351),(4829,530,1916),(4830,1641,738),(4831,1641,1034),(4832,1641,1900),(4833,1888,1135),(4834,1888,1351),(4835,1888,1852),(4836,1915,1135),(4837,1915,1351),(4838,1915,1929),(4839,2189,1351),(4840,2189,1941),(4841,19,1136),(4842,19,1937),(4843,2001,708),(4844,2001,853),(4845,2001,1135),(4846,2001,1155),(4847,2001,1162),(4848,2001,1179),(4849,2001,1283),(4850,2001,1583),(4851,2001,1904),(4852,548,650),(4853,548,704),(4854,548,806),(4855,548,1852),(4856,1144,661),(4857,1144,731),(4858,1144,853),(4859,1144,1351),(4860,1144,1582),(4861,1144,1824),(4862,389,704),(4863,389,805),(4864,389,853),(4865,389,1299),(4866,389,1351),(4867,389,1870),(4868,1594,853),(4869,1594,1174),(4870,1594,1179),(4871,1594,1336),(4872,1594,1853),(4873,804,469),(4874,804,470),(4875,804,735),(4876,804,765),(4877,804,853),(4878,804,1135),(4879,804,1179),(4880,804,1350),(4881,804,1804),(4882,1966,508),(4883,1966,1350),(4884,1966,1846),(4885,2162,651),(4886,2162,1586),(4887,2162,1824),(4888,293,853),(4889,293,1135),(4890,293,1155),(4891,293,1283),(4892,293,1913),(4893,567,853),(4894,567,1117),(4895,567,1323),(4896,567,1517),(4897,567,1912),(4898,1078,1136),(4899,1078,1350),(4900,1078,1937),(4901,1350,787),(4902,1350,853),(4903,1350,1100),(4904,1350,1350),(4905,1350,1904),(4906,1623,711),(4907,1623,853),(4908,1623,1176),(4909,1623,1180),(4910,1623,1795),(4911,1912,764),(4912,1912,854),(4913,1912,1823),(4914,1417,469),(4915,1417,490),(4916,1417,752),(4917,1417,1135),(4918,1417,1350),(4919,1417,1813),(4920,902,437),(4921,902,658),(4922,902,659),(4923,902,689),(4924,902,729),(4925,902,853),(4926,902,1010),(4927,902,1135),(4928,902,1350),(4929,902,1517),(4930,902,1813),(4931,536,415),(4932,536,765),(4933,536,853),(4934,536,1179),(4935,536,1813),(4936,810,684),(4937,810,853),(4938,810,1135),(4939,810,1174),(4940,810,1179),(4941,810,1228),(4942,810,1350),(4943,810,1356),(4944,810,1868),(4945,1084,483),(4946,1084,787),(4947,1084,966),(4948,1084,967),(4949,1084,1179),(4950,1084,1339),(4951,1084,1350),(4952,1084,1805),(4953,52,1136),(4954,52,1937),(4955,1245,469),(4956,198,469),(4957,198,490),(4958,1245,490),(4959,1245,1299),(4960,198,1299),(4961,198,1351),(4962,1245,1351),(4963,198,1805),(4964,1245,1805),(4965,1691,483),(4966,1691,616),(4967,1691,729),(4968,1691,929),(4969,1691,932),(4970,1691,1135),(4971,1691,1188),(4972,1691,1223),(4973,1691,1351),(4974,1691,1515),(4975,1691,1574),(4976,1691,1801),(4977,1868,853),(4978,1868,1136),(4979,1868,1586),(4980,1868,1824),(4981,326,689),(4982,326,704),(4983,326,974),(4984,326,1350),(4985,326,1794),(4986,1897,1136),(4987,1897,1937),(4988,87,689),(4989,87,1135),(4990,87,1351),(4991,87,1813),(4992,73,1116),(4993,73,1586),(4994,73,1587),(4995,73,1824),(4996,472,1180),(4997,1518,1180),(4998,472,1937),(4999,1518,1937),(5000,361,853),(5001,361,1136),(5002,361,1350),(5003,361,1841),(5004,746,764),(5005,1792,764),(5006,1792,1044),(5007,746,1044),(5008,1792,1351),(5009,746,1351),(5010,746,1813),(5011,1792,1813),(5012,635,853),(5013,635,1300),(5014,635,1846),(5015,600,470),(5016,600,651),(5017,600,1812),(5018,909,1136),(5019,909,1937),(5020,1181,1033),(5021,1181,1142),(5022,1181,1937),(5023,1454,726),(5024,1454,764),(5025,1454,1880),(5026,1728,708),(5027,1728,853),(5028,1728,1155),(5029,1728,1179),(5030,1728,1583),(5031,1728,1815),(5032,2142,490),(5033,2142,1032),(5034,2142,1135),(5035,2142,1350),(5036,2142,1795),(5037,2002,1135),(5038,2002,1141),(5039,2002,1351),(5040,2002,1916),(5041,88,765),(5042,88,1847),(5043,362,718),(5044,362,1179),(5045,362,1351),(5046,362,1846),(5047,841,490),(5048,841,853),(5049,841,1300),(5050,841,1846),(5051,636,764),(5052,636,854),(5053,636,1847),(5054,228,765),(5055,228,1844),(5056,1642,1179),(5057,1642,1230),(5058,1642,1264),(5059,1642,1285),(5060,1642,1350),(5061,1642,1877),(5062,1020,853),(5063,2066,853),(5064,1020,1179),(5065,2066,1179),(5066,2066,1230),(5067,1020,1230),(5068,1020,1264),(5069,2066,1264),(5070,2066,1285),(5071,1020,1285),(5072,1020,1877),(5073,2066,1877),(5074,910,397),(5075,910,853),(5076,910,982),(5077,910,1179),(5078,910,1805),(5079,1182,437),(5080,1182,689),(5081,1182,755),(5082,1182,974),(5083,1182,1179),(5084,1182,1821),(5085,1455,1136),(5086,1455,1937),(5087,1729,1300),(5088,1729,1937),(5089,2003,1135),(5090,2003,1281),(5091,2003,1351),(5092,2003,1813),(5093,89,402),(5094,89,469),(5095,89,704),(5096,89,1179),(5097,89,1351),(5098,89,1812),(5099,363,469),(5100,363,704),(5101,363,1179),(5102,363,1351),(5103,363,1813),(5104,347,704),(5105,347,853),(5106,347,1136),(5107,347,1820),(5108,637,425),(5109,637,1561),(5110,637,1587),(5111,637,1824),(5112,663,650),(5113,663,765),(5114,663,1844),(5115,1174,1351),(5116,1174,1945),(5117,2134,848),(5118,2134,887),(5119,2134,1135),(5120,2134,1350),(5121,2134,1903),(5122,220,887),(5123,220,1033),(5124,220,1350),(5125,220,1853),(5126,874,704),(5127,874,731),(5128,874,805),(5129,874,853),(5130,874,1135),(5131,874,1351),(5132,874,1852),(5133,911,887),(5134,911,1350),(5135,911,1853),(5136,1965,731),(5137,1965,853),(5138,1965,1136),(5139,1965,1350),(5140,1965,1841),(5141,1146,593),(5142,1146,854),(5143,1146,1847),(5144,152,650),(5145,1292,650),(5146,152,705),(5147,1292,705),(5148,1292,1586),(5149,152,1586),(5150,152,1824),(5151,1292,1824),(5152,494,731),(5153,494,1351),(5154,494,1852),(5155,937,1351),(5156,937,1949),(5157,1183,853),(5158,1183,1136),(5159,1183,1936),(5160,1456,593),(5161,1456,853),(5162,1456,887),(5163,1456,1135),(5164,1456,1350),(5165,1456,1804),(5166,502,853),(5167,502,1044),(5168,502,1155),(5169,502,1920),(5170,1730,689),(5171,1730,1136),(5172,1730,1881),(5173,2004,924),(5174,2004,1044),(5175,2004,1228),(5176,2004,1351),(5177,2004,1882),(5178,90,718),(5179,90,854),(5180,90,1179),(5181,90,1906),(5182,2186,428),(5183,2186,854),(5184,2186,1509),(5185,2186,1824),(5186,2171,548),(5187,2171,651),(5188,2171,1509),(5189,2171,1824),(5190,364,853),(5191,364,1136),(5192,364,1923),(5193,1419,1179),(5194,1419,1260),(5195,1419,1558),(5196,1419,1937),(5197,768,1587),(5198,768,1944),(5199,272,1034),(5200,272,1833),(5201,638,1135),(5202,638,1180),(5203,638,1937),(5204,1209,853),(5205,1209,1180),(5206,1209,1833),(5207,51,650),(5208,51,664),(5209,51,704),(5210,51,1509),(5211,51,1824),(5212,325,1351),(5213,325,1945),(5214,912,805),(5215,912,854),(5216,912,1033),(5217,912,1833),(5218,546,425),(5219,546,651),(5220,546,1509),(5221,546,1586),(5222,546,1824),(5223,1482,425),(5224,1482,1585),(5225,1482,1587),(5226,1482,1824),(5227,1184,1034),(5228,1184,1937),(5229,1916,425),(5230,1916,650),(5231,1916,764),(5232,1916,854),(5233,1916,1048),(5234,1916,1509),(5235,1916,1809),(5236,1457,704),(5237,1457,1135),(5238,1457,1356),(5239,1457,1903),(5240,776,469),(5241,776,1299),(5242,776,1351),(5243,776,1813),(5244,1042,501),(5245,1042,764),(5246,1042,854),(5247,1042,1847),(5248,1731,714),(5249,1731,811),(5250,1731,853),(5251,1731,1821),(5252,248,901),(5253,248,1135),(5254,248,1155),(5255,248,1937),(5256,2005,689),(5257,2005,786),(5258,2005,853),(5259,2005,898),(5260,2005,1262),(5261,2005,1350),(5262,2005,1560),(5263,2005,1833),(5264,1,764),(5265,1,853),(5266,1,1033),(5267,1,1155),(5268,1,1179),(5269,1,1268),(5270,1,1904),(5271,426,731),(5272,1565,731),(5273,1565,764),(5274,426,764),(5275,1565,853),(5276,426,853),(5277,426,1044),(5278,1565,1044),(5279,426,1155),(5280,1565,1155),(5281,1565,1283),(5282,426,1283),(5283,426,1904),(5284,1565,1904),(5285,91,731),(5286,91,764),(5287,91,848),(5288,91,853),(5289,91,1155),(5290,91,1283),(5291,91,1904),(5292,1839,853),(5293,700,853),(5294,700,887),(5295,1839,887),(5296,700,1135),(5297,1839,1135),(5298,1839,1350),(5299,700,1350),(5300,1839,1804),(5301,700,1804),(5302,365,469),(5303,365,1179),(5304,365,1351),(5305,365,1804),(5306,275,650),(5307,275,768),(5308,275,1041),(5309,275,1048),(5310,275,1356),(5311,275,1586),(5312,275,1824),(5313,1356,428),(5314,1356,651),(5315,1356,1586),(5316,1356,1824),(5317,1756,403),(5318,1756,469),(5319,1756,853),(5320,1756,1350),(5321,1756,1804),(5322,257,512),(5323,257,651),(5324,257,1054),(5325,257,1586),(5326,257,1824),(5327,522,1135),(5328,522,1269),(5329,522,1350),(5330,522,1904),(5331,796,503),(5332,796,590),(5333,796,729),(5334,796,853),(5335,796,1281),(5336,796,1351),(5337,796,1517),(5338,796,1813),(5339,820,402),(5340,820,492),(5341,820,853),(5342,820,857),(5343,820,1351),(5344,820,1743),(5345,1094,1135),(5346,1094,1351),(5347,1094,1856),(5348,1584,729),(5349,1584,853),(5350,1584,1135),(5351,1584,1350),(5352,1584,1516),(5353,1584,1904),(5354,245,651),(5355,245,1586),(5356,245,1824),(5357,531,89),(5358,531,306),(5359,531,406),(5360,531,425),(5361,531,1033),(5362,531,1087),(5363,531,1351),(5364,531,1407),(5365,531,1586),(5366,531,1688),(5367,639,689),(5368,639,704),(5369,639,1055),(5370,639,1135),(5371,639,1179),(5372,639,1350),(5373,639,1833),(5374,1070,501),(5375,1070,853),(5376,1070,1180),(5377,1070,1851),(5378,1050,383),(5379,1050,704),(5380,1050,718),(5381,1050,843),(5382,1050,853),(5383,1050,1179),(5384,1050,1351),(5385,1050,1797),(5386,1322,738),(5387,1322,854),(5388,1322,1135),(5389,1322,1898),(5390,355,605),(5391,355,616),(5392,355,704),(5393,355,853),(5394,355,1136),(5395,355,1350),(5396,355,1852),(5397,1342,1173),(5398,1342,1920),(5399,1629,89),(5400,1629,358),(5401,1629,787),(5402,1629,863),(5403,1629,1135),(5404,1629,1223),(5405,1629,1338),(5406,1629,1350),(5407,1629,1356),(5408,1629,1506),(5409,1629,1680),(5410,1615,854),(5411,1615,1046),(5412,1615,1116),(5413,1615,1586),(5414,1615,1878),(5415,805,573),(5416,805,704),(5417,805,853),(5418,805,1069),(5419,805,1116),(5420,805,1155),(5421,805,1252),(5422,805,1586),(5423,805,1837),(5424,913,437),(5425,913,729),(5426,913,1136),(5427,913,1517),(5428,913,1813),(5429,1185,853),(5430,1185,1142),(5431,1185,1934),(5432,2155,562),(5433,2155,590),(5434,2155,596),(5435,2155,963),(5436,2155,1854),(5437,241,457),(5438,241,483),(5439,241,496),(5440,241,579),(5441,241,589),(5442,241,840),(5443,241,1021),(5444,241,1082),(5445,241,1556),(5446,241,1840),(5447,1660,853),(5448,1660,904),(5449,1660,1914),(5450,1934,376),(5451,1934,729),(5452,1934,736),(5453,1934,782),(5454,1934,853),(5455,1934,902),(5456,1934,1397),(5457,1934,1434),(5458,1934,1517),(5459,1934,1763),(5460,20,853),(5461,20,904),(5462,20,1914),(5463,294,736),(5464,294,782),(5465,294,853),(5466,294,901),(5467,294,984),(5468,294,1503),(5469,294,1580),(5470,294,1739),(5471,568,393),(5472,568,736),(5473,568,782),(5474,568,853),(5475,568,902),(5476,568,951),(5477,568,1442),(5478,568,1767),(5479,842,736),(5480,842,904),(5481,842,1350),(5482,842,1517),(5483,842,1912),(5484,1114,853),(5485,1114,904),(5486,1114,1914),(5487,1387,737),(5488,1387,1900),(5489,1661,736),(5490,1661,854),(5491,1661,1517),(5492,1661,1912),(5493,1935,736),(5494,1935,853),(5495,1935,904),(5496,1935,1517),(5497,1935,1912),(5498,21,736),(5499,21,853),(5500,21,904),(5501,21,1517),(5502,21,1912),(5503,295,737),(5504,295,1900),(5505,569,736),(5506,569,853),(5507,569,904),(5508,569,1517),(5509,569,1912),(5510,843,407),(5511,843,736),(5512,843,782),(5513,843,853),(5514,843,901),(5515,843,905),(5516,843,1399),(5517,843,1709),(5518,1115,736),(5519,1115,853),(5520,1115,904),(5521,1115,1817),(5522,1388,736),(5523,1388,854),(5524,1388,1817),(5525,1662,736),(5526,1662,854),(5527,1662,1817),(5528,1936,736),(5529,1936,854),(5530,1936,1817),(5531,22,736),(5532,22,854),(5533,22,1817),(5534,296,1952),(5535,570,1952),(5536,844,1952),(5537,1116,1952),(5538,1389,1952),(5539,1663,1952),(5540,1937,1952),(5541,7,502),(5542,7,665),(5543,7,854),(5544,7,1808),(5545,281,68),(5546,281,99),(5547,281,444),(5548,281,534),(5549,281,571),(5550,281,665),(5551,281,682),(5552,281,707),(5553,281,848),(5554,281,853),(5555,281,896),(5556,281,1054),(5557,281,1107),(5558,281,1545),(5559,281,1647),(5560,555,267),(5561,555,366),(5562,555,649),(5563,555,836),(5564,555,853),(5565,555,1525),(5566,555,1758),(5567,829,369),(5568,829,407),(5569,829,415),(5570,829,504),(5571,829,1648),(5572,1103,267),(5573,1103,389),(5574,1103,424),(5575,1103,702),(5576,1103,749),(5577,1103,783),(5578,1103,853),(5579,1103,872),(5580,1103,1063),(5581,1103,1135),(5582,1103,1185),(5583,1103,1527),(5584,1103,1758),(5585,1375,99),(5586,1375,239),(5587,1375,469),(5588,1375,576),(5589,1375,603),(5590,1375,704),(5591,1375,791),(5592,1375,792),(5593,1375,842),(5594,1375,853),(5595,1375,934),(5596,1375,1050),(5597,1375,1093),(5598,1375,1177),(5599,1375,1179),(5600,1375,1350),(5601,1375,1536),(5602,1375,1619),(5603,1649,197),(5604,1649,510),(5605,1649,577),(5606,1649,842),(5607,1649,852),(5608,1649,889),(5609,1649,1180),(5610,1649,1541),(5611,1649,1571),(5612,1649,1711),(5613,1923,310),(5614,1923,419),(5615,1923,571),(5616,1923,699),(5617,1923,704),(5618,1923,765),(5619,1923,852),(5620,1923,853),(5621,1923,890),(5622,1923,1319),(5623,1923,1571),(5624,1923,1722),(5625,8,415),(5626,8,469),(5627,8,687),(5628,8,853),(5629,8,1777),(5630,515,704),(5631,515,787),(5632,515,853),(5633,515,1224),(5634,515,1733),(5635,789,407),(5636,789,736),(5637,789,852),(5638,789,1572),(5639,789,1733),(5640,514,232),(5641,514,736),(5642,514,800),(5643,514,853),(5644,514,1578),(5645,514,1601),(5646,282,22),(5647,282,291),(5648,282,339),(5649,282,351),(5650,282,394),(5651,282,437),(5652,282,751),(5653,282,887),(5654,282,1350),(5655,282,1953),(5656,282,1575),(5657,282,1699),(5658,556,8),(5659,556,223),(5660,556,224),(5661,556,351),(5662,556,369),(5663,556,534),(5664,556,572),(5665,556,713),(5666,556,853),(5667,556,994),(5668,556,1217),(5669,556,1350),(5670,556,1422),(5671,556,1953),(5672,556,1575),(5673,556,1699),(5674,830,32),(5675,830,279),(5676,830,323),(5677,830,389),(5678,830,565),(5679,830,641),(5680,830,704),(5681,830,853),(5682,830,1221),(5683,830,1350),(5684,830,1356),(5685,830,1409),(5686,830,1501),(5687,830,1953),(5688,830,1575),(5689,830,1623),(5690,1104,9),(5691,1104,126),(5692,1104,287),(5693,1104,288),(5694,1104,291),(5695,1104,293),(5696,1104,300),(5697,1104,326),(5698,1104,351),(5699,1104,369),(5700,1104,394),(5701,1104,510),(5702,1104,704),(5703,1104,787),(5704,1104,1135),(5705,1104,1260),(5706,1104,1339),(5707,1104,1350),(5708,1104,1557),(5709,1104,1575),(5710,1104,1953),(5711,1104,1699),(5712,1376,285),(5713,1376,286),(5714,1376,845),(5715,1376,861),(5716,1376,1323),(5717,1376,1350),(5718,1376,1356),(5719,1376,1953),(5720,1376,1575),(5721,1376,1632),(5722,1650,268),(5723,1650,327),(5724,1650,437),(5725,1650,788),(5726,1650,994),(5727,1650,1444),(5728,1650,1481),(5729,1650,1953),(5730,1650,1575),(5731,1650,1634),(5732,1924,141),(5733,1924,159),(5734,1924,344),(5735,1924,650),(5736,1924,889),(5737,1924,1054),(5738,1924,1260),(5739,1924,1396),(5740,1924,1426),(5741,1924,1558),(5742,1924,1953),(5743,1924,1575),(5744,1924,1618),(5745,9,47),(5746,9,426),(5747,9,650),(5748,9,1087),(5749,9,1116),(5750,9,1193),(5751,9,1500),(5752,9,1953),(5753,9,1575),(5754,9,1586),(5755,9,1640),(5756,283,142),(5757,283,336),(5758,283,348),(5759,283,412),(5760,283,492),(5761,283,862),(5762,283,1261),(5763,283,1366),(5764,283,1432),(5765,283,1479),(5766,283,1953),(5767,283,1575),(5768,283,1610),(5769,557,14),(5770,557,115),(5771,557,150),(5772,557,154),(5773,557,364),(5774,557,503),(5775,557,697),(5776,557,782),(5777,557,853),(5778,557,999),(5779,557,1140),(5780,557,1179),(5781,557,1240),(5782,557,1441),(5783,557,1492),(5784,557,1953),(5785,557,1575),(5786,557,1600),(5787,831,40),(5788,831,206),(5789,831,236),(5790,831,237),(5791,831,367),(5792,831,444),(5793,831,497),(5794,831,522),(5795,831,601),(5796,831,704),(5797,831,853),(5798,831,998),(5799,831,1065),(5800,831,1134),(5801,831,1155),(5802,831,1179),(5803,831,1236),(5804,831,1350),(5805,831,1388),(5806,831,1953),(5807,831,1575),(5808,831,1748),(5809,1105,41),(5810,1105,321),(5811,1105,650),(5812,1105,1054),(5813,1105,1260),(5814,1105,1472),(5815,1105,1558),(5816,1105,1953),(5817,1105,1575),(5818,1105,1772),(5819,1377,177),(5820,1377,178),(5821,1377,205),(5822,1377,751),(5823,1377,786),(5824,1377,851),(5825,1377,853),(5826,1377,899),(5827,1377,1135),(5828,1377,1268),(5829,1377,1385),(5830,1377,1953),(5831,1377,1575),(5832,1377,1594),(5833,1377,1611),(5834,1651,277),(5835,1651,278),(5836,1651,469),(5837,1651,727),(5838,1651,853),(5839,1651,916),(5840,1651,1292),(5841,1651,1385),(5842,1651,1953),(5843,1651,1575),(5844,1651,1611),(5845,1925,27),(5846,1925,216),(5847,1925,219),(5848,1925,220),(5849,1925,381),(5850,1925,601),(5851,1925,641),(5852,1925,669),(5853,1925,853),(5854,1925,1040),(5855,1925,1086),(5856,1925,1087),(5857,1925,1342),(5858,1925,1350),(5859,1925,1433),(5860,1925,1953),(5861,1925,1575),(5862,1925,1656),(5863,10,29),(5864,10,94),(5865,10,182),(5866,10,183),(5867,10,650),(5868,10,1048),(5869,10,1355),(5870,10,1357),(5871,10,1478),(5872,10,1953),(5873,10,1575),(5874,10,1602),(5875,284,9),(5876,284,265),(5877,284,283),(5878,284,285),(5879,284,351),(5880,284,369),(5881,284,490),(5882,284,510),(5883,284,512),(5884,284,853),(5885,284,1032),(5886,284,1054),(5887,284,1350),(5888,284,1953),(5889,284,1575),(5890,284,1699),(5891,558,331),(5892,558,470),(5893,558,650),(5894,558,764),(5895,558,1356),(5896,558,1492),(5897,558,1953),(5898,558,1575),(5899,558,1621),(5900,832,28),(5901,832,126),(5902,832,291),(5903,832,293),(5904,832,324),(5905,832,351),(5906,832,437),(5907,832,629),(5908,832,853),(5909,832,1350),(5910,832,1356),(5911,832,1444),(5912,832,1480),(5913,832,1953),(5914,832,1575),(5915,832,1699),(5916,1106,50),(5917,1106,437),(5918,1106,782),(5919,1106,1145),(5920,1106,1953),(5921,1106,1575),(5922,1106,1627),(5923,1378,314),(5924,1378,455),(5925,1378,590),(5926,1378,731),(5927,1378,774),(5928,1378,839),(5929,1378,853),(5930,1378,1330),(5931,1378,1351),(5932,1378,1439),(5933,1378,1575),(5934,1378,1953),(5935,1378,1620),(5936,1652,49),(5937,1652,510),(5938,1652,651),(5939,1652,751),(5940,1652,1048),(5941,1652,1355),(5942,1652,1438),(5943,1652,1953),(5944,1652,1575),(5945,1652,1624),(5946,1926,51),(5947,1926,448),(5948,1926,470),(5949,1926,635),(5950,1926,651),(5951,1926,1268),(5952,1926,1468),(5953,1926,1953),(5954,1926,1575),(5955,1926,1635),(5956,11,25),(5957,11,45),(5958,11,57),(5959,11,566),(5960,11,641),(5961,11,704),(5962,11,853),(5963,11,1074),(5964,11,1350),(5965,11,1356),(5966,11,1460),(5967,11,1670),(5968,11,1575),(5969,11,1953),(5970,285,48),(5971,285,492),(5972,285,544),(5973,285,590),(5974,285,751),(5975,285,764),(5976,285,853),(5977,285,1045),(5978,285,1378),(5979,285,1953),(5980,285,1575),(5981,285,1615),(5982,559,31),(5983,559,149),(5984,559,165),(5985,559,334),(5986,559,398),(5987,559,442),(5988,559,704),(5989,559,805),(5990,559,853),(5991,559,975),(5992,559,982),(5993,559,994),(5994,559,1048),(5995,559,1121),(5996,559,1260),(5997,559,1522),(5998,559,1557),(5999,559,1953),(6000,559,1575),(6001,559,1699),(6002,833,141),(6003,833,160),(6004,833,650),(6005,833,671),(6006,833,1051),(6007,833,1107),(6008,833,1396),(6009,833,1426),(6010,833,1953),(6011,833,1575),(6012,833,1618),(6013,1107,46),(6014,1107,437),(6015,1107,503),(6016,1107,704),(6017,1107,731),(6018,1107,786),(6019,1107,853),(6020,1107,898),(6021,1107,1109),(6022,1107,1132),(6023,1107,1953),(6024,1107,1575),(6025,1107,1593),(6026,1107,1638),(6027,1379,36),(6028,1379,126),(6029,1379,200),(6030,1379,293),(6031,1379,325),(6032,1379,351),(6033,1379,394),(6034,1379,853),(6035,1379,1113),(6036,1379,1350),(6037,1379,1356),(6038,1379,1953),(6039,1379,1575),(6040,1379,1699),(6041,1653,2),(6042,1653,78),(6043,1653,162),(6044,1653,479),(6045,1653,501),(6046,1653,650),(6047,1653,704),(6048,1653,1260),(6049,1653,1355),(6050,1653,1535),(6051,1653,1558),(6052,1653,1953),(6053,1653,1575),(6054,1653,1645),(6055,1927,73),(6056,1927,76),(6057,1927,142),(6058,1927,258),(6059,1927,299),(6060,1927,469),(6061,1927,553),(6062,1927,982),(6063,1927,1050),(6064,1927,1120),(6065,1927,1297),(6066,1927,1356),(6067,1927,1385),(6068,1927,1496),(6069,1927,1953),(6070,1927,1575),(6071,1927,1611),(6072,12,3),(6073,12,90),(6074,12,182),(6075,12,335),(6076,12,394),(6077,12,629),(6078,12,641),(6079,12,851),(6080,12,853),(6081,12,1268),(6082,12,1341),(6083,12,1350),(6084,12,1953),(6085,12,1575),(6086,12,1658),(6087,286,137),(6088,286,239),(6089,286,332),(6090,286,566),(6091,286,650),(6092,286,1048),(6093,286,1356),(6094,286,1575),(6095,286,1953),(6096,286,1614),(6097,560,19),(6098,560,108),(6099,560,126),(6100,560,128),(6101,560,293),(6102,560,345),(6103,560,351),(6104,560,437),(6105,560,489),(6106,560,598),(6107,560,853),(6108,560,1350),(6109,560,1953),(6110,560,1575),(6111,560,1699),(6112,834,3),(6113,834,74),(6114,834,213),(6115,834,226),(6116,834,351),(6117,834,517),(6118,834,580),(6119,834,700),(6120,834,704),(6121,834,853),(6122,834,1350),(6123,834,1953),(6124,834,1575),(6125,834,1699),(6126,1108,30),(6127,1108,287),(6128,1108,291),(6129,1108,329),(6130,1108,351),(6131,1108,394),(6132,1108,886),(6133,1108,1350),(6134,1108,1356),(6135,1108,1384),(6136,1108,1953),(6137,1108,1575),(6138,1108,1699),(6139,1380,17),(6140,1380,72),(6141,1380,75),(6142,1380,175),(6143,1380,407),(6144,1380,437),(6145,1380,704),(6146,1380,853),(6147,1380,1023),(6148,1380,1235),(6149,1380,1390),(6150,1380,1531),(6151,1380,1953),(6152,1380,1575),(6153,1380,1699),(6154,1654,11),(6155,1654,319),(6156,1654,369),(6157,1654,534),(6158,1654,571),(6159,1654,994),(6160,1654,1033),(6161,1654,1055),(6162,1654,1575),(6163,1654,1953),(6164,1654,1699),(6165,1928,3),(6166,1928,293),(6167,1928,330),(6168,1928,351),(6169,1928,394),(6170,1928,402),(6171,1928,448),(6172,1928,466),(6173,1928,610),(6174,1928,853),(6175,1928,887),(6176,1928,1350),(6177,1928,1953),(6178,1928,1575),(6179,1928,1699),(6180,13,38),(6181,13,318),(6182,13,369),(6183,13,476),(6184,13,552),(6185,13,854),(6186,13,878),(6187,13,1953),(6188,13,1575),(6189,13,1785),(6190,287,227),(6191,287,483),(6192,287,852),(6193,287,988),(6194,287,1135),(6195,287,1571),(6196,287,1953),(6197,287,1575),(6198,287,1632),(6199,561,36),(6200,561,57),(6201,561,58),(6202,561,59),(6203,561,485),(6204,561,488),(6205,561,512),(6206,561,528),(6207,561,590),(6208,561,704),(6209,561,826),(6210,561,853),(6211,561,1268),(6212,561,1351),(6213,561,1575),(6214,561,1953),(6215,561,1663),(6216,835,304),(6217,835,305),(6218,835,404),(6219,835,487),(6220,835,578),(6221,835,641),(6222,835,685),(6223,835,688),(6224,835,805),(6225,835,852),(6226,835,1350),(6227,835,1454),(6228,835,1571),(6229,835,1953),(6230,835,1575),(6231,835,1611),(6232,1109,6),(6233,1109,99),(6234,1109,137),(6235,1109,161),(6236,1109,650),(6237,1109,1054),(6238,1109,1356),(6239,1109,1426),(6240,1109,1534),(6241,1109,1953),(6242,1109,1575),(6243,1109,1648),(6244,1381,290),(6245,1381,291),(6246,1381,328),(6247,1381,351),(6248,1381,437),(6249,1381,553),(6250,1381,853),(6251,1381,982),(6252,1381,1055),(6253,1381,1141),(6254,1381,1953),(6255,1381,1575),(6256,1381,1629),(6257,1655,36),(6258,1655,52),(6259,1655,349),(6260,1655,590),(6261,1655,619),(6262,1655,641),(6263,1655,853),(6264,1655,1351),(6265,1655,1355),(6266,1655,1953),(6267,1655,1575),(6268,1655,1599),(6269,1655,1651),(6270,1929,299),(6271,1929,320),(6272,1929,388),(6273,1929,389),(6274,1929,399),(6275,1929,565),(6276,1929,845),(6277,1929,853),(6278,1929,861),(6279,1929,1048),(6280,1929,1356),(6281,1929,1953),(6282,1929,1575),(6283,1929,1605),(6284,14,37),(6285,14,322),(6286,14,340),(6287,14,418),(6288,14,448),(6289,14,476),(6290,14,591),(6291,14,595),(6292,14,622),(6293,14,704),(6294,14,853),(6295,14,1042),(6296,14,1154),(6297,14,1386),(6298,14,1419),(6299,14,1953),(6300,14,1575),(6301,14,1780),(6302,288,44),(6303,288,458),(6304,288,731),(6305,288,853),(6306,288,1136),(6307,288,1953),(6308,288,1575),(6309,288,1633),(6310,562,228),(6311,562,518),(6312,562,854),(6313,562,1386),(6314,562,1953),(6315,562,1575),(6316,562,1639),(6317,836,417),(6318,836,469),(6319,836,501),(6320,836,805),(6321,836,853),(6322,836,937),(6323,836,1087),(6324,836,1107),(6325,836,1114),(6326,836,1526),(6327,836,1762),(6328,1110,153),(6329,1110,175),(6330,1110,222),(6331,1110,301),(6332,1110,522),(6333,1110,662),(6334,1110,704),(6335,1110,770),(6336,1110,843),(6337,1110,853),(6338,1110,937),(6339,1110,994),(6340,1110,997),(6341,1110,1236),(6342,1110,1529),(6343,1110,1753),(6344,1382,517),(6345,1382,815),(6346,1382,848),(6347,1382,937),(6348,1382,1228),(6349,1382,1295),(6350,1382,1346),(6351,1382,1350),(6352,1382,1537),(6353,1382,1765),(6354,1656,704),(6355,1656,720),(6356,1656,794),(6357,1656,805),(6358,1656,842),(6359,1656,853),(6360,1656,937),(6361,1656,975),(6362,1656,1035),(6363,1656,1094),(6364,1656,1244),(6365,1656,1329),(6366,1656,1350),(6367,1656,1529),(6368,1656,1762),(6369,1930,436),(6370,1930,440),(6371,1930,530),(6372,1930,689),(6373,1930,804),(6374,1930,937),(6375,1930,1104),(6376,1930,1223),(6377,1930,1350),(6378,1930,1524),(6379,1930,1762),(6380,15,175),(6381,15,420),(6382,15,585),(6383,15,590),(6384,15,618),(6385,15,704),(6386,15,853),(6387,15,937),(6388,15,991),(6389,15,1350),(6390,15,1527),(6391,15,1715),(6392,289,503),(6393,289,633),(6394,289,688),(6395,289,704),(6396,289,853),(6397,289,937),(6398,289,1228),(6399,289,1294),(6400,289,1532),(6401,289,1765),(6402,563,370),(6403,563,436),(6404,563,704),(6405,563,799),(6406,563,842),(6407,563,853),(6408,563,858),(6409,563,937),(6410,563,1101),(6411,563,1135),(6412,563,1179),(6413,563,1188),(6414,563,1223),(6415,563,1288),(6416,563,1318),(6417,563,1350),(6418,563,1534),(6419,563,1765),(6420,837,396),(6421,837,416),(6422,837,853),(6423,837,937),(6424,837,969),(6425,837,1054),(6426,837,1091),(6427,837,1355),(6428,837,1545),(6429,837,1764),(6430,1111,415),(6431,1111,443),(6432,1111,457),(6433,1111,787),(6434,1111,842),(6435,1111,882),(6436,1111,909),(6437,1111,937),(6438,1111,1219),(6439,1111,1339),(6440,1111,1350),(6441,1111,1526),(6442,1111,1762),(6443,1383,517),(6444,1383,595),(6445,1383,638),(6446,1383,815),(6447,1383,909),(6448,1383,937),(6449,1383,994),(6450,1383,1026),(6451,1383,1192),(6452,1383,1296),(6453,1383,1350),(6454,1383,1355),(6455,1383,1537),(6456,1383,1765),(6457,1657,440),(6458,1657,486),(6459,1657,535),(6460,1657,590),(6461,1657,614),(6462,1657,642),(6463,1657,682),(6464,1657,854),(6465,1657,909),(6466,1657,937),(6467,1657,1048),(6468,1657,1522),(6469,1657,1762),(6470,1931,396),(6471,1931,406),(6472,1931,590),(6473,1931,593),(6474,1931,689),(6475,1931,704),(6476,1931,853),(6477,1931,880),(6478,1931,937),(6479,1931,944),(6480,1931,1087),(6481,1931,1089),(6482,1931,1264),(6483,1931,1524),(6484,1931,1765),(6485,16,396),(6486,16,535),(6487,16,635),(6488,16,819),(6489,16,852),(6490,16,909),(6491,16,937),(6492,16,969),(6493,16,1091),(6494,16,1151),(6495,16,1231),(6496,16,1348),(6497,16,1524),(6498,16,1571),(6499,16,1765),(6500,290,534),(6501,290,551),(6502,290,571),(6503,290,835),(6504,290,853),(6505,290,937),(6506,290,1061),(6507,290,1107),(6508,290,1114),(6509,290,1286),(6510,290,1521),(6511,290,1756),(6512,564,571),(6513,564,670),(6514,564,686),(6515,564,721),(6516,564,768),(6517,564,842),(6518,564,853),(6519,564,937),(6520,564,1058),(6521,564,1256),(6522,564,1350),(6523,564,1867),(6524,838,175),(6525,838,396),(6526,838,517),(6527,838,523),(6528,838,593),(6529,838,751),(6530,838,853),(6531,838,937),(6532,838,1217),(6533,838,1356),(6534,838,1362),(6535,838,1521),(6536,838,1741),(6537,1112,370),(6538,1112,433),(6539,1112,503),(6540,1112,805),(6541,1112,853),(6542,1112,937),(6543,1112,1004),(6544,1112,1179),(6545,1112,1221),(6546,1112,1260),(6547,1112,1278),(6548,1112,1529),(6549,1112,1558),(6550,1112,1765),(6551,1384,516),(6552,1384,635),(6553,1384,805),(6554,1384,854),(6555,1384,922),(6556,1384,937),(6557,1384,976),(6558,1384,1285),(6559,1384,1524),(6560,1384,1765),(6561,1658,234),(6562,1658,400),(6563,1658,544),(6564,1658,619),(6565,1658,636),(6566,1658,853),(6567,1658,937),(6568,1658,1157),(6569,1658,1355),(6570,1658,1526),(6571,1658,1762),(6572,1716,619),(6573,1716,853),(6574,1716,1155),(6575,1716,1350),(6576,1716,1870),(6577,1990,1351),(6578,1990,1914),(6579,76,619),(6580,76,853),(6581,76,1155),(6582,76,1350),(6583,76,1863),(6584,350,650),(6585,350,786),(6586,350,899),(6587,350,1179),(6588,350,1567),(6589,350,1790),(6590,624,786),(6591,624,853),(6592,624,899),(6593,624,1052),(6594,624,1179),(6595,624,1579),(6596,624,1790),(6597,1895,918),(6598,1895,1052),(6599,1895,1179),(6600,1895,1351),(6601,1895,1363),(6602,1895,1562),(6603,1895,1922),(6604,898,786),(6605,898,898),(6606,898,920),(6607,898,967),(6608,898,1341),(6609,898,1567),(6610,898,1597),(6611,898,1790),(6612,813,369),(6613,813,853),(6614,813,1052),(6615,813,1337),(6616,813,1341),(6617,813,1590),(6618,813,1661),(6619,1087,369),(6620,1087,833),(6621,1087,853),(6622,1087,1052),(6623,1087,1337),(6624,1087,1340),(6625,1087,1591),(6626,1087,1660),(6627,1359,1952),(6628,1170,1952),(6629,1443,1952),(6630,1216,1952),(6631,1932,99),(6632,1932,143),(6633,1932,151),(6634,1932,419),(6635,1932,522),(6636,1932,637),(6637,1932,698),(6638,1932,852),(6639,1932,853),(6640,1932,921),(6641,1932,931),(6642,1932,950),(6643,1932,1156),(6644,1932,1244),(6645,1932,1288),(6646,1932,1548),(6647,1932,1571),(6648,1932,1721),(6649,17,197),(6650,17,503),(6651,17,551),(6652,17,577),(6653,17,693),(6654,17,853),(6655,17,889),(6656,17,1054),(6657,17,1107),(6658,17,1114),(6659,17,1179),(6660,17,1539),(6661,17,1730),(6662,291,87),(6663,291,88),(6664,291,92),(6665,291,197),(6666,291,435),(6667,291,460),(6668,291,481),(6669,291,522),(6670,291,542),(6671,291,555),(6672,291,631),(6673,291,763),(6674,291,777),(6675,291,853),(6676,291,874),(6677,291,931),(6678,291,949),(6679,291,1035),(6680,291,1083),(6681,291,1135),(6682,291,1152),(6683,291,1179),(6684,291,1238),(6685,291,1244),(6686,291,1265),(6687,291,1413),(6688,291,1550),(6689,291,1646),(6690,565,99),(6691,565,151),(6692,565,435),(6693,565,460),(6694,565,542),(6695,565,555),(6696,565,631),(6697,565,710),(6698,565,771),(6699,565,853),(6700,565,949),(6701,565,1019),(6702,565,1047),(6703,565,1083),(6704,565,1135),(6705,565,1179),(6706,565,1244),(6707,565,1350),(6708,565,1413),(6709,565,1546),(6710,565,1722),(6711,839,197),(6712,839,203),(6713,839,415),(6714,839,490),(6715,839,555),(6716,839,577),(6717,839,612),(6718,839,695),(6719,839,795),(6720,839,805),(6721,839,853),(6722,839,874),(6723,839,982),(6724,839,1054),(6725,839,1175),(6726,839,1179),(6727,839,1308),(6728,839,1350),(6729,839,1528),(6730,839,1532),(6731,839,1730),(6732,1113,56),(6733,1113,136),(6734,1113,145),(6735,1113,235),(6736,1113,413),(6737,1113,523),(6738,1113,684),(6739,1113,704),(6740,1113,786),(6741,1113,853),(6742,1113,910),(6743,1113,986),(6744,1113,1033),(6745,1113,1067),(6746,1113,1135),(6747,1113,1179),(6748,1113,1228),(6749,1113,1268),(6750,1113,1306),(6751,1113,1319),(6752,1113,1350),(6753,1113,1371),(6754,1113,1567),(6755,1113,1669),(6756,1385,190),(6757,1385,555),(6758,1385,566),(6759,1385,577),(6760,1385,607),(6761,1385,689),(6762,1385,723),(6763,1385,786),(6764,1385,792),(6765,1385,898),(6766,1385,934),(6767,1385,1350),(6768,1385,1526),(6769,1385,1555),(6770,1385,1567),(6771,1385,1595),(6772,1385,1730),(6773,1659,564),(6774,1659,595),(6775,1659,750),(6776,1659,788),(6777,1659,805),(6778,1659,853),(6779,1659,936),(6780,1659,994),(6781,1659,1060),(6782,1659,1122),(6783,1659,1707),(6784,1933,151),(6785,1933,416),(6786,1933,419),(6787,1933,522),(6788,1933,704),(6789,1933,710),(6790,1933,853),(6791,1933,931),(6792,1933,949),(6793,1933,1083),(6794,1933,1228),(6795,1933,1414),(6796,1933,1546),(6797,1933,1737),(6798,18,402),(6799,18,490),(6800,18,500),(6801,18,516),(6802,18,595),(6803,18,704),(6804,18,853),(6805,18,917),(6806,18,1078),(6807,18,1125),(6808,18,1135),(6809,18,1223),(6810,18,1350),(6811,18,1757),(6812,292,146),(6813,292,603),(6814,292,795),(6815,292,1094),(6816,292,1184),(6817,292,1350),(6818,292,1721),(6819,566,88),(6820,566,92),(6821,566,197),(6822,566,389),(6823,566,415),(6824,566,449),(6825,566,529),(6826,566,714),(6827,566,853),(6828,566,896),(6829,566,915),(6830,566,935),(6831,566,1326),(6832,566,1531),(6833,566,1721),(6834,788,126),(6835,788,291),(6836,788,293),(6837,788,351),(6838,788,394),(6839,788,553),(6840,788,629),(6841,788,853),(6842,788,886),(6843,788,1082),(6844,788,1135),(6845,788,1350),(6846,788,1356),(6847,788,1699),(6848,1489,851),(6849,1489,853),(6850,1489,1033),(6851,1489,1055),(6852,1489,1829),(6853,1062,264),(6854,1062,554),(6855,1062,569),(6856,1062,635),(6857,1062,728),(6858,1062,853),(6859,1062,888),(6860,1062,934),(6861,1062,1179),(6862,1062,1228),(6863,1062,1268),(6864,1062,1350),(6865,1062,1769),(6866,1334,263),(6867,1334,264),(6868,1334,415),(6869,1334,554),(6870,1334,647),(6871,1334,728),(6872,1334,853),(6873,1334,1322),(6874,1334,1350),(6875,1334,1531),(6876,1334,1686),(6877,1607,263),(6878,1607,264),(6879,1607,934),(6880,1607,1054),(6881,1607,1179),(6882,1607,1217),(6883,1607,1349),(6884,1607,1350),(6885,1607,1545),(6886,1607,1572),(6887,1607,1769),(6888,1632,78),(6889,1632,384),(6890,1632,437),(6891,1632,1143),(6892,1632,1174),(6893,1632,1195),(6894,1632,1528),(6895,1632,1643),(6896,1906,200),(6897,1906,293),(6898,1906,351),(6899,1906,369),(6900,1906,439),(6901,1906,451),(6902,1906,544),(6903,1906,556),(6904,1906,704),(6905,1906,733),(6906,1906,755),(6907,1906,801),(6908,1906,805),(6909,1906,842),(6910,1906,852),(6911,1906,853),(6912,1906,1113),(6913,1906,1173),(6914,1906,1350),(6915,1906,1571),(6916,1906,1747),(6917,2180,786),(6918,2180,853),(6919,2180,898),(6920,2180,943),(6921,2180,1135),(6922,2180,1552),(6923,2180,1710),(6924,1991,736),(6925,1991,781),(6926,1991,1351),(6927,1991,1420),(6928,1991,1703),(6929,1763,731),(6930,1763,853),(6931,1763,963),(6932,1763,1150),(6933,1763,1179),(6934,1763,1860),(6935,2159,729),(6936,2159,853),(6937,2159,966),(6938,2159,967),(6939,2159,1067),(6940,2159,1135),(6941,2159,1138),(6942,2159,1356),(6943,2159,1517),(6944,2159,1864),(6945,77,455),(6946,77,503),(6947,77,612),(6948,77,689),(6949,77,731),(6950,77,788),(6951,77,795),(6952,77,853),(6953,77,1228),(6954,77,1833),(6955,840,704),(6956,840,799),(6957,840,842),(6958,840,853),(6959,840,1298),(6960,840,1830),(6961,351,689),(6962,351,736),(6963,351,781),(6964,351,844),(6965,351,1405),(6966,351,1672),(6967,625,689),(6968,625,736),(6969,625,781),(6970,625,844),(6971,625,1470),(6972,625,1672),(6973,1063,83),(6974,1063,408),(6975,1063,409),(6976,1063,571),(6977,1063,590),(6978,1063,699),(6979,1063,704),(6980,1063,780),(6981,1063,852),(6982,1063,853),(6983,1063,1120),(6984,1063,1351),(6985,1063,1571),(6986,1063,1612),(6987,1335,83),(6988,1335,381),(6989,1335,688),(6990,1335,853),(6991,1335,1054),(6992,1335,1179),(6993,1335,1269),(6994,1335,1612),(6995,1608,83),(6996,1608,382),(6997,1608,389),(6998,1608,473),(6999,1608,571),(7000,1608,704),(7001,1608,749),(7002,1608,764),(7003,1608,805),(7004,1608,816),(7005,1608,853),(7006,1608,876),(7007,1608,975),(7008,1608,1115),(7009,1608,1155),(7010,1608,1221),(7011,1608,1612),(7012,1882,83),(7013,1882,84),(7014,1882,269),(7015,1882,382),(7016,1882,593),(7017,1882,764),(7018,1882,807),(7019,1882,816),(7020,1882,853),(7021,1882,1045),(7022,1882,1094),(7023,1882,1350),(7024,1882,1355),(7025,1882,1612),(7026,2156,83),(7027,2156,381),(7028,2156,479),(7029,2156,594),(7030,2156,853),(7031,2156,1126),(7032,2156,1612),(7033,242,83),(7034,242,448),(7035,242,590),(7036,242,764),(7037,242,805),(7038,242,853),(7039,242,1121),(7040,242,1350),(7041,242,1612),(7042,516,83),(7043,516,408),(7044,516,420),(7045,516,456),(7046,516,564),(7047,516,650),(7048,516,1110),(7049,516,1136),(7050,516,1350),(7051,516,1612),(7052,790,83),(7053,790,378),(7054,790,500),(7055,790,542),(7056,790,704),(7057,790,731),(7058,790,837),(7059,790,842),(7060,790,853),(7061,790,1174),(7062,790,1244),(7063,790,1350),(7064,790,1365),(7065,790,1612),(7066,1064,83),(7067,1064,84),(7068,1064,269),(7069,1064,381),(7070,1064,423),(7071,1064,688),(7072,1064,704),(7073,1064,764),(7074,1064,842),(7075,1064,853),(7076,1064,1115),(7077,1064,1206),(7078,1064,1350),(7079,1064,1612),(7080,1336,83),(7081,1336,187),(7082,1336,402),(7083,1336,512),(7084,1336,523),(7085,1336,619),(7086,1336,688),(7087,1336,853),(7088,1336,934),(7089,1336,1176),(7090,1336,1239),(7091,1336,1350),(7092,1336,1612),(7093,1609,83),(7094,1609,381),(7095,1609,408),(7096,1609,410),(7097,1609,517),(7098,1609,564),(7099,1609,688),(7100,1609,750),(7101,1609,848),(7102,1609,853),(7103,1609,1217),(7104,1609,1350),(7105,1609,1612),(7106,1883,83),(7107,1883,780),(7108,1883,842),(7109,1883,853),(7110,1883,1054),(7111,1883,1269),(7112,1883,1350),(7113,1883,1612),(7114,216,189),(7115,1263,189),(7116,216,467),(7117,1263,467),(7118,216,490),(7119,1263,490),(7120,1263,497),(7121,216,497),(7122,1263,522),(7123,216,522),(7124,1263,584),(7125,216,584),(7126,216,592),(7127,1263,592),(7128,1263,704),(7129,216,704),(7130,1263,764),(7131,216,764),(7132,1263,853),(7133,216,853),(7134,216,897),(7135,1263,897),(7136,216,989),(7137,1263,989),(7138,216,1083),(7139,1263,1083),(7140,216,1176),(7141,1263,1176),(7142,216,1196),(7143,1263,1196),(7144,216,1350),(7145,1263,1350),(7146,1263,1488),(7147,216,1488),(7148,216,1554),(7149,1263,1554),(7150,216,1726),(7151,1263,1726),(7152,1536,1952),(7153,490,1952),(7154,899,34),(7155,899,369),(7156,899,476),(7157,899,1187),(7158,899,1726),(7159,2037,70),(7160,2037,89),(7161,2037,155),(7162,2037,462),(7163,2037,677),(7164,2037,704),(7165,2037,764),(7166,2037,768),(7167,2037,853),(7168,2037,912),(7169,2037,958),(7170,2037,1005),(7171,2037,1045),(7172,2037,1196),(7173,2037,1350),(7174,2037,1427),(7175,2037,1613),(7176,1202,70),(7177,1202,650),(7178,1202,704),(7179,1202,958),(7180,1202,1005),(7181,1202,1045),(7182,1202,1427),(7183,1202,1613),(7184,764,70),(7185,1810,70),(7186,1810,736),(7187,764,736),(7188,1810,854),(7189,764,854),(7190,764,1427),(7191,1810,1427),(7192,764,1613),(7193,1810,1613),(7194,1038,70),(7195,2084,70),(7196,2084,89),(7197,1038,89),(7198,2084,155),(7199,1038,155),(7200,1038,677),(7201,2084,677),(7202,2084,704),(7203,1038,704),(7204,1038,751),(7205,2084,751),(7206,2084,764),(7207,1038,764),(7208,1038,853),(7209,2084,853),(7210,1038,912),(7211,2084,912),(7212,1038,958),(7213,2084,958),(7214,2084,1045),(7215,1038,1045),(7216,2084,1350),(7217,1038,1350),(7218,1038,1355),(7219,2084,1355),(7220,1038,1427),(7221,2084,1427),(7222,1038,1613),(7223,2084,1613),(7224,123,70),(7225,123,853),(7226,123,958),(7227,123,1045),(7228,123,1427),(7229,123,1613),(7230,170,70),(7231,1310,70),(7232,170,704),(7233,1310,704),(7234,1310,729),(7235,170,729),(7236,170,736),(7237,1310,736),(7238,170,853),(7239,1310,853),(7240,1310,959),(7241,170,959),(7242,170,1350),(7243,1310,1350),(7244,170,1427),(7245,1310,1427),(7246,170,1517),(7247,1310,1517),(7248,170,1613),(7249,1310,1613),(7250,444,70),(7251,1583,70),(7252,1583,764),(7253,444,764),(7254,1583,853),(7255,444,853),(7256,444,958),(7257,1583,958),(7258,444,1005),(7259,1583,1005),(7260,444,1045),(7261,1583,1045),(7262,444,1350),(7263,1583,1350),(7264,444,1427),(7265,1583,1427),(7266,444,1613),(7267,1583,1613),(7268,1857,554),(7269,718,554),(7270,718,704),(7271,1857,704),(7272,1857,750),(7273,718,750),(7274,1857,853),(7275,718,853),(7276,1857,1228),(7277,718,1228),(7278,1857,1351),(7279,718,1351),(7280,1857,1817),(7281,718,1817),(7282,1171,70),(7283,1171,786),(7284,1171,853),(7285,1171,899),(7286,1171,1427),(7287,1171,1508),(7288,1171,1613),(7289,2131,70),(7290,992,70),(7291,992,731),(7292,2131,731),(7293,992,736),(7294,2131,736),(7295,992,759),(7296,2131,759),(7297,2131,853),(7298,992,853),(7299,992,959),(7300,2131,959),(7301,2131,982),(7302,992,982),(7303,992,1427),(7304,2131,1427),(7305,992,1613),(7306,2131,1613),(7307,217,42),(7308,1264,42),(7309,1264,70),(7310,217,70),(7311,1264,764),(7312,217,764),(7313,217,853),(7314,1264,853),(7315,1264,958),(7316,217,958),(7317,217,1006),(7318,1264,1006),(7319,217,1350),(7320,1264,1350),(7321,1264,1427),(7322,217,1427),(7323,1264,1613),(7324,217,1613),(7325,266,1952),(7326,540,650),(7327,540,1136),(7328,540,1380),(7329,540,1394),(7330,540,1787),(7331,814,1135),(7332,814,1351),(7333,814,1380),(7334,814,1394),(7335,814,1787),(7336,1088,1135),(7337,1088,1351),(7338,1088,1380),(7339,1088,1394),(7340,1088,1787),(7341,1360,718),(7342,1360,1135),(7343,1360,1351),(7344,1360,1380),(7345,1360,1394),(7346,1360,1787),(7347,1633,431),(7348,1633,1135),(7349,1633,1351),(7350,1633,1380),(7351,1633,1394),(7352,1633,1787),(7353,1907,1135),(7354,1907,1351),(7355,1907,1380),(7356,1907,1394),(7357,1907,1787),(7358,2181,381),(7359,2181,797),(7360,2181,1135),(7361,2181,1350),(7362,2181,1380),(7363,2181,1394),(7364,2181,1787),(7365,267,1135),(7366,267,1351),(7367,267,1380),(7368,267,1394),(7369,267,1787),(7370,541,381),(7371,541,483),(7372,541,1135),(7373,541,1351),(7374,541,1380),(7375,541,1394),(7376,541,1787),(7377,815,1135),(7378,815,1351),(7379,815,1380),(7380,815,1394),(7381,815,1787),(7382,1089,1135),(7383,1089,1351),(7384,1089,1380),(7385,1089,1394),(7386,1089,1787),(7387,1361,483),(7388,1361,1135),(7389,1361,1351),(7390,1361,1380),(7391,1361,1394),(7392,1361,1787),(7393,1634,431),(7394,1634,1135),(7395,1634,1351),(7396,1634,1380),(7397,1634,1394),(7398,1634,1787),(7399,1908,1135),(7400,1908,1351),(7401,1908,1380),(7402,1908,1394),(7403,1908,1787),(7404,2182,383),(7405,2182,431),(7406,2182,1135),(7407,2182,1351),(7408,2182,1380),(7409,2182,1394),(7410,2182,1787),(7411,268,431),(7412,268,490),(7413,268,704),(7414,268,853),(7415,268,1032),(7416,268,1135),(7417,268,1380),(7418,268,1394),(7419,268,1787),(7420,542,375),(7421,542,490),(7422,542,650),(7423,542,704),(7424,542,852),(7425,542,1135),(7426,542,1180),(7427,542,1380),(7428,542,1394),(7429,542,1571),(7430,542,1787),(7431,816,375),(7432,816,650),(7433,816,704),(7434,816,852),(7435,816,1136),(7436,816,1380),(7437,816,1394),(7438,816,1571),(7439,816,1787),(7440,1090,490),(7441,1090,704),(7442,1090,852),(7443,1090,1135),(7444,1090,1180),(7445,1090,1380),(7446,1090,1394),(7447,1090,1571),(7448,1090,1787),(7449,1362,375),(7450,1362,490),(7451,1362,650),(7452,1362,704),(7453,1362,853),(7454,1362,1136),(7455,1362,1380),(7456,1362,1394),(7457,1362,1787),(7458,1635,375),(7459,1635,704),(7460,1635,731),(7461,1635,852),(7462,1635,1135),(7463,1635,1225),(7464,1635,1365),(7465,1635,1380),(7466,1635,1394),(7467,1635,1571),(7468,1635,1787),(7469,1909,375),(7470,1909,431),(7471,1909,490),(7472,1909,704),(7473,1909,852),(7474,1909,1135),(7475,1909,1180),(7476,1909,1380),(7477,1909,1394),(7478,1909,1571),(7479,1909,1787),(7480,2183,375),(7481,2183,431),(7482,2183,490),(7483,2183,704),(7484,2183,852),(7485,2183,1032),(7486,2183,1135),(7487,2183,1380),(7488,2183,1394),(7489,2183,1571),(7490,2183,1787),(7491,269,375),(7492,269,490),(7493,269,650),(7494,269,704),(7495,269,852),(7496,269,1136),(7497,269,1363),(7498,269,1380),(7499,269,1394),(7500,269,1571),(7501,269,1787),(7502,543,375),(7503,543,490),(7504,543,650),(7505,543,704),(7506,543,1136),(7507,543,1380),(7508,543,1394),(7509,543,1787),(7510,817,375),(7511,817,490),(7512,817,650),(7513,817,704),(7514,817,852),(7515,817,1136),(7516,817,1380),(7517,817,1394),(7518,817,1571),(7519,817,1787),(7520,1091,375),(7521,1091,490),(7522,1091,704),(7523,1091,852),(7524,1091,853),(7525,1091,1136),(7526,1091,1380),(7527,1091,1394),(7528,1091,1571),(7529,1091,1787),(7530,1363,375),(7531,1363,650),(7532,1363,704),(7533,1363,853),(7534,1363,1136),(7535,1363,1380),(7536,1363,1394),(7537,1363,1787),(7538,1636,375),(7539,1636,852),(7540,1636,853),(7541,1636,1136),(7542,1636,1380),(7543,1636,1394),(7544,1636,1571),(7545,1636,1787),(7546,1910,375),(7547,1910,490),(7548,1910,650),(7549,1910,704),(7550,1910,1136),(7551,1910,1380),(7552,1910,1394),(7553,1910,1787),(7554,1881,54),(7555,1881,80),(7556,1881,124),(7557,1881,271),(7558,1881,650),(7559,1881,889),(7560,1881,1048),(7561,1881,1269),(7562,1881,1286),(7563,1881,1650),(7564,1606,1952),(7565,1412,43),(7566,1412,170),(7567,1412,362),(7568,1412,363),(7569,1412,405),(7570,1412,426),(7571,1412,451),(7572,1412,461),(7573,1412,472),(7574,1412,497),(7575,1412,512),(7576,1412,587),(7577,1412,588),(7578,1412,656),(7579,1412,825),(7580,1412,930),(7581,1412,942),(7582,1412,967),(7583,1412,1087),(7584,1412,1137),(7585,1412,1186),(7586,1412,1260),(7587,1412,1301),(7588,1412,1305),(7589,1412,1436),(7590,1412,1494),(7591,1412,1557),(7592,1412,1728),(7593,1405,43),(7594,1405,170),(7595,1405,362),(7596,1405,363),(7597,1405,405),(7598,1405,426),(7599,1405,450),(7600,1405,451),(7601,1405,461),(7602,1405,472),(7603,1405,497),(7604,1405,587),(7605,1405,588),(7606,1405,656),(7607,1405,825),(7608,1405,930),(7609,1405,942),(7610,1405,1087),(7611,1405,1137),(7612,1405,1186),(7613,1405,1260),(7614,1405,1301),(7615,1405,1305),(7616,1405,1436),(7617,1405,1494),(7618,1405,1557),(7619,1405,1728),(7620,1686,448),(7621,1686,544),(7622,1686,853),(7623,1686,1048),(7624,1686,1229),(7625,1686,1350),(7626,1686,1355),(7627,1686,1834),(7628,1679,448),(7629,1679,544),(7630,1679,853),(7631,1679,1048),(7632,1679,1229),(7633,1679,1350),(7634,1679,1355),(7635,1679,1834),(7636,1960,442),(7637,1960,490),(7638,1960,693),(7639,1960,704),(7640,1960,749),(7641,1960,786),(7642,1960,899),(7643,1960,1048),(7644,1960,1107),(7645,1960,1260),(7646,1960,1350),(7647,1960,1355),(7648,1960,1557),(7649,1960,1595),(7650,1960,1666),(7651,1953,442),(7652,1953,490),(7653,1953,693),(7654,1953,704),(7655,1953,749),(7656,1953,786),(7657,1953,899),(7658,1953,1048),(7659,1953,1107),(7660,1953,1260),(7661,1953,1350),(7662,1953,1355),(7663,1953,1557),(7664,1953,1595),(7665,1953,1666),(7666,46,401),(7667,46,406),(7668,46,425),(7669,46,469),(7670,46,470),(7671,46,473),(7672,46,704),(7673,46,764),(7674,46,853),(7675,46,1069),(7676,46,1087),(7677,46,1135),(7678,46,1150),(7679,46,1299),(7680,46,1586),(7681,46,1735),(7682,39,401),(7683,39,406),(7684,39,425),(7685,39,469),(7686,39,470),(7687,39,473),(7688,39,704),(7689,39,764),(7690,39,853),(7691,39,1069),(7692,39,1087),(7693,39,1135),(7694,39,1150),(7695,39,1299),(7696,39,1586),(7697,39,1735),(7698,320,250),(7699,320,308),(7700,320,426),(7701,320,442),(7702,320,476),(7703,320,650),(7704,320,768),(7705,320,1044),(7706,320,1049),(7707,320,1167),(7708,320,1261),(7709,320,1674),(7710,313,250),(7711,313,308),(7712,313,426),(7713,313,442),(7714,313,476),(7715,313,650),(7716,313,768),(7717,313,1044),(7718,313,1048),(7719,313,1167),(7720,313,1209),(7721,313,1212),(7722,313,1261),(7723,313,1674),(7724,573,21),(7725,853,21),(7726,853,53),(7727,573,53),(7728,853,144),(7729,573,144),(7730,573,185),(7731,853,185),(7732,573,479),(7733,853,479),(7734,853,501),(7735,573,501),(7736,573,502),(7737,853,502),(7738,573,853),(7739,853,853),(7740,853,1092),(7741,573,1092),(7742,573,1139),(7743,853,1139),(7744,853,1355),(7745,573,1355),(7746,853,1604),(7747,573,1604),(7748,587,21),(7749,587,53),(7750,587,144),(7751,587,185),(7752,587,479),(7753,587,501),(7754,587,502),(7755,587,853),(7756,587,1092),(7757,587,1139),(7758,587,1355),(7759,587,1604),(7760,1125,470),(7761,847,470),(7762,847,633),(7763,1125,633),(7764,847,634),(7765,1125,634),(7766,847,735),(7767,1125,735),(7768,847,764),(7769,1125,764),(7770,847,854),(7771,1125,854),(7772,847,1811),(7773,1125,1811),(7774,1416,470),(7775,1416,633),(7776,1416,634),(7777,1416,735),(7778,1416,853),(7779,1416,987),(7780,1416,1811),(7781,1119,473),(7782,1398,473),(7783,1398,544),(7784,1119,544),(7785,1119,546),(7786,1398,546),(7787,1119,647),(7788,1398,647),(7789,1398,751),(7790,1119,751),(7791,1119,786),(7792,1398,786),(7793,1398,899),(7794,1119,899),(7795,1119,1135),(7796,1398,1135),(7797,1398,1355),(7798,1119,1355),(7799,1119,1579),(7800,1398,1579),(7801,1119,1833),(7802,1398,1833),(7803,861,473),(7804,861,544),(7805,861,546),(7806,861,647),(7807,861,751),(7808,861,786),(7809,861,899),(7810,861,1135),(7811,861,1355),(7812,861,1579),(7813,861,1833),(7814,1672,289),(7815,1392,289),(7816,1392,308),(7817,1672,308),(7818,1672,695),(7819,1392,695),(7820,1392,889),(7821,1672,889),(7822,1392,894),(7823,1672,894),(7824,1392,940),(7825,1672,940),(7826,1392,1054),(7827,1672,1054),(7828,1392,1654),(7829,1672,1654),(7830,1133,289),(7831,1133,308),(7832,1133,695),(7833,1133,889),(7834,1133,894),(7835,1133,940),(7836,1133,1054),(7837,1133,1654),(7838,1666,724),(7839,1946,724),(7840,1666,954),(7841,1946,954),(7842,1946,1087),(7843,1666,1087),(7844,1666,1116),(7845,1946,1116),(7846,1946,1192),(7847,1666,1192),(7848,1666,1316),(7849,1946,1316),(7850,1666,1587),(7851,1946,1587),(7852,1946,1900),(7853,1666,1900),(7854,1406,724),(7855,1406,954),(7856,1406,1087),(7857,1406,1116),(7858,1406,1192),(7859,1406,1211),(7860,1406,1316),(7861,1406,1587),(7862,1406,1900),(7863,32,33),(7864,1940,33),(7865,32,127),(7866,1940,127),(7867,32,202),(7868,1940,202),(7869,32,257),(7870,1940,257),(7871,1940,374),(7872,32,374),(7873,32,375),(7874,1940,375),(7875,32,476),(7876,1940,476),(7877,32,651),(7878,1940,651),(7879,32,1003),(7880,1940,1003),(7881,32,1038),(7882,1940,1038),(7883,32,1726),(7884,1940,1726),(7885,1680,33),(7886,1680,127),(7887,1680,202),(7888,1680,257),(7889,1680,374),(7890,1680,375),(7891,1680,476),(7892,1680,651),(7893,1680,1003),(7894,1680,1038),(7895,1680,1726),(7896,26,155),(7897,306,155),(7898,26,217),(7899,306,217),(7900,306,470),(7901,26,470),(7902,306,590),(7903,26,590),(7904,26,595),(7905,306,595),(7906,26,597),(7907,306,597),(7908,26,599),(7909,306,599),(7910,26,853),(7911,306,853),(7912,26,873),(7913,306,873),(7914,26,1064),(7915,306,1064),(7916,26,1313),(7917,306,1313),(7918,26,1467),(7919,306,1467),(7920,26,1726),(7921,306,1726),(7922,1954,155),(7923,1954,217),(7924,1954,470),(7925,1954,590),(7926,1954,597),(7927,1954,599),(7928,1954,650),(7929,1954,873),(7930,1954,1313),(7931,1954,1315),(7932,1954,1467),(7933,1954,1726),(7934,580,704),(7935,300,704),(7936,300,1048),(7937,580,1048),(7938,580,1050),(7939,300,1050),(7940,300,1350),(7941,580,1350),(7942,580,1356),(7943,300,1356),(7944,300,1834),(7945,580,1834),(7946,870,704),(7947,870,1048),(7948,870,1050),(7949,870,1215),(7950,870,1350),(7951,870,1356),(7952,870,1834),(7953,574,89),(7954,854,89),(7955,574,202),(7956,854,202),(7957,574,405),(7958,854,405),(7959,854,473),(7960,574,473),(7961,574,512),(7962,854,512),(7963,574,535),(7964,854,535),(7965,574,751),(7966,854,751),(7967,574,863),(7968,854,863),(7969,574,870),(7970,854,870),(7971,854,1054),(7972,574,1054),(7973,854,1087),(7974,574,1087),(7975,854,1107),(7976,574,1107),(7977,574,1719),(7978,854,1719),(7979,1142,89),(7980,1142,202),(7981,1142,405),(7982,1142,473),(7983,1142,512),(7984,1142,535),(7985,1142,624),(7986,1142,751),(7987,1142,863),(7988,1142,870),(7989,1142,1054),(7990,1142,1087),(7991,1142,1107),(7992,1142,1719),(7993,1126,308),(7994,848,308),(7995,848,399),(7996,1126,399),(7997,848,425),(7998,1126,425),(7999,848,470),(8000,1126,470),(8001,1126,704),(8002,848,704),(8003,848,708),(8004,1126,708),(8005,848,814),(8006,1126,814),(8007,848,853),(8008,1126,853),(8009,848,889),(8010,1126,889),(8011,1126,1584),(8012,848,1584),(8013,848,1585),(8014,1126,1585),(8015,1126,1586),(8016,848,1586),(8017,848,1759),(8018,1126,1759),(8019,597,308),(8020,597,399),(8021,597,425),(8022,597,470),(8023,597,704),(8024,597,708),(8025,597,814),(8026,597,832),(8027,597,853),(8028,597,889),(8029,597,1192),(8030,597,1316),(8031,597,1584),(8032,597,1586),(8033,597,1759),(8034,1120,310),(8035,1399,310),(8036,1120,571),(8037,1399,571),(8038,1399,577),(8039,1120,577),(8040,1399,641),(8041,1120,641),(8042,1120,764),(8043,1399,764),(8044,1120,853),(8045,1399,853),(8046,1120,934),(8047,1399,934),(8048,1120,964),(8049,1399,964),(8050,1120,1017),(8051,1399,1017),(8052,1399,1048),(8053,1120,1048),(8054,1399,1260),(8055,1120,1260),(8056,1399,1350),(8057,1120,1350),(8058,1120,1558),(8059,1399,1558),(8060,1399,1721),(8061,1120,1721),(8062,40,310),(8063,40,571),(8064,40,577),(8065,40,641),(8066,40,764),(8067,40,832),(8068,40,964),(8069,40,1017),(8070,40,1048),(8071,40,1192),(8072,40,1260),(8073,40,1350),(8074,40,1558),(8075,40,1721),(8076,1393,470),(8077,1673,470),(8078,1393,515),(8079,1673,515),(8080,1673,587),(8081,1393,587),(8082,1393,634),(8083,1673,634),(8084,1393,642),(8085,1673,642),(8086,1393,853),(8087,1673,853),(8088,1393,956),(8089,1673,956),(8090,1393,1229),(8091,1673,1229),(8092,1673,1355),(8093,1393,1355),(8094,1393,1822),(8095,1673,1822),(8096,314,470),(8097,314,515),(8098,314,587),(8099,314,634),(8100,314,642),(8101,314,853),(8102,314,956),(8103,314,1229),(8104,314,1355),(8105,314,1822),(8106,1667,130),(8107,1947,130),(8108,1667,157),(8109,1947,157),(8110,1947,271),(8111,1667,271),(8112,1947,399),(8113,1667,399),(8114,1667,404),(8115,1947,404),(8116,1947,641),(8117,1667,641),(8118,1947,695),(8119,1667,695),(8120,1947,704),(8121,1667,704),(8122,1947,914),(8123,1667,914),(8124,1947,1048),(8125,1667,1048),(8126,1667,1054),(8127,1947,1054),(8128,1667,1308),(8129,1947,1308),(8130,1667,1350),(8131,1947,1350),(8132,1947,1355),(8133,1667,1355),(8134,1667,1456),(8135,1947,1456),(8136,1667,1603),(8137,1947,1603),(8138,588,130),(8139,588,157),(8140,588,246),(8141,588,271),(8142,588,399),(8143,588,404),(8144,588,641),(8145,588,695),(8146,588,704),(8147,588,914),(8148,588,1048),(8149,588,1054),(8150,588,1211),(8151,588,1213),(8152,588,1308),(8153,588,1350),(8154,588,1355),(8155,588,1456),(8156,588,1603),(8157,33,15),(8158,1941,15),(8159,1941,289),(8160,33,289),(8161,33,308),(8162,1941,308),(8163,33,442),(8164,1941,442),(8165,1941,695),(8166,33,695),(8167,1941,962),(8168,33,962),(8169,33,1054),(8170,1941,1054),(8171,1941,1273),(8172,33,1273),(8173,33,1355),(8174,1941,1355),(8175,1941,1514),(8176,33,1514),(8177,1941,1654),(8178,33,1654),(8179,862,15),(8180,862,289),(8181,862,308),(8182,862,442),(8183,862,695),(8184,862,962),(8185,862,1054),(8186,862,1273),(8187,862,1355),(8188,862,1514),(8189,862,1654),(8190,1131,15),(8191,1131,289),(8192,1131,308),(8193,1131,442),(8194,1131,695),(8195,1131,962),(8196,1131,1054),(8197,1131,1273),(8198,1131,1355),(8199,1131,1514),(8200,1131,1654),(8201,307,1087),(8202,27,1087),(8203,27,1116),(8204,307,1116),(8205,27,1316),(8206,307,1316),(8207,307,1334),(8208,27,1334),(8209,27,1586),(8210,307,1586),(8211,27,1824),(8212,307,1824),(8213,1134,510),(8214,1134,1087),(8215,1134,1116),(8216,1134,1317),(8217,1134,1333),(8218,1134,1586),(8219,1134,1824),(8220,301,195),(8221,581,195),(8222,581,202),(8223,301,202),(8224,581,442),(8225,301,442),(8226,301,447),(8227,581,447),(8228,581,473),(8229,301,473),(8230,581,704),(8231,301,704),(8232,301,751),(8233,581,751),(8234,301,813),(8235,581,813),(8236,581,853),(8237,301,853),(8238,301,857),(8239,581,857),(8240,301,894),(8241,581,894),(8242,301,1077),(8243,581,1077),(8244,301,1125),(8245,581,1125),(8246,301,1130),(8247,581,1130),(8248,301,1196),(8249,581,1196),(8250,301,1350),(8251,581,1350),(8252,301,1459),(8253,581,1459),(8254,581,1726),(8255,301,1726),(8256,1407,195),(8257,1407,202),(8258,1407,442),(8259,1407,447),(8260,1407,473),(8261,1407,704),(8262,1407,751),(8263,1407,813),(8264,1407,853),(8265,1407,857),(8266,1407,894),(8267,1407,1077),(8268,1407,1099),(8269,1407,1125),(8270,1407,1130),(8271,1407,1196),(8272,1407,1350),(8273,1407,1459),(8274,1407,1726),(8275,575,389),(8276,855,389),(8277,855,437),(8278,575,437),(8279,575,445),(8280,855,445),(8281,855,466),(8282,575,466),(8283,575,704),(8284,855,704),(8285,575,772),(8286,855,772),(8287,575,853),(8288,855,853),(8289,575,973),(8290,855,973),(8291,575,1260),(8292,855,1260),(8293,575,1303),(8294,855,1303),(8295,575,1304),(8296,855,1304),(8297,575,1356),(8298,855,1356),(8299,575,1557),(8300,855,1557),(8301,575,1793),(8302,855,1793),(8303,1681,389),(8304,1681,437),(8305,1681,445),(8306,1681,466),(8307,1681,704),(8308,1681,772),(8309,1681,853),(8310,1681,973),(8311,1681,1260),(8312,1681,1303),(8313,1681,1304),(8314,1681,1356),(8315,1681,1557),(8316,1681,1793),(8317,1884,142),(8318,1884,258),(8319,1884,497),(8320,1884,533),(8321,1884,853),(8322,1884,986),(8323,1884,1038),(8324,1884,1050),(8325,1884,1127),(8326,1884,1236),(8327,1884,1356),(8328,1884,1360),(8329,1884,1489),(8330,1884,1746),(8331,1955,142),(8332,1955,258),(8333,1955,497),(8334,1955,533),(8335,1955,853),(8336,1955,986),(8337,1955,1038),(8338,1955,1050),(8339,1955,1127),(8340,1955,1236),(8341,1955,1356),(8342,1955,1360),(8343,1955,1489),(8344,1955,1746),(8345,849,355),(8346,1127,355),(8347,849,361),(8348,1127,361),(8349,1127,501),(8350,849,501),(8351,1127,512),(8352,849,512),(8353,849,581),(8354,1127,581),(8355,849,650),(8356,1127,650),(8357,1127,704),(8358,849,704),(8359,849,831),(8360,1127,831),(8361,1127,1040),(8362,849,1040),(8363,849,1054),(8364,1127,1054),(8365,849,1119),(8366,1127,1119),(8367,1127,1192),(8368,849,1192),(8369,849,1316),(8370,1127,1316),(8371,849,1462),(8372,1127,1462),(8373,1127,1726),(8374,849,1726),(8375,41,355),(8376,41,361),(8377,41,501),(8378,41,512),(8379,41,581),(8380,41,650),(8381,41,704),(8382,41,831),(8383,41,1040),(8384,41,1054),(8385,41,1089),(8386,41,1119),(8387,41,1192),(8388,41,1316),(8389,41,1462),(8390,41,1726),(8391,1121,889),(8392,1400,889),(8393,1400,1107),(8394,1121,1107),(8395,1121,1114),(8396,1400,1114),(8397,1121,1286),(8398,1400,1286),(8399,1400,1937),(8400,1121,1937),(8401,1690,125),(8402,1690,303),(8403,1690,510),(8404,1690,683),(8405,1690,751),(8406,1690,853),(8407,1690,889),(8408,1690,1107),(8409,1690,1114),(8410,1690,1211),(8411,1690,1286),(8412,1690,1355),(8413,1690,1726),(8414,1394,34),(8415,1674,34),(8416,1674,89),(8417,1394,89),(8418,1394,113),(8419,1674,113),(8420,1394,253),(8421,1674,253),(8422,1394,353),(8423,1674,353),(8424,1394,425),(8425,1674,425),(8426,1674,574),(8427,1394,574),(8428,1394,592),(8429,1674,592),(8430,1394,651),(8431,1674,651),(8432,1394,751),(8433,1674,751),(8434,1674,1048),(8435,1394,1048),(8436,1394,1116),(8437,1674,1116),(8438,1394,1167),(8439,1674,1167),(8440,1394,1260),(8441,1674,1260),(8442,1394,1355),(8443,1674,1355),(8444,1394,1476),(8445,1674,1476),(8446,1674,1499),(8447,1394,1499),(8448,1674,1557),(8449,1394,1557),(8450,1394,1586),(8451,1674,1586),(8452,1674,1673),(8453,1394,1673),(8454,315,34),(8455,315,89),(8456,315,113),(8457,315,253),(8458,315,353),(8459,315,425),(8460,315,510),(8461,315,574),(8462,315,592),(8463,315,651),(8464,315,751),(8465,315,767),(8466,315,1048),(8467,315,1116),(8468,315,1167),(8469,315,1211),(8470,315,1260),(8471,315,1355),(8472,315,1476),(8473,315,1499),(8474,315,1557),(8475,315,1586),(8476,315,1673),(8477,1668,454),(8478,1948,454),(8479,1668,650),(8480,1948,650),(8481,1948,764),(8482,1668,764),(8483,1668,841),(8484,1948,841),(8485,1668,1336),(8486,1948,1336),(8487,1668,1509),(8488,1948,1509),(8489,1668,1824),(8490,1948,1824),(8491,589,454),(8492,589,650),(8493,589,764),(8494,589,841),(8495,589,1336),(8496,589,1509),(8497,589,1824),(8498,34,191),(8499,1942,191),(8500,34,252),(8501,1942,252),(8502,34,255),(8503,1942,255),(8504,34,352),(8505,1942,352),(8506,1942,473),(8507,34,473),(8508,34,650),(8509,1942,650),(8510,34,869),(8511,1942,869),(8512,34,1048),(8513,1942,1048),(8514,1942,1286),(8515,34,1286),(8516,34,1356),(8517,1942,1356),(8518,1942,1400),(8519,34,1400),(8520,34,1697),(8521,1942,1697),(8522,1415,252),(8523,1415,255),(8524,1415,650),(8525,1415,1048),(8526,1415,1054),(8527,1415,1257),(8528,1415,1355),(8529,1415,1726),(8530,594,406),(8531,594,425),(8532,594,427),(8533,594,437),(8534,594,512),(8535,594,581),(8536,594,701),(8537,594,704),(8538,594,722),(8539,594,772),(8540,594,805),(8541,594,853),(8542,594,973),(8543,594,1070),(8544,594,1087),(8545,594,1118),(8546,594,1126),(8547,594,1135),(8548,594,1144),(8549,594,1179),(8550,594,1316),(8551,594,1586),(8552,594,1791),(8553,863,406),(8554,863,425),(8555,863,427),(8556,863,437),(8557,863,512),(8558,863,581),(8559,863,701),(8560,863,704),(8561,863,722),(8562,863,772),(8563,863,805),(8564,863,853),(8565,863,973),(8566,863,1070),(8567,863,1087),(8568,863,1118),(8569,863,1126),(8570,863,1135),(8571,863,1144),(8572,863,1179),(8573,863,1316),(8574,863,1586),(8575,863,1791),(8576,28,221),(8577,308,221),(8578,28,248),(8579,308,248),(8580,28,271),(8581,308,271),(8582,28,273),(8583,308,273),(8584,28,661),(8585,308,661),(8586,28,853),(8587,308,853),(8588,28,986),(8589,308,986),(8590,308,1048),(8591,28,1048),(8592,308,1054),(8593,28,1054),(8594,308,1356),(8595,28,1356),(8596,28,1685),(8597,308,1685),(8598,1135,221),(8599,1135,248),(8600,1135,271),(8601,1135,273),(8602,1135,661),(8603,1135,853),(8604,1135,986),(8605,1135,1048),(8606,1135,1054),(8607,1135,1356),(8608,1135,1685),(8609,582,164),(8610,302,164),(8611,302,250),(8612,582,250),(8613,302,308),(8614,582,308),(8615,582,402),(8616,302,402),(8617,302,442),(8618,582,442),(8619,582,704),(8620,302,704),(8621,582,853),(8622,302,853),(8623,302,1048),(8624,582,1048),(8625,302,1055),(8626,582,1055),(8627,582,1256),(8628,302,1256),(8629,302,1260),(8630,582,1260),(8631,302,1350),(8632,582,1350),(8633,582,1557),(8634,302,1557),(8635,302,1738),(8636,582,1738),(8637,1408,164),(8638,1408,250),(8639,1408,308),(8640,1408,402),(8641,1408,442),(8642,1408,704),(8643,1408,853),(8644,1408,1048),(8645,1408,1055),(8646,1408,1256),(8647,1408,1260),(8648,1408,1350),(8649,1408,1557),(8650,1408,1738),(8651,856,437),(8652,576,437),(8653,576,660),(8654,856,660),(8655,856,661),(8656,576,661),(8657,576,704),(8658,856,704),(8659,576,762),(8660,856,762),(8661,856,805),(8662,576,805),(8663,576,973),(8664,856,973),(8665,576,1036),(8666,856,1036),(8667,856,1179),(8668,576,1179),(8669,576,1194),(8670,856,1194),(8671,576,1260),(8672,856,1260),(8673,576,1312),(8674,856,1312),(8675,856,1355),(8676,576,1355),(8677,576,1558),(8678,856,1558),(8679,576,1828),(8680,856,1828),(8681,1682,437),(8682,1682,660),(8683,1682,661),(8684,1682,704),(8685,1682,762),(8686,1682,805),(8687,1682,973),(8688,1682,1036),(8689,1682,1179),(8690,1682,1194),(8691,1682,1260),(8692,1682,1312),(8693,1682,1355),(8694,1682,1558),(8695,1682,1828),(8696,850,12),(8697,1128,12),(8698,850,303),(8699,1128,303),(8700,1128,437),(8701,850,437),(8702,850,484),(8703,1128,484),(8704,850,544),(8705,1128,544),(8706,850,634),(8707,1128,634),(8708,850,686),(8709,1128,686),(8710,1128,751),(8711,850,751),(8712,850,764),(8713,1128,764),(8714,850,853),(8715,1128,853),(8716,850,1038),(8717,1128,1038),(8718,1128,1050),(8719,850,1050),(8720,850,1269),(8721,1128,1269),(8722,850,1484),(8723,1128,1484),(8724,1128,1726),(8725,850,1726),(8726,1956,12),(8727,1956,303),(8728,1956,437),(8729,1956,484),(8730,1956,544),(8731,1956,634),(8732,1956,686),(8733,1956,751),(8734,1956,764),(8735,1956,838),(8736,1956,853),(8737,1956,1038),(8738,1956,1050),(8739,1956,1099),(8740,1956,1269),(8741,1956,1484),(8742,1956,1726),(8743,1122,89),(8744,1401,89),(8745,1122,306),(8746,1401,306),(8747,1401,406),(8748,1122,406),(8749,1122,426),(8750,1401,426),(8751,1122,490),(8752,1401,490),(8753,1401,501),(8754,1122,501),(8755,1401,512),(8756,1122,512),(8757,1122,593),(8758,1401,593),(8759,1122,672),(8760,1401,672),(8761,1122,764),(8762,1401,764),(8763,1122,853),(8764,1401,853),(8765,1122,924),(8766,1401,924),(8767,1122,1044),(8768,1401,1044),(8769,1401,1050),(8770,1122,1050),(8771,1122,1087),(8772,1401,1087),(8773,1122,1155),(8774,1401,1155),(8775,1401,1260),(8776,1122,1260),(8777,1122,1350),(8778,1401,1350),(8779,1122,1407),(8780,1401,1407),(8781,1401,1557),(8782,1122,1557),(8783,1122,1683),(8784,1401,1683),(8785,42,89),(8786,42,306),(8787,42,406),(8788,42,426),(8789,42,490),(8790,42,501),(8791,42,512),(8792,42,593),(8793,42,672),(8794,42,764),(8795,42,853),(8796,42,924),(8797,42,1044),(8798,42,1050),(8799,42,1087),(8800,42,1099),(8801,42,1155),(8802,42,1260),(8803,42,1350),(8804,42,1407),(8805,42,1557),(8806,42,1683),(8807,1395,135),(8808,1675,135),(8809,1675,172),(8810,1395,172),(8811,1675,271),(8812,1395,271),(8813,1395,368),(8814,1675,368),(8815,1395,425),(8816,1675,425),(8817,1395,704),(8818,1675,704),(8819,1395,814),(8820,1675,814),(8821,1675,853),(8822,1395,853),(8823,1675,885),(8824,1395,885),(8825,1395,889),(8826,1675,889),(8827,1395,955),(8828,1675,955),(8829,1675,1586),(8830,1395,1586),(8831,1395,1662),(8832,1675,1662),(8833,1689,135),(8834,1689,172),(8835,1689,271),(8836,1689,368),(8837,1689,425),(8838,1689,704),(8839,1689,814),(8840,1689,853),(8841,1689,885),(8842,1689,889),(8843,1689,955),(8844,1689,1586),(8845,1689,1662),(8846,1669,323),(8847,1949,323),(8848,1669,417),(8849,1949,417),(8850,1669,501),(8851,1949,501),(8852,1669,580),(8853,1949,580),(8854,1949,695),(8855,1669,695),(8856,1949,749),(8857,1669,749),(8858,1949,790),(8859,1669,790),(8860,1669,853),(8861,1949,853),(8862,1669,1054),(8863,1949,1054),(8864,1949,1115),(8865,1669,1115),(8866,1669,1155),(8867,1949,1155),(8868,1669,1221),(8869,1949,1221),(8870,1669,1268),(8871,1949,1268),(8872,1669,1273),(8873,1949,1273),(8874,1669,1409),(8875,1949,1409),(8876,1669,1513),(8877,1949,1513),(8878,1949,1636),(8879,1669,1636),(8880,316,323),(8881,316,417),(8882,316,501),(8883,316,580),(8884,316,695),(8885,316,749),(8886,316,790),(8887,316,853),(8888,316,1054),(8889,316,1115),(8890,316,1155),(8891,316,1221),(8892,316,1268),(8893,316,1273),(8894,316,1409),(8895,316,1513),(8896,316,1636),(8897,1943,612),(8898,35,612),(8899,35,689),(8900,1943,689),(8901,35,764),(8902,1943,764),(8903,35,853),(8904,1943,853),(8905,1943,1044),(8906,35,1044),(8907,1943,1194),(8908,35,1194),(8909,1943,1286),(8910,35,1286),(8911,35,1314),(8912,1943,1314),(8913,1943,1350),(8914,35,1350),(8915,35,1355),(8916,1943,1355),(8917,1943,1833),(8918,35,1833),(8919,590,590),(8920,590,612),(8921,590,689),(8922,590,764),(8923,590,853),(8924,590,1044),(8925,590,1194),(8926,590,1286),(8927,590,1314),(8928,590,1350),(8929,590,1355),(8930,590,1833),(8931,29,450),(8932,309,450),(8933,29,497),(8934,309,497),(8935,29,693),(8936,309,693),(8937,29,751),(8938,309,751),(8939,29,1260),(8940,309,1260),(8941,29,1303),(8942,309,1303),(8943,29,1304),(8944,309,1304),(8945,309,1351),(8946,29,1351),(8947,309,1355),(8948,29,1355),(8949,29,1396),(8950,309,1396),(8951,309,1557),(8952,29,1557),(8953,29,1751),(8954,309,1751),(8955,864,450),(8956,864,497),(8957,864,693),(8958,864,751),(8959,864,1260),(8960,864,1303),(8961,864,1304),(8962,864,1351),(8963,864,1355),(8964,864,1396),(8965,864,1557),(8966,864,1751),(8967,299,156),(8968,299,167),(8969,299,257),(8970,299,363),(8971,299,375),(8972,299,461),(8973,299,480),(8974,299,522),(8975,299,531),(8976,299,544),(8977,299,560),(8978,299,987),(8979,299,1038),(8980,299,1449),(8981,299,1726),(8982,1963,156),(8983,1963,167),(8984,1963,257),(8985,1963,363),(8986,1963,375),(8987,1963,461),(8988,1963,480),(8989,1963,522),(8990,1963,544),(8991,1963,561),(8992,1963,986),(8993,1963,1038),(8994,1963,1449),(8995,1963,1726),(8996,868,394),(8997,868,401),(8998,868,406),(8999,868,425),(9000,868,437),(9001,868,853),(9002,868,1061),(9003,868,1088),(9004,868,1350),(9005,868,1586),(9006,868,1789),(9007,1136,394),(9008,1136,401),(9009,1136,406),(9010,1136,425),(9011,1136,437),(9012,1136,853),(9013,1136,1061),(9014,1136,1087),(9015,1136,1216),(9016,1136,1350),(9017,1136,1586),(9018,1136,1789),(9019,1140,21),(9020,1140,185),(9021,1140,233),(9022,1140,385),(9023,1140,434),(9024,1140,540),(9025,1140,571),(9026,1140,590),(9027,1140,773),(9028,1140,853),(9029,1140,1033),(9030,1140,1068),(9031,1140,1217),(9032,1140,1350),(9033,1140,1355),(9034,1140,1695),(9035,1409,21),(9036,1409,185),(9037,1409,233),(9038,1409,385),(9039,1409,434),(9040,1409,540),(9041,1409,571),(9042,1409,590),(9043,1409,773),(9044,1409,853),(9045,1409,1033),(9046,1409,1068),(9047,1409,1217),(9048,1409,1350),(9049,1409,1355),(9050,1409,1695),(9051,583,306),(9052,303,306),(9053,583,357),(9054,303,357),(9055,303,490),(9056,583,490),(9057,303,751),(9058,583,751),(9059,583,853),(9060,303,853),(9061,583,1050),(9062,303,1050),(9063,303,1155),(9064,583,1155),(9065,583,1256),(9066,303,1256),(9067,303,1350),(9068,583,1350),(9069,583,1355),(9070,303,1355),(9071,583,1407),(9072,303,1407),(9073,583,1726),(9074,303,1726),(9075,1683,306),(9076,1683,357),(9077,1683,490),(9078,1683,751),(9079,1683,853),(9080,1683,1050),(9081,1683,1155),(9082,1683,1256),(9083,1683,1355),(9084,1683,1407),(9085,1683,1726),(9086,577,473),(9087,857,473),(9088,577,490),(9089,857,490),(9090,577,693),(9091,857,693),(9092,577,694),(9093,857,694),(9094,577,751),(9095,857,751),(9096,577,853),(9097,857,853),(9098,577,982),(9099,857,982),(9100,577,1286),(9101,857,1286),(9102,857,1350),(9103,577,1350),(9104,857,1355),(9105,577,1355),(9106,857,1834),(9107,577,1834),(9108,49,473),(9109,49,490),(9110,49,693),(9111,49,694),(9112,49,751),(9113,49,853),(9114,49,982),(9115,49,1214),(9116,49,1286),(9117,49,1350),(9118,49,1355),(9119,49,1834),(9120,2158,704),(9121,2158,853),(9122,2158,1037),(9123,2158,1070),(9124,2158,1087),(9125,2158,1586),(9126,2158,1824),(9127,323,704),(9128,323,853),(9129,323,1037),(9130,323,1070),(9131,323,1087),(9132,323,1586),(9133,323,1824),(9134,851,650),(9135,1129,650),(9136,1129,764),(9137,851,764),(9138,851,889),(9139,1129,889),(9140,851,945),(9141,1129,945),(9142,851,946),(9143,1129,946),(9144,1129,1778),(9145,851,1778),(9146,871,650),(9147,871,764),(9148,871,889),(9149,871,945),(9150,871,946),(9151,871,1192),(9152,871,1778),(9153,1402,256),(9154,1123,256),(9155,1123,534),(9156,1402,534),(9157,1123,699),(9158,1402,699),(9159,1402,751),(9160,1123,751),(9161,1123,987),(9162,1402,987),(9163,1123,1135),(9164,1402,1135),(9165,1402,1138),(9166,1123,1138),(9167,1123,1350),(9168,1402,1350),(9169,1402,1355),(9170,1123,1355),(9171,1123,1533),(9172,1402,1533),(9173,1123,1645),(9174,1402,1645),(9175,1957,534),(9176,1957,699),(9177,1957,751),(9178,1957,882),(9179,1957,888),(9180,1957,909),(9181,1957,986),(9182,1957,1009),(9183,1957,1128),(9184,1957,1135),(9185,1957,1138),(9186,1957,1181),(9187,1957,1254),(9188,1957,1350),(9189,1957,1355),(9190,1957,1776),(9191,1396,635),(9192,1676,635),(9193,1396,747),(9194,1676,747),(9195,1396,748),(9196,1676,748),(9197,1676,853),(9198,1396,853),(9199,1396,952),(9200,1676,952),(9201,1396,1051),(9202,1676,1051),(9203,1396,1107),(9204,1676,1107),(9205,1396,1160),(9206,1676,1160),(9207,1396,1268),(9208,1676,1268),(9209,1396,1350),(9210,1676,1350),(9211,1396,1894),(9212,1676,1894),(9213,43,635),(9214,43,747),(9215,43,748),(9216,43,853),(9217,43,952),(9218,43,1051),(9219,43,1107),(9220,43,1160),(9221,43,1268),(9222,43,1350),(9223,43,1894),(9224,244,191),(9225,244,255),(9226,244,352),(9227,244,399),(9228,244,404),(9229,244,442),(9230,244,473),(9231,244,501),(9232,244,544),(9233,244,587),(9234,244,764),(9235,244,851),(9236,244,854),(9237,244,869),(9238,244,1048),(9239,244,1355),(9240,244,1400),(9241,244,1697),(9242,317,191),(9243,317,255),(9244,317,352),(9245,317,399),(9246,317,404),(9247,317,442),(9248,317,473),(9249,317,501),(9250,317,544),(9251,317,587),(9252,317,764),(9253,317,851),(9254,317,854),(9255,317,869),(9256,317,1048),(9257,317,1355),(9258,317,1400),(9259,317,1697),(9260,1670,97),(9261,1950,97),(9262,1670,114),(9263,1950,114),(9264,1670,402),(9265,1950,402),(9266,1670,727),(9267,1950,727),(9268,1670,853),(9269,1950,853),(9270,1670,889),(9271,1950,889),(9272,1670,1260),(9273,1950,1260),(9274,1670,1286),(9275,1950,1286),(9276,1670,1291),(9277,1950,1291),(9278,1950,1293),(9279,1670,1293),(9280,1670,1350),(9281,1950,1350),(9282,1670,1558),(9283,1950,1558),(9284,1950,1654),(9285,1670,1654),(9286,591,97),(9287,591,114),(9288,591,402),(9289,591,510),(9290,591,727),(9291,591,853),(9292,591,889),(9293,591,1211),(9294,591,1260),(9295,591,1286),(9296,591,1291),(9297,591,1293),(9298,591,1350),(9299,591,1558),(9300,591,1654),(9301,36,97),(9302,1944,97),(9303,36,181),(9304,1944,181),(9305,36,691),(9306,1944,691),(9307,1944,889),(9308,36,889),(9309,1944,1055),(9310,36,1055),(9311,1944,1654),(9312,36,1654),(9313,865,97),(9314,865,181),(9315,865,691),(9316,865,889),(9317,865,1055),(9318,865,1654),(9319,30,242),(9320,310,242),(9321,30,361),(9322,310,361),(9323,310,363),(9324,30,363),(9325,30,853),(9326,310,853),(9327,30,1038),(9328,310,1038),(9329,310,1356),(9330,30,1356),(9331,30,1462),(9332,310,1462),(9333,30,1473),(9334,310,1473),(9335,30,1726),(9336,310,1726),(9337,1137,242),(9338,1137,361),(9339,1137,363),(9340,1137,853),(9341,1137,1038),(9342,1137,1356),(9343,1137,1462),(9344,1137,1473),(9345,1137,1726),(9346,1404,242),(9347,1404,361),(9348,1404,363),(9349,1404,853),(9350,1404,1038),(9351,1404,1356),(9352,1404,1462),(9353,1404,1473),(9354,1404,1726),(9355,304,271),(9356,584,271),(9357,304,280),(9358,584,280),(9359,584,544),(9360,304,544),(9361,304,546),(9362,584,546),(9363,584,751),(9364,304,751),(9365,304,854),(9366,584,854),(9367,304,860),(9368,584,860),(9369,304,986),(9370,584,986),(9371,584,1036),(9372,304,1036),(9373,304,1717),(9374,584,1717),(9375,825,513),(9376,825,584),(9377,825,835),(9378,825,1337),(9379,825,1591),(9380,825,1641),(9381,1444,670),(9382,1444,947),(9383,1444,1896),(9384,1099,292),(9385,1099,294),(9386,1099,295),(9387,1099,451),(9388,1099,615),(9389,1099,713),(9390,1099,1337),(9391,1099,1340),(9392,1099,1591),(9393,1099,1782),(9394,1371,296),(9395,1371,297),(9396,1371,298),(9397,1371,369),(9398,1371,431),(9399,1371,835),(9400,1371,1337),(9401,1371,1340),(9402,1371,1591),(9403,1371,1783),(9404,397,787),(9405,397,853),(9406,397,1136),(9407,397,1350),(9408,397,1576),(9409,397,1774),(9410,59,389),(9411,59,434),(9412,59,704),(9413,59,853),(9414,59,1155),(9415,59,1800),(9416,671,1351),(9417,671,1914),(9418,2184,1351),(9419,2184,1914),(9420,333,732),(9421,333,781),(9422,333,1179),(9423,333,1350),(9424,333,1445),(9425,333,1742),(9426,945,1351),(9427,945,1914),(9428,1880,689),(9429,1880,795),(9430,1880,1068),(9431,1880,1797),(9432,2154,686),(9433,2154,689),(9434,2154,755),(9435,2154,886),(9436,2154,1014),(9437,2154,1201),(9438,2154,1269),(9439,2154,1319),(9440,2154,1350),(9441,2154,1868),(9442,240,647),(9443,240,689),(9444,240,727),(9445,240,973),(9446,240,1105),(9447,240,1880),(9448,529,612),(9449,529,853),(9450,529,1136),(9451,529,1250),(9452,529,1810),(9453,803,1180),(9454,803,1350),(9455,803,1937),(9456,1077,712),(9457,1077,853),(9458,1077,1350),(9459,1077,1904),(9460,1349,409),(9461,1349,610),(9462,1349,828),(9463,1349,853),(9464,1349,875),(9465,1349,1098),(9466,1349,1135),(9467,1349,1350),(9468,1349,1818),(9469,1622,458),(9470,1622,464),(9471,1622,595),(9472,1622,613),(9473,1622,730),(9474,1622,731),(9475,1622,834),(9476,1622,853),(9477,1622,884),(9478,1622,953),(9479,1622,1073),(9480,1622,1228),(9481,1622,1351),(9482,1622,1836),(9483,607,1952),(9484,881,1952),(9485,1153,1952),(9486,1426,1952),(9487,875,260),(9488,875,437),(9489,875,464),(9490,875,483),(9491,875,605),(9492,875,611),(9493,875,612),(9494,875,654),(9495,875,688),(9496,875,704),(9497,875,706),(9498,875,829),(9499,875,840),(9500,875,853),(9501,875,875),(9502,875,1031),(9503,875,1033),(9504,875,1223),(9505,875,1228),(9506,875,1404),(9507,875,1425),(9508,875,1598),(9509,875,1773),(9510,1147,129),(9511,1147,146),(9512,1147,188),(9513,1147,231),(9514,1147,260),(9515,1147,372),(9516,1147,386),(9517,1147,464),(9518,1147,704),(9519,1147,706),(9520,1147,782),(9521,1147,853),(9522,1147,984),(9523,1147,985),(9524,1147,1024),(9525,1147,1179),(9526,1147,1374),(9527,1147,1389),(9528,1147,1404),(9529,1147,1440),(9530,1147,1504),(9531,1147,1574),(9532,1147,1580),(9533,1147,1714),(9534,1420,260),(9535,1420,276),(9536,1420,386),(9537,1420,464),(9538,1420,543),(9539,1420,588),(9540,1420,654),(9541,1420,781),(9542,1420,782),(9543,1420,853),(9544,1420,891),(9545,1420,929),(9546,1420,1202),(9547,1420,1204),(9548,1420,1350),(9549,1420,1404),(9550,1420,1415),(9551,1420,1574),(9552,1420,1773),(9553,1694,18),(9554,1694,152),(9555,1694,166),(9556,1694,209),(9557,1694,210),(9558,1694,231),(9559,1694,260),(9560,1694,386),(9561,1694,464),(9562,1694,706),(9563,1694,710),(9564,1694,812),(9565,1694,849),(9566,1694,853),(9567,1694,895),(9568,1694,927),(9569,1694,928),(9570,1694,929),(9571,1694,1007),(9572,1694,1339),(9573,1694,1389),(9574,1694,1404),(9575,1694,1466),(9576,1694,1480),(9577,1694,1492),(9578,1694,1574),(9579,1694,1726),(9580,1968,231),(9581,1968,260),(9582,1968,262),(9583,1968,276),(9584,1968,386),(9585,1968,393),(9586,1968,464),(9587,1968,496),(9588,1968,550),(9589,1968,698),(9590,1968,706),(9591,1968,731),(9592,1968,788),(9593,1968,853),(9594,1968,877),(9595,1968,879),(9596,1968,884),(9597,1968,929),(9598,1968,1008),(9599,1968,1350),(9600,1968,1404),(9601,1968,1415),(9602,1968,1420),(9603,1968,1443),(9604,1968,1574),(9605,1968,1703),(9606,54,64),(9607,54,129),(9608,54,231),(9609,54,386),(9610,54,407),(9611,54,437),(9612,54,464),(9613,54,491),(9614,54,526),(9615,54,616),(9616,54,637),(9617,54,782),(9618,54,853),(9619,54,929),(9620,54,973),(9621,54,1156),(9622,54,1202),(9623,54,1253),(9624,54,1260),(9625,54,1269),(9626,54,1338),(9627,54,1421),(9628,54,1464),(9629,54,1504),(9630,54,1557),(9631,54,1574),(9632,54,1689),(9633,328,231),(9634,328,238),(9635,328,386),(9636,328,464),(9637,328,483),(9638,328,525),(9639,328,616),(9640,328,632),(9641,328,689),(9642,328,729),(9643,328,731),(9644,328,852),(9645,328,853),(9646,328,927),(9647,328,929),(9648,328,932),(9649,328,963),(9650,328,1035),(9651,328,1120),(9652,328,1135),(9653,328,1149),(9654,328,1202),(9655,328,1298),(9656,328,1374),(9657,328,1408),(9658,328,1440),(9659,328,1517),(9660,328,1571),(9661,328,1574),(9662,328,1768),(9663,602,116),(9664,602,215),(9665,602,231),(9666,602,260),(9667,602,276),(9668,602,386),(9669,602,390),(9670,602,464),(9671,602,483),(9672,602,688),(9673,602,731),(9674,602,781),(9675,602,782),(9676,602,805),(9677,602,853),(9678,602,981),(9679,602,1135),(9680,602,1233),(9681,602,1350),(9682,602,1403),(9683,602,1404),(9684,602,1415),(9685,602,1483),(9686,602,1574),(9687,602,1726),(9688,876,95),(9689,876,138),(9690,876,231),(9691,876,275),(9692,876,311),(9693,876,359),(9694,876,386),(9695,876,407),(9696,876,464),(9697,876,706),(9698,876,782),(9699,876,828),(9700,876,839),(9701,876,853),(9702,876,953),(9703,876,981),(9704,876,1084),(9705,876,1135),(9706,876,1228),(9707,876,1339),(9708,876,1350),(9709,876,1373),(9710,876,1381),(9711,876,1418),(9712,876,1493),(9713,876,1588),(9714,876,1726),(9715,1148,231),(9716,1148,354),(9717,1148,386),(9718,1148,464),(9719,1148,482),(9720,1148,782),(9721,1148,788),(9722,1148,853),(9723,1148,953),(9724,1148,981),(9725,1148,1437),(9726,1148,1493),(9727,1148,1574),(9728,1148,1693),(9729,1421,407),(9730,1421,456),(9731,1421,457),(9732,1421,538),(9733,1421,706),(9734,1421,853),(9735,1421,916),(9736,1421,1033),(9737,1421,1135),(9738,1421,1773),(9739,1695,89),(9740,1695,196),(9741,1695,231),(9742,1695,240),(9743,1695,387),(9744,1695,440),(9745,1695,443),(9746,1695,464),(9747,1695,611),(9748,1695,782),(9749,1695,853),(9750,1695,1095),(9751,1695,1135),(9752,1695,1223),(9753,1695,1228),(9754,1695,1365),(9755,1695,1412),(9756,1695,1505),(9757,1695,1512),(9758,1695,1690),(9759,1969,260),(9760,1969,377),(9761,1969,386),(9762,1969,444),(9763,1969,464),(9764,1969,483),(9765,1969,601),(9766,1969,706),(9767,1969,782),(9768,1969,840),(9769,1969,853),(9770,1969,953),(9771,1969,1350),(9772,1969,1401),(9773,1969,1404),(9774,1969,1574),(9775,1969,1773),(9776,55,260),(9777,55,266),(9778,55,386),(9779,55,448),(9780,55,458),(9781,55,464),(9782,55,494),(9783,55,782),(9784,55,793),(9785,55,834),(9786,55,853),(9787,55,882),(9788,55,909),(9789,55,916),(9790,55,1150),(9791,55,1196),(9792,55,1299),(9793,55,1404),(9794,55,1429),(9795,55,1574),(9796,55,1773),(9797,329,231),(9798,329,260),(9799,329,381),(9800,329,386),(9801,329,393),(9802,329,464),(9803,329,564),(9804,329,616),(9805,329,706),(9806,329,853),(9807,329,927),(9808,329,932),(9809,329,981),(9810,329,1203),(9811,329,1350),(9812,329,1404),(9813,329,1430),(9814,329,1574),(9815,329,1766),(9816,603,194),(9817,603,231),(9818,603,260),(9819,603,386),(9820,603,698),(9821,603,704),(9822,603,706),(9823,603,782),(9824,603,787),(9825,603,853),(9826,603,930),(9827,603,985),(9828,603,1228),(9829,603,1404),(9830,603,1442),(9831,603,1443),(9832,603,1574),(9833,603,1767),(9834,877,109),(9835,877,173),(9836,877,231),(9837,877,253),(9838,877,307),(9839,877,393),(9840,877,425),(9841,877,426),(9842,877,431),(9843,877,464),(9844,877,491),(9845,877,755),(9846,877,782),(9847,877,853),(9848,877,981),(9849,877,1025),(9850,877,1090),(9851,877,1163),(9852,877,1382),(9853,877,1410),(9854,877,1509),(9855,877,1726),(9856,1149,65),(9857,1149,231),(9858,1149,260),(9859,1149,386),(9860,1149,464),(9861,1149,698),(9862,1149,706),(9863,1149,711),(9864,1149,731),(9865,1149,850),(9866,1149,853),(9867,1149,927),(9868,1149,933),(9869,1149,938),(9870,1149,981),(9871,1149,1350),(9872,1149,1404),(9873,1149,1450),(9874,1149,1453),(9875,1149,1475),(9876,1149,1574),(9877,1149,1665),(9878,1422,66),(9879,1422,196),(9880,1422,214),(9881,1422,231),(9882,1422,260),(9883,1422,272),(9884,1422,307),(9885,1422,383),(9886,1422,464),(9887,1422,684),(9888,1422,706),(9889,1422,823),(9890,1422,842),(9891,1422,853),(9892,1422,973),(9893,1422,1301),(9894,1422,1352),(9895,1422,1382),(9896,1422,1404),(9897,1422,1412),(9898,1422,1421),(9899,1422,1455),(9900,1422,1497),(9901,1422,1502),(9902,1422,1689),(9903,1696,386),(9904,1696,458),(9905,1696,465),(9906,1696,537),(9907,1696,731),(9908,1696,782),(9909,1696,853),(9910,1696,1179),(9911,1696,1223),(9912,1696,1424),(9913,1696,1452),(9914,1696,1574),(9915,1696,1761),(9916,1970,1952),(9917,56,1952),(9918,330,171),(9919,330,231),(9920,330,346),(9921,330,356),(9922,330,365),(9923,330,391),(9924,330,464),(9925,330,663),(9926,330,710),(9927,330,782),(9928,330,833),(9929,330,853),(9930,330,953),(9931,330,971),(9932,330,1228),(9933,330,1377),(9934,330,1465),(9935,330,1495),(9936,330,1655),(9937,80,338),(9938,80,650),(9939,80,676),(9940,80,701),(9941,80,736),(9942,80,842),(9943,80,845),(9944,80,948),(9945,80,983),(9946,80,1351),(9947,80,1471),(9948,80,1608),(9949,354,338),(9950,354,650),(9951,354,676),(9952,354,701),(9953,354,736),(9954,354,842),(9955,354,845),(9956,354,948),(9957,354,983),(9958,354,1351),(9959,354,1471),(9960,354,1608),(9961,628,338),(9962,628,650),(9963,628,676),(9964,628,701),(9965,628,736),(9966,628,842),(9967,628,845),(9968,628,948),(9969,628,983),(9970,628,1351),(9971,628,1471),(9972,628,1608),(9973,2023,71),(9974,2023,360),(9975,2023,448),(9976,2023,650),(9977,2023,1026),(9978,2023,1135),(9979,2023,1179),(9980,2023,1193),(9981,2023,1350),(9982,2023,1417),(9983,2023,1607),(9984,1764,71),(9985,1764,118),(9986,1764,360),(9987,1764,437),(9988,1764,689),(9989,1764,746),(9990,1764,1179),(9991,1764,1417),(9992,1764,1607),(9993,109,71),(9994,109,118),(9995,109,360),(9996,109,437),(9997,109,689),(9998,109,746),(9999,109,1299),(10000,109,1417),(10001,109,1607),(10002,383,781),(10003,383,1135),(10004,383,1351),(10005,383,1411),(10006,383,1450),(10007,383,1744),(10008,2038,71),(10009,2038,360),(10010,2038,787),(10011,2038,1338),(10012,2038,1351),(10013,2038,1417),(10014,2038,1607),(10015,1718,360),(10016,1718,437),(10017,1718,475),(10018,1718,689),(10019,1718,1179),(10020,1718,1417),(10021,1718,1607),(10022,124,71),(10023,124,360),(10024,124,394),(10025,124,1135),(10026,124,1179),(10027,124,1351),(10028,124,1417),(10029,124,1607),(10030,1217,360),(10031,1217,830),(10032,1217,853),(10033,1217,1180),(10034,1217,1350),(10035,1217,1417),(10036,1217,1607),(10037,765,71),(10038,765,360),(10039,765,1179),(10040,765,1351),(10041,765,1417),(10042,765,1607),(10043,657,71),(10044,657,118),(10045,657,360),(10046,657,745),(10047,657,853),(10048,657,1136),(10049,657,1350),(10050,657,1417),(10051,657,1607),(10052,1811,16),(10053,672,16),(10054,1811,192),(10055,672,192),(10056,672,225),(10057,1811,225),(10058,1811,313),(10059,672,313),(10060,1811,626),(10061,672,626),(10062,1811,755),(10063,672,755),(10064,672,965),(10065,1811,965),(10066,672,1013),(10067,1811,1013),(10068,1811,1190),(10069,672,1190),(10070,1811,1266),(10071,672,1266),(10072,672,1350),(10073,1811,1350),(10074,1811,1398),(10075,672,1398),(10076,1811,1416),(10077,672,1416),(10078,1811,1622),(10079,672,1622),(10080,2085,16),(10081,946,16),(10082,2085,192),(10083,946,192),(10084,2085,225),(10085,946,225),(10086,946,313),(10087,2085,313),(10088,2085,626),(10089,946,626),(10090,2085,1013),(10091,946,1013),(10092,946,1084),(10093,2085,1084),(10094,946,1190),(10095,2085,1190),(10096,946,1265),(10097,2085,1265),(10098,2085,1268),(10099,946,1268),(10100,946,1351),(10101,2085,1351),(10102,2085,1398),(10103,946,1398),(10104,946,1416),(10105,2085,1416),(10106,2085,1622),(10107,946,1622),(10108,1218,16),(10109,171,16),(10110,1218,192),(10111,171,192),(10112,1218,313),(10113,171,313),(10114,1218,650),(10115,171,650),(10116,171,1013),(10117,1218,1013),(10118,171,1084),(10119,1218,1084),(10120,1218,1190),(10121,171,1190),(10122,1218,1266),(10123,171,1266),(10124,171,1274),(10125,1218,1274),(10126,171,1398),(10127,1218,1398),(10128,1218,1416),(10129,171,1416),(10130,171,1622),(10131,1218,1622),(10132,445,16),(10133,1491,16),(10134,1491,192),(10135,445,192),(10136,1491,313),(10137,445,313),(10138,445,650),(10139,1491,650),(10140,1491,1191),(10141,445,1191),(10142,445,1398),(10143,1491,1398),(10144,1491,1416),(10145,445,1416),(10146,445,1622),(10147,1491,1622),(10148,719,16),(10149,1765,16),(10150,719,192),(10151,1765,192),(10152,1765,313),(10153,719,313),(10154,1765,650),(10155,719,650),(10156,1765,669),(10157,719,669),(10158,1765,1191),(10159,719,1191),(10160,1765,1398),(10161,719,1398),(10162,1765,1416),(10163,719,1416),(10164,1765,1622),(10165,719,1622),(10166,2039,16),(10167,993,16),(10168,993,192),(10169,2039,192),(10170,993,313),(10171,2039,313),(10172,993,626),(10173,2039,626),(10174,993,1190),(10175,2039,1190),(10176,993,1351),(10177,2039,1351),(10178,2039,1398),(10179,993,1398),(10180,993,1416),(10181,2039,1416),(10182,2039,1622),(10183,993,1622),(10184,1265,1179),(10185,125,1179),(10186,1265,1351),(10187,125,1351),(10188,125,1897),(10189,1265,1897),(10190,399,1901),(10191,1538,1901),(10192,571,1135),(10193,571,1255),(10194,571,1351),(10195,571,1897),(10196,845,716),(10197,845,1351),(10198,845,1796),(10199,1117,641),(10200,1117,1033),(10201,1117,1351),(10202,1117,1797),(10203,1390,641),(10204,1390,1135),(10205,1390,1351),(10206,1390,1797),(10207,1664,738),(10208,1664,1135),(10209,1664,1351),(10210,1664,1897),(10211,1938,641),(10212,1938,805),(10213,1938,1351),(10214,1938,1876),(10215,24,641),(10216,24,805),(10217,24,1351),(10218,24,1876),(10219,1864,337),(10220,1864,536),(10221,1864,891),(10222,1864,908),(10223,1864,1032),(10224,1864,1080),(10225,1864,1163),(10226,1864,1242),(10227,1864,1387),(10228,1864,1631),(10229,2138,337),(10230,2138,436),(10231,2138,509),(10232,2138,563),(10233,2138,789),(10234,2138,828),(10235,2138,853),(10236,2138,891),(10237,2138,1135),(10238,2138,1226),(10239,2138,1359),(10240,2138,1387),(10241,2138,1631),(10242,224,337),(10243,224,607),(10244,224,621),(10245,224,715),(10246,224,729),(10247,224,892),(10248,224,1387),(10249,224,1517),(10250,224,1631),(10251,498,337),(10252,498,483),(10253,498,509),(10254,498,595),(10255,498,853),(10256,498,1226),(10257,498,1359),(10258,498,1387),(10259,498,1631),(10260,772,24),(10261,772,106),(10262,772,107),(10263,772,337),(10264,772,474),(10265,772,492),(10266,772,768),(10267,772,852),(10268,772,1153),(10269,772,1196),(10270,772,1227),(10271,772,1387),(10272,772,1571),(10273,772,1726),(10274,1046,337),(10275,1046,436),(10276,1046,474),(10277,1046,483),(10278,1046,562),(10279,1046,609),(10280,1046,692),(10281,1046,795),(10282,1046,840),(10283,1046,893),(10284,1046,970),(10285,1046,1387),(10286,1046,1631),(10287,1318,337),(10288,1318,483),(10289,1318,652),(10290,1318,654),(10291,1318,798),(10292,1318,803),(10293,1318,852),(10294,1318,1135),(10295,1318,1141),(10296,1318,1227),(10297,1318,1247),(10298,1318,1387),(10299,1318,1571),(10300,1318,1573),(10301,1318,1631),(10302,1591,337),(10303,1591,415),(10304,1591,483),(10305,1591,505),(10306,1591,562),(10307,1591,609),(10308,1591,795),(10309,1591,852),(10310,1591,970),(10311,1591,1227),(10312,1591,1387),(10313,1591,1571),(10314,1591,1631),(10315,1865,337),(10316,1865,408),(10317,1865,409),(10318,1865,415),(10319,1865,562),(10320,1865,609),(10321,1865,795),(10322,1865,839),(10323,1865,852),(10324,1865,891),(10325,1865,970),(10326,1865,1227),(10327,1865,1387),(10328,1865,1571),(10329,1865,1631),(10330,2139,337),(10331,2139,436),(10332,2139,482),(10333,2139,562),(10334,2139,650),(10335,2139,654),(10336,2139,839),(10337,2139,892),(10338,2139,1234),(10339,2139,1387),(10340,2139,1631),(10341,225,337),(10342,225,436),(10343,225,474),(10344,225,482),(10345,225,505),(10346,225,562),(10347,225,654),(10348,225,716),(10349,225,795),(10350,225,798),(10351,225,804),(10352,225,1232),(10353,225,1387),(10354,225,1631),(10355,499,337),(10356,499,621),(10357,499,891),(10358,499,907),(10359,499,1096),(10360,499,1243),(10361,499,1387),(10362,499,1631),(10363,773,24),(10364,773,106),(10365,773,107),(10366,773,337),(10367,773,366),(10368,773,474),(10369,773,1123),(10370,773,1153),(10371,773,1196),(10372,773,1344),(10373,773,1387),(10374,773,1726),(10375,1047,24),(10376,1047,106),(10377,1047,107),(10378,1047,337),(10379,1047,474),(10380,1047,1153),(10381,1047,1196),(10382,1047,1199),(10383,1047,1343),(10384,1047,1387),(10385,1047,1726),(10386,1319,24),(10387,1319,106),(10388,1319,107),(10389,1319,337),(10390,1319,474),(10391,1319,769),(10392,1319,1153),(10393,1319,1387),(10394,1319,1726),(10395,1592,337),(10396,1592,456),(10397,1592,514),(10398,1592,787),(10399,1592,891),(10400,1592,1096),(10401,1592,1387),(10402,1592,1631),(10403,1866,337),(10404,1866,456),(10405,1866,514),(10406,1866,787),(10407,1866,891),(10408,1866,1339),(10409,1866,1387),(10410,1866,1631),(10411,2140,337),(10412,2140,408),(10413,2140,409),(10414,2140,474),(10415,2140,483),(10416,2140,562),(10417,2140,564),(10418,2140,612),(10419,2140,650),(10420,2140,780),(10421,2140,1339),(10422,2140,1387),(10423,2140,1631),(10424,226,24),(10425,226,106),(10426,226,107),(10427,226,337),(10428,226,474),(10429,226,492),(10430,226,768),(10431,226,854),(10432,226,1123),(10433,226,1153),(10434,226,1196),(10435,226,1387),(10436,226,1726),(10437,500,337),(10438,500,474),(10439,500,514),(10440,500,853),(10441,500,1153),(10442,500,1196),(10443,500,1226),(10444,500,1338),(10445,500,1359),(10446,500,1387),(10447,500,1631),(10448,774,337),(10449,774,621),(10450,774,911),(10451,774,960),(10452,774,1248),(10453,774,1387),(10454,774,1631),(10455,1048,337),(10456,1048,514),(10457,1048,621),(10458,1048,891),(10459,1048,1096),(10460,1048,1387),(10461,1048,1631),(10462,1964,1952),(10463,578,473),(10464,858,473),(10465,578,574),(10466,858,574),(10467,578,587),(10468,858,587),(10469,578,751),(10470,858,751),(10471,578,790),(10472,858,790),(10473,858,1054),(10474,578,1054),(10475,578,1351),(10476,858,1351),(10477,858,1355),(10478,578,1355),(10479,858,1784),(10480,578,1784),(10481,1410,473),(10482,1410,574),(10483,1410,587),(10484,1410,751),(10485,1410,790),(10486,1410,1054),(10487,1410,1209),(10488,1410,1351),(10489,1410,1355),(10490,1410,1784),(10491,852,97),(10492,1130,97),(10493,852,112),(10494,1130,112),(10495,852,442),(10496,1130,442),(10497,852,650),(10498,1130,650),(10499,852,695),(10500,1130,695),(10501,1130,889),(10502,852,889),(10503,852,1049),(10504,1130,1049),(10505,1130,1054),(10506,852,1054),(10507,852,1313),(10508,1130,1313),(10509,852,1355),(10510,1130,1355),(10511,852,1654),(10512,1130,1654),(10513,1684,97),(10514,1684,112),(10515,1684,442),(10516,1684,650),(10517,1684,695),(10518,1684,889),(10519,1684,1049),(10520,1684,1054),(10521,1684,1313),(10522,1684,1355),(10523,1684,1654),(10524,1061,97),(10525,1061,425),(10526,1061,510),(10527,1061,650),(10528,1061,954),(10529,1061,1087),(10530,1061,1116),(10531,1061,1260),(10532,1061,1316),(10533,1061,1333),(10534,1061,1558),(10535,1061,1586),(10536,1061,1692),(10537,1124,271),(10538,1403,271),(10539,1124,302),(10540,1403,302),(10541,1124,363),(10542,1403,363),(10543,1124,476),(10544,1403,476),(10545,1403,751),(10546,1124,751),(10547,1124,821),(10548,1403,821),(10549,1124,1038),(10550,1403,1038),(10551,1403,1048),(10552,1124,1048),(10553,1403,1054),(10554,1124,1054),(10555,1403,1351),(10556,1124,1351),(10557,1403,1355),(10558,1124,1355),(10559,1124,1406),(10560,1403,1406),(10561,1124,1718),(10562,1403,1718),(10563,1958,85),(10564,1958,111),(10565,1958,271),(10566,1958,302),(10567,1958,363),(10568,1958,399),(10569,1958,476),(10570,1958,704),(10571,1958,751),(10572,1958,821),(10573,1958,822),(10574,1958,1038),(10575,1958,1048),(10576,1958,1054),(10577,1958,1350),(10578,1958,1355),(10579,1958,1406),(10580,1958,1653),(10581,1413,201),(10582,1413,202),(10583,1413,254),(10584,1413,473),(10585,1413,544),(10586,1413,751),(10587,1413,775),(10588,1413,869),(10589,1413,1049),(10590,1413,1054),(10591,1413,1313),(10592,1413,1461),(10593,1413,1726),(10594,44,201),(10595,44,202),(10596,44,254),(10597,44,473),(10598,44,544),(10599,44,751),(10600,44,775),(10601,44,869),(10602,44,1037),(10603,44,1048),(10604,44,1054),(10605,44,1216),(10606,44,1313),(10607,44,1461),(10608,44,1726),(10609,1397,79),(10610,1677,79),(10611,1677,89),(10612,1397,89),(10613,1677,442),(10614,1397,442),(10615,1397,869),(10616,1677,869),(10617,1397,1036),(10618,1677,1036),(10619,1677,1048),(10620,1397,1048),(10621,1397,1305),(10622,1677,1305),(10623,1677,1356),(10624,1397,1356),(10625,1397,1391),(10626,1677,1391),(10627,1397,1681),(10628,1677,1681),(10629,318,79),(10630,318,89),(10631,318,442),(10632,318,869),(10633,318,1036),(10634,318,1037),(10635,318,1048),(10636,318,1305),(10637,318,1356),(10638,318,1391),(10639,318,1681),(10640,1951,243),(10641,1671,243),(10642,1951,308),(10643,1671,308),(10644,1671,341),(10645,1951,341),(10646,1671,401),(10647,1951,401),(10648,1671,426),(10649,1951,426),(10650,1951,704),(10651,1671,704),(10652,1671,853),(10653,1951,853),(10654,1671,889),(10655,1951,889),(10656,1671,954),(10657,1951,954),(10658,1951,1048),(10659,1671,1048),(10660,1671,1257),(10661,1951,1257),(10662,1951,1260),(10663,1671,1260),(10664,1671,1310),(10665,1951,1310),(10666,1671,1350),(10667,1951,1350),(10668,1671,1355),(10669,1951,1355),(10670,1951,1557),(10671,1671,1557),(10672,1951,1654),(10673,1671,1654),(10674,592,243),(10675,592,308),(10676,592,341),(10677,592,401),(10678,592,426),(10679,592,853),(10680,592,889),(10681,592,954),(10682,592,1048),(10683,592,1257),(10684,592,1260),(10685,592,1310),(10686,592,1350),(10687,592,1355),(10688,592,1557),(10689,592,1654),(10690,37,245),(10691,1945,245),(10692,1945,889),(10693,37,889),(10694,37,1054),(10695,1945,1054),(10696,1945,1286),(10697,37,1286),(10698,37,1356),(10699,1945,1356),(10700,37,1735),(10701,1945,1735),(10702,866,97),(10703,866,104),(10704,866,245),(10705,866,347),(10706,866,510),(10707,866,691),(10708,866,889),(10709,866,962),(10710,866,1049),(10711,866,1654),(10712,311,92),(10713,31,92),(10714,31,310),(10715,311,310),(10716,31,394),(10717,311,394),(10718,31,495),(10719,311,495),(10720,311,571),(10721,31,571),(10722,31,699),(10723,311,699),(10724,31,704),(10725,311,704),(10726,31,890),(10727,311,890),(10728,31,1017),(10729,311,1017),(10730,311,1054),(10731,31,1054),(10732,31,1260),(10733,311,1260),(10734,31,1350),(10735,311,1350),(10736,31,1356),(10737,311,1356),(10738,31,1523),(10739,311,1523),(10740,31,1557),(10741,311,1557),(10742,31,1721),(10743,311,1721),(10744,1138,92),(10745,1138,310),(10746,1138,394),(10747,1138,495),(10748,1138,571),(10749,1138,699),(10750,1138,704),(10751,1138,832),(10752,1138,890),(10753,1138,1017),(10754,1138,1054),(10755,1138,1192),(10756,1138,1260),(10757,1138,1350),(10758,1138,1356),(10759,1138,1523),(10760,1138,1557),(10761,1138,1721),(10762,305,426),(10763,585,426),(10764,305,442),(10765,585,442),(10766,305,727),(10767,585,727),(10768,585,853),(10769,305,853),(10770,305,1048),(10771,585,1048),(10772,305,1050),(10773,585,1050),(10774,305,1356),(10775,585,1356),(10776,305,1813),(10777,585,1813),(10778,1411,425),(10779,1411,442),(10780,1411,467),(10781,1411,490),(10782,1411,510),(10783,1411,704),(10784,1411,728),(10785,1411,764),(10786,1411,853),(10787,1411,1026),(10788,1411,1048),(10789,1411,1192),(10790,1411,1260),(10791,1411,1301),(10792,1411,1307),(10793,1411,1350),(10794,1411,1355),(10795,1411,1509),(10796,1411,1557),(10797,1411,1813),(10798,579,139),(10799,859,139),(10800,859,253),(10801,579,253),(10802,859,399),(10803,579,399),(10804,579,425),(10805,859,425),(10806,859,492),(10807,579,492),(10808,579,497),(10809,859,497),(10810,579,941),(10811,859,941),(10812,579,1037),(10813,859,1037),(10814,579,1048),(10815,859,1048),(10816,579,1256),(10817,859,1256),(10818,579,1260),(10819,859,1260),(10820,579,1311),(10821,859,1311),(10822,579,1355),(10823,859,1355),(10824,579,1490),(10825,859,1490),(10826,859,1557),(10827,579,1557),(10828,579,1586),(10829,859,1586),(10830,579,1726),(10831,859,1726),(10832,1678,139),(10833,1678,253),(10834,1678,399),(10835,1678,425),(10836,1678,492),(10837,1678,497),(10838,1678,941),(10839,1678,1037),(10840,1678,1048),(10841,1678,1256),(10842,1678,1260),(10843,1678,1311),(10844,1678,1355),(10845,1678,1490),(10846,1678,1557),(10847,1678,1586),(10848,1678,1726),(10849,1952,139),(10850,1952,253),(10851,1952,399),(10852,1952,425),(10853,1952,492),(10854,1952,497),(10855,1952,941),(10856,1952,1037),(10857,1952,1048),(10858,1952,1256),(10859,1952,1260),(10860,1952,1311),(10861,1952,1355),(10862,1952,1490),(10863,1952,1557),(10864,1952,1586),(10865,1952,1726),(10866,1687,62),(10867,1687,97),(10868,1687,244),(10869,1687,442),(10870,1687,853),(10871,1687,889),(10872,1687,1033),(10873,1687,1037),(10874,1687,1048),(10875,1687,1050),(10876,1687,1054),(10877,1687,1107),(10878,1687,1114),(10879,1687,1260),(10880,1687,1350),(10881,1687,1355),(10882,1687,1557),(10883,1687,1654),(10884,1143,62),(10885,1143,97),(10886,1143,244),(10887,1143,442),(10888,1143,853),(10889,1143,889),(10890,1143,1033),(10891,1143,1048),(10892,1143,1050),(10893,1143,1054),(10894,1143,1107),(10895,1143,1114),(10896,1143,1260),(10897,1143,1350),(10898,1143,1355),(10899,1143,1557),(10900,1143,1654),(10901,1961,134),(10902,1961,172),(10903,1961,271),(10904,1961,425),(10905,1961,426),(10906,1961,473),(10907,1961,704),(10908,1961,814),(10909,1961,853),(10910,1961,889),(10911,1961,1116),(10912,1961,1193),(10913,1961,1260),(10914,1961,1316),(10915,1961,1355),(10916,1961,1435),(10917,1961,1557),(10918,1961,1586),(10919,1961,1662),(10920,1685,134),(10921,1685,172),(10922,1685,271),(10923,1685,425),(10924,1685,426),(10925,1685,473),(10926,1685,704),(10927,1685,814),(10928,1685,853),(10929,1685,889),(10930,1685,1116),(10931,1685,1193),(10932,1685,1260),(10933,1685,1316),(10934,1685,1355),(10935,1685,1435),(10936,1685,1557),(10937,1685,1586),(10938,1685,1662),(10939,47,21),(10940,47,123),(10941,47,185),(10942,47,404),(10943,47,641),(10944,47,842),(10945,47,853),(10946,47,986),(10947,47,1350),(10948,47,1356),(10949,47,1652),(10950,1959,21),(10951,1959,123),(10952,1959,185),(10953,1959,404),(10954,1959,641),(10955,1959,644),(10956,1959,671),(10957,1959,842),(10958,1959,853),(10959,1959,986),(10960,1959,1212),(10961,1959,1350),(10962,1959,1652),(10963,38,306),(10964,38,357),(10965,38,544),(10966,38,546),(10967,38,587),(10968,38,672),(10969,38,686),(10970,38,751),(10971,38,854),(10972,38,1107),(10973,38,1113),(10974,38,1256),(10975,38,1355),(10976,38,1407),(10977,38,1726),(10978,45,306),(10979,45,357),(10980,45,544),(10981,45,546),(10982,45,587),(10983,45,672),(10984,45,686),(10985,45,751),(10986,45,854),(10987,45,869),(10988,45,1107),(10989,45,1113),(10990,45,1256),(10991,45,1355),(10992,45,1407),(10993,45,1726),(10994,312,253),(10995,312,312),(10996,312,442),(10997,312,497),(10998,312,533),(10999,312,751),(11000,312,941),(11001,312,942),(11002,312,1038),(11003,312,1048),(11004,312,1236),(11005,312,1332),(11006,312,1355),(11007,312,1726),(11008,319,253),(11009,319,312),(11010,319,442),(11011,319,497),(11012,319,533),(11013,319,751),(11014,319,941),(11015,319,942),(11016,319,1038),(11017,319,1048),(11018,319,1236),(11019,319,1332),(11020,319,1355),(11021,319,1726),(11022,586,61),(11023,586,271),(11024,586,889),(11025,586,1054),(11026,586,1287),(11027,586,1662),(11028,593,61),(11029,593,271),(11030,593,510),(11031,593,889),(11032,593,1054),(11033,593,1192),(11034,593,1287),(11035,593,1662),(11036,2157,367),(11037,2157,375),(11038,2157,455),(11039,2157,461),(11040,2157,492),(11041,2157,513),(11042,2157,522),(11043,2157,527),(11044,2157,531),(11045,2157,651),(11046,2157,1743),(11047,867,367),(11048,867,375),(11049,867,455),(11050,867,461),(11051,867,492),(11052,867,513),(11053,867,522),(11054,867,527),(11055,867,651),(11056,867,1743),(11057,321,140),(11058,321,149),(11059,321,375),(11060,321,450),(11061,321,497),(11062,321,686),(11063,321,853),(11064,321,1050),(11065,321,1261),(11066,321,1320),(11067,321,1350),(11068,321,1356),(11069,321,1545),(11070,321,1698),(11071,1139,140),(11072,1139,149),(11073,1139,375),(11074,1139,450),(11075,1139,497),(11076,1139,686),(11077,1139,853),(11078,1139,1050),(11079,1139,1261),(11080,1139,1320),(11081,1139,1350),(11082,1139,1356),(11083,1139,1545),(11084,1139,1698),(11085,243,21),(11086,243,105),(11087,243,185),(11088,243,274),(11089,243,371),(11090,243,405),(11091,243,406),(11092,243,501),(11093,243,665),(11094,243,1054),(11095,243,1061),(11096,243,1087),(11097,243,1215),(11098,243,1266),(11099,243,1350),(11100,243,1355),(11101,243,1700),(11102,517,185),(11103,517,211),(11104,517,309),(11105,517,578),(11106,517,641),(11107,517,698),(11108,517,847),(11109,517,851),(11110,517,853),(11111,517,913),(11112,517,1036),(11113,517,1048),(11114,517,1062),(11115,517,1074),(11116,517,1350),(11117,517,1356),(11118,517,1628),(11119,791,695),(11120,791,1048),(11121,791,1054),(11122,791,1309),(11123,791,1355),(11124,791,1834),(11125,513,510),(11126,513,512),(11127,513,650),(11128,513,705),(11129,513,883),(11130,513,909),(11131,513,1054),(11132,513,1087),(11133,513,1316),(11134,513,1825),(11135,787,650),(11136,787,704),(11137,787,883),(11138,787,909),(11139,787,1087),(11140,787,1317),(11141,787,1586),(11142,787,1824),(11143,860,641),(11144,860,667),(11145,860,704),(11146,860,751),(11147,860,853),(11148,860,909),(11149,860,1049),(11150,860,1054),(11151,860,1192),(11152,860,1350),(11153,860,1889),(11154,1065,89),(11155,1065,253),(11156,1065,402),(11157,1065,425),(11158,1065,442),(11159,1065,657),(11160,1065,704),(11161,1065,853),(11162,1065,1049),(11163,1065,1561),(11164,1065,1585),(11165,1065,1586),(11166,1065,1675),(11167,1132,89),(11168,1132,253),(11169,1132,425),(11170,1132,442),(11171,1132,657),(11172,1132,704),(11173,1132,853),(11174,1132,1049),(11175,1132,1561),(11176,1132,1585),(11177,1132,1586),(11178,1132,1675),(11179,1337,21),(11180,1337,185),(11181,1337,199),(11182,1337,404),(11183,1337,641),(11184,1337,751),(11185,1337,853),(11186,1337,986),(11187,1337,1050),(11188,1337,1260),(11189,1337,1266),(11190,1337,1350),(11191,1337,1355),(11192,1337,1557),(11193,1337,1720),(11194,1610,501),(11195,1610,544),(11196,1610,650),(11197,1610,652),(11198,1610,709),(11199,1610,1018),(11200,1610,1268),(11201,1610,1573),(11202,1610,1847),(11203,339,351),(11204,339,394),(11205,339,490),(11206,339,544),(11207,339,650),(11208,339,704),(11209,339,855),(11210,339,1173),(11211,339,1350),(11212,339,1770),(11213,613,81),(11214,613,754),(11215,613,853),(11216,613,858),(11217,613,1180),(11218,613,1350),(11219,613,1458),(11220,613,1616),(11221,887,81),(11222,887,704),(11223,887,764),(11224,887,853),(11225,887,858),(11226,887,1044),(11227,887,1171),(11228,887,1350),(11229,887,1616),(11230,1159,93),(11231,1159,477),(11232,1159,530),(11233,1159,704),(11234,1159,788),(11235,1159,805),(11236,1159,853),(11237,1159,1536),(11238,1159,1732),(11239,1432,93),(11240,1432,477),(11241,1432,530),(11242,1432,704),(11243,1432,788),(11244,1432,853),(11245,1432,1536),(11246,1432,1732),(11247,1706,717),(11248,1706,1536),(11249,1706,1731),(11250,1980,380),(11251,1980,1536),(11252,1980,1731),(11253,66,805),(11254,66,853),(11255,66,859),(11256,66,1350),(11257,66,1925),(11258,340,208),(11259,340,755),(11260,340,853),(11261,340,1351),(11262,340,1729),(11263,1971,684),(11264,1971,847),(11265,1971,853),(11266,1971,968),(11267,1971,1270),(11268,1971,1350),(11269,1971,1870),(11270,519,843),(11271,519,1020),(11272,519,1179),(11273,519,1350),(11274,519,1856),(11275,327,1179),(11276,327,1221),(11277,327,1302),(11278,327,1350),(11279,327,1788),(11280,601,720),(11281,601,1020),(11282,601,1179),(11283,601,1350),(11284,601,1712),(11285,398,406),(11286,1537,406),(11287,398,556),(11288,1537,556),(11289,398,719),(11290,1537,719),(11291,398,903),(11292,1537,903),(11293,398,1020),(11294,1537,1020),(11295,398,1082),(11296,1537,1082),(11297,1537,1087),(11298,398,1087),(11299,398,1112),(11300,1537,1112),(11301,1537,1179),(11302,398,1179),(11303,398,1182),(11304,1537,1182),(11305,1537,1316),(11306,398,1316),(11307,398,1350),(11308,1537,1350),(11309,398,1760),(11310,1537,1760),(11311,57,713),(11312,57,853),(11313,57,1071),(11314,57,1108),(11315,57,1174),(11316,57,1856),(11317,614,650),(11318,614,704),(11319,614,1173),(11320,614,1770),(11321,888,394),(11322,888,650),(11323,888,1173),(11324,888,1770),(11325,595,829),(11326,595,1031),(11327,595,1339),(11328,595,1350),(11329,595,1804),(11330,869,829),(11331,869,1031),(11332,869,1339),(11333,869,1350),(11334,869,1804),(11335,1939,579),(11336,1939,590),(11337,1939,731),(11338,1939,853),(11339,1939,1136),(11340,1939,1350),(11341,1939,1852),(11342,25,579),(11343,25,590),(11344,25,704),(11345,25,731),(11346,25,853),(11347,25,875),(11348,25,1135),(11349,25,1179),(11350,25,1204),(11351,25,1350),(11352,25,1852),(11353,1688,401),(11354,1688,443),(11355,1688,490),(11356,1688,535),(11357,1688,590),(11358,1688,595),(11359,1688,968),(11360,1688,1349),(11361,1688,1350),(11362,1688,1571),(11363,1688,1794),(11364,1962,401),(11365,1962,443),(11366,1962,490),(11367,1962,535),(11368,1962,590),(11369,1962,595),(11370,1962,968),(11371,1962,1349),(11372,1962,1350),(11373,1962,1571),(11374,1962,1794),(11375,1141,570),(11376,1141,588),(11377,1141,704),(11378,1141,744),(11379,1141,824),(11380,1141,853),(11381,1141,917),(11382,1141,1350),(11383,1141,1853),(11384,48,570),(11385,48,588),(11386,48,704),(11387,48,744),(11388,48,784),(11389,48,824),(11390,48,853),(11391,48,917),(11392,48,1350),(11393,48,1853),(11394,322,570),(11395,322,588),(11396,322,704),(11397,322,744),(11398,322,824),(11399,322,853),(11400,322,917),(11401,322,1350),(11402,322,1853),(11403,1414,483),(11404,1414,490),(11405,1414,729),(11406,1414,795),(11407,1414,886),(11408,1414,906),(11409,1414,1060),(11410,1414,1102),(11411,1414,1135),(11412,1414,1144),(11413,1414,1179),(11414,1414,1223),(11415,1414,1237),(11416,1414,1350),(11417,1414,1515),(11418,1414,1734),(11419,596,483),(11420,596,490),(11421,596,729),(11422,596,795),(11423,596,886),(11424,596,906),(11425,596,1060),(11426,596,1102),(11427,596,1135),(11428,596,1144),(11429,596,1179),(11430,596,1223),(11431,596,1237),(11432,596,1350),(11433,596,1515),(11434,596,1734),(11435,1333,271),(11436,1333,280),(11437,1333,544),(11438,1333,546),(11439,1333,751),(11440,1333,854),(11441,1333,860),(11442,1333,986),(11443,1333,1036),(11444,1333,1717),(11445,1458,848),(11446,1458,854),(11447,1458,1913),(11448,974,1228),(11449,2113,1228),(11450,974,1351),(11451,2113,1351),(11452,974,1946),(11453,2113,1946),(11454,199,1102),(11455,1246,1102),(11456,1246,1179),(11457,199,1179),(11458,199,1228),(11459,1246,1228),(11460,1246,1351),(11461,199,1351),(11462,1246,1828),(11463,199,1828),(11464,549,853),(11465,549,1135),(11466,549,1175),(11467,549,1933),(11468,1903,483),(11469,1903,1122),(11470,1903,1135),(11471,1903,1351),(11472,1903,1812),(11473,1732,738),(11474,1732,848),(11475,1732,854),(11476,1732,1135),(11477,1732,1913),(11478,2006,619),(11479,2006,887),(11480,2006,1135),(11481,2006,1350),(11482,2006,1804),(11483,92,853),(11484,92,982),(11485,92,1155),(11486,92,1179),(11487,92,1641),(11488,1889,765),(11489,1889,1844),(11490,2177,650),(11491,2177,765),(11492,2177,1847),(11493,1519,1135),(11494,473,1135),(11495,1519,1142),(11496,473,1142),(11497,473,1937),(11498,1519,1937),(11499,263,764),(11500,263,1269),(11501,263,1847),(11502,366,853),(11503,366,894),(11504,366,1045),(11505,366,1350),(11506,366,1890),(11507,640,1135),(11508,640,1229),(11509,640,1937),(11510,747,415),(11511,1793,415),(11512,1793,649),(11513,747,649),(11514,747,853),(11515,1793,853),(11516,1793,1351),(11517,747,1351),(11518,747,1813),(11519,1793,1813),(11520,914,469),(11521,914,490),(11522,914,1300),(11523,914,1833),(11524,1186,438),(11525,1186,848),(11526,1186,1797),(11527,2030,554),(11528,2030,729),(11529,2030,854),(11530,2030,1285),(11531,2030,1517),(11532,2030,1831),(11533,1459,853),(11534,1459,1034),(11535,1459,1913),(11536,2067,851),(11537,1021,851),(11538,2067,854),(11539,1021,854),(11540,1021,1899),(11541,2067,1899),(11542,537,853),(11543,537,1044),(11544,537,1283),(11545,537,1327),(11546,537,1920),(11547,1733,853),(11548,1733,1155),(11549,1733,1179),(11550,1733,1920),(11551,823,848),(11552,823,854),(11553,823,1135),(11554,823,1913),(11555,621,732),(11556,621,853),(11557,621,1135),(11558,621,1799),(11559,1293,704),(11560,153,704),(11561,1293,1135),(11562,153,1135),(11563,1293,1351),(11564,153,1351),(11565,1293,1853),(11566,153,1853),(11567,1566,445),(11568,427,445),(11569,427,731),(11570,1566,731),(11571,1566,853),(11572,427,853),(11573,1566,1146),(11574,427,1146),(11575,1566,1180),(11576,427,1180),(11577,1566,1368),(11578,427,1368),(11579,427,1813),(11580,1566,1813),(11581,2007,843),(11582,2007,1351),(11583,2007,1913),(11584,701,619),(11585,1840,619),(11586,701,805),(11587,1840,805),(11588,1840,1351),(11589,701,1351),(11590,701,1853),(11591,1840,1853),(11592,895,1587),(11593,895,1824),(11594,975,853),(11595,2114,853),(11596,975,1135),(11597,2114,1135),(11598,975,1180),(11599,2114,1180),(11600,2114,1853),(11601,975,1853),(11602,1079,740),(11603,1079,1179),(11604,1079,1351),(11605,1079,1794),(11606,116,490),(11607,116,848),(11608,116,854),(11609,116,1813),(11610,1167,452),(11611,1167,470),(11612,1167,651),(11613,1167,1813),(11614,390,731),(11615,390,853),(11616,390,1180),(11617,390,1566),(11618,390,1905),(11619,200,827),(11620,1247,827),(11621,1247,853),(11622,200,853),(11623,200,1175),(11624,1247,1175),(11625,1247,1179),(11626,200,1179),(11627,200,1821),(11628,1247,1821),(11629,1520,765),(11630,474,765),(11631,474,1911),(11632,1520,1911),(11633,93,718),(11634,93,1179),(11635,93,1351),(11636,93,1837),(11637,748,970),(11638,1794,970),(11639,1794,1179),(11640,748,1179),(11641,1794,1351),(11642,748,1351),(11643,1794,1794),(11644,748,1794),(11645,1749,657),(11646,1749,659),(11647,1749,853),(11648,1749,900),(11649,1749,1561),(11650,1749,1824),(11651,367,853),(11652,367,1300),(11653,367,1813),(11654,1858,854),(11655,1858,1135),(11656,1858,1799),(11657,1022,1136),(11658,2068,1136),(11659,2068,1350),(11660,1022,1350),(11661,2068,1937),(11662,1022,1937),(11663,1366,732),(11664,1366,853),(11665,1366,1179),(11666,1366,1797),(11667,641,650),(11668,641,765),(11669,641,1844),(11670,2132,843),(11671,2132,854),(11672,2132,1876),(11673,811,731),(11674,811,1031),(11675,811,1179),(11676,811,1351),(11677,811,1826),(11678,1294,452),(11679,154,452),(11680,154,1122),(11681,1294,1122),(11682,1294,1179),(11683,154,1179),(11684,1294,1351),(11685,154,1351),(11686,1294,1828),(11687,154,1828),(11688,428,490),(11689,1567,490),(11690,428,1179),(11691,1567,1179),(11692,428,1351),(11693,1567,1351),(11694,428,1846),(11695,1567,1846),(11696,664,1135),(11697,664,1155),(11698,664,1937),(11699,702,651),(11700,1841,651),(11701,1841,1586),(11702,702,1586),(11703,702,1824),(11704,1841,1824),(11705,1595,887),(11706,1595,1135),(11707,1595,1350),(11708,1595,1853),(11709,915,490),(11710,915,1135),(11711,915,1351),(11712,915,1813),(11713,1187,1349),(11714,1187,1572),(11715,1187,1853),(11716,2163,1339),(11717,2163,1350),(11718,2163,1804),(11719,1351,1179),(11720,1351,1228),(11721,1351,1351),(11722,1351,1853),(11723,1624,689),(11724,1624,1135),(11725,1624,1351),(11726,1624,1876),(11727,1097,853),(11728,1097,1135),(11729,1097,1180),(11730,1097,1855),(11731,938,490),(11732,938,1179),(11733,938,1351),(11734,938,1846),(11735,1460,731),(11736,1460,786),(11737,1460,854),(11738,1460,1283),(11739,1460,1326),(11740,1460,1568),(11741,1460,1858),(11742,1734,1179),(11743,1734,1277),(11744,1734,1350),(11745,1734,1928),(11746,976,490),(11747,2115,490),(11748,976,1179),(11749,2115,1179),(11750,976,1351),(11751,2115,1351),(11752,2115,1846),(11753,976,1846),(11754,218,1135),(11755,218,1179),(11756,218,1351),(11757,218,1804),(11758,2008,736),(11759,2008,740),(11760,2008,1199),(11761,2008,1350),(11762,2008,1913),(11763,94,1135),(11764,94,1180),(11765,94,1937),(11766,368,469),(11767,368,1299),(11768,368,1351),(11769,368,1813),(11770,642,842),(11771,642,853),(11772,642,1135),(11773,642,1180),(11774,642,1350),(11775,642,1913),(11776,1639,853),(11777,1639,1045),(11778,1639,1135),(11779,1639,1920),(11780,916,853),(11781,916,1136),(11782,916,1812),(11783,1188,729),(11784,1188,854),(11785,1188,1185),(11786,1188,1517),(11787,1188,1839),(11788,599,704),(11789,599,1135),(11790,599,1351),(11791,599,1853),(11792,249,729),(11793,249,938),(11794,249,1179),(11795,249,1299),(11796,249,1351),(11797,249,1517),(11798,249,1813),(11799,1913,740),(11800,1913,853),(11801,1913,1136),(11802,1913,1174),(11803,1913,1350),(11804,1913,1913),(11805,1461,853),(11806,1461,1180),(11807,1461,1517),(11808,1461,1912),(11809,1369,490),(11810,1369,1351),(11811,1369,1846),(11812,1248,402),(11813,201,402),(11814,1248,469),(11815,201,469),(11816,1248,887),(11817,201,887),(11818,201,1350),(11819,1248,1350),(11820,1248,1804),(11821,201,1804),(11822,1735,731),(11823,1735,1135),(11824,1735,1351),(11825,1735,1813),(11826,2009,853),(11827,2009,977),(11828,2009,1179),(11829,2009,1894),(11830,1898,1587),(11831,1898,1824),(11832,2187,853),(11833,2187,923),(11834,2187,1847),(11835,1085,729),(11836,1085,853),(11837,1085,1174),(11838,1085,1180),(11839,1085,1350),(11840,1085,1515),(11841,1085,1794),(11842,95,689),(11843,95,1135),(11844,95,1351),(11845,95,1890),(11846,369,619),(11847,369,853),(11848,369,1136),(11849,369,1350),(11850,369,1813),(11851,1314,1587),(11852,1314,1824),(11853,643,764),(11854,643,1351),(11855,643,1844),(11856,903,853),(11857,903,1044),(11858,903,1155),(11859,903,1641),(11860,475,1921),(11861,1521,1921),(11862,917,1155),(11863,917,1179),(11864,917,1937),(11865,749,801),(11866,1795,801),(11867,1795,805),(11868,749,805),(11869,1795,1351),(11870,749,1351),(11871,749,1903),(11872,1795,1903),(11873,1869,738),(11874,1869,1179),(11875,1869,1351),(11876,1869,1907),(11877,1189,894),(11878,1189,1044),(11879,1189,1299),(11880,1189,1351),(11881,1189,1812),(11882,1210,853),(11883,1210,1075),(11884,1210,1179),(11885,1210,1354),(11886,1210,1843),(11887,523,437),(11888,523,857),(11889,523,1264),(11890,523,1350),(11891,523,1804),(11892,2143,853),(11893,2143,957),(11894,2143,958),(11895,2143,1111),(11896,2143,1135),(11897,2143,1875),(11898,2069,402),(11899,1023,402),(11900,2069,853),(11901,1023,853),(11902,2069,1078),(11903,1023,1078),(11904,2069,1179),(11905,1023,1179),(11906,1023,1264),(11907,2069,1264),(11908,1023,1805),(11909,2069,1805),(11910,1643,1845),(11911,1483,469),(11912,1483,795),(11913,1483,853),(11914,1483,1300),(11915,1483,1813),(11916,155,1179),(11917,1295,1179),(11918,155,1351),(11919,1295,1351),(11920,155,1887),(11921,1295,1887),(11922,1757,1179),(11923,1757,1220),(11924,1757,1350),(11925,1757,1835),(11926,1462,649),(11927,1462,853),(11928,1462,1364),(11929,1462,1865),(11930,1736,805),(11931,1736,1351),(11932,1736,1813),(11933,429,1351),(11934,1568,1351),(11935,429,1945),(11936,1568,1945),(11937,1842,490),(11938,703,490),(11939,1842,1179),(11940,703,1179),(11941,703,1351),(11942,1842,1351),(11943,1842,1846),(11944,703,1846),(11945,2010,731),(11946,2010,853),(11947,2010,1179),(11948,2010,1290),(11949,2010,1855),(11950,96,1135),(11951,96,1351),(11952,96,1853),(11953,2031,469),(11954,2031,1179),(11955,2031,1351),(11956,2031,1804),(11957,117,731),(11958,117,853),(11959,117,1180),(11960,117,1856),(11961,391,1952),(11962,977,1952),(11963,2116,1952),(11964,202,718),(11965,1249,718),(11966,1249,854),(11967,202,854),(11968,202,1179),(11969,1249,1179),(11970,202,1805),(11971,1249,1805),(11972,370,469),(11973,370,1179),(11974,370,1351),(11975,370,1813),(11976,476,854),(11977,1522,854),(11978,476,1179),(11979,1522,1179),(11980,1522,1821),(11981,476,1821),(11982,1796,853),(11983,750,853),(11984,750,1135),(11985,1796,1135),(11986,1796,1180),(11987,750,1180),(11988,750,1350),(11989,1796,1350),(11990,750,1846),(11991,1796,1846),(11992,2070,853),(11993,1024,853),(11994,2070,1300),(11995,1024,1300),(11996,2070,1856),(11997,1024,1856),(11998,156,720),(11999,1296,720),(12000,156,729),(12001,1296,729),(12002,156,1135),(12003,1296,1135),(12004,156,1351),(12005,1296,1351),(12006,156,1515),(12007,1296,1515),(12008,1296,1813),(12009,156,1813),(12010,665,1031),(12011,665,1135),(12012,665,1351),(12013,665,1826),(12014,939,853),(12015,939,894),(12016,939,1045),(12017,939,1350),(12018,939,1904),(12019,644,1338),(12020,644,1351),(12021,644,1913),(12022,430,469),(12023,1569,469),(12024,1569,1179),(12025,430,1179),(12026,1569,1281),(12027,430,1281),(12028,430,1351),(12029,1569,1351),(12030,430,1813),(12031,1569,1813),(12032,797,498),(12033,797,704),(12034,797,853),(12035,797,1155),(12036,797,1179),(12037,797,1350),(12038,797,1821),(12039,918,689),(12040,918,1135),(12041,918,1351),(12042,918,1890),(12043,704,736),(12044,1843,736),(12045,704,854),(12046,1843,854),(12047,1843,1913),(12048,704,1913),(12049,978,413),(12050,2117,413),(12051,2117,857),(12052,978,857),(12053,978,1263),(12054,2117,1263),(12055,978,1351),(12056,2117,1351),(12057,978,1813),(12058,2117,1813),(12059,1211,1135),(12060,1211,1351),(12061,1211,1844),(12062,1190,704),(12063,1190,853),(12064,1190,1033),(12065,1190,1136),(12066,1190,1350),(12067,1190,1833),(12068,1484,1217),(12069,1484,1282),(12070,1484,1350),(12071,1484,1945),(12072,1463,1136),(12073,1463,1937),(12074,1250,1587),(12075,203,1587),(12076,203,1824),(12077,1250,1824),(12078,1737,1587),(12079,1737,1824),(12080,492,1179),(12081,492,1351),(12082,492,1813),(12083,2011,853),(12084,2011,1180),(12085,2011,1805),(12086,1523,853),(12087,477,853),(12088,477,1180),(12089,1523,1180),(12090,477,1856),(12091,1523,1856),(12092,751,42),(12093,1797,42),(12094,751,740),(12095,1797,740),(12096,751,1179),(12097,1797,1179),(12098,1797,1351),(12099,751,1351),(12100,1797,1794),(12101,751,1794),(12102,2071,853),(12103,1025,853),(12104,2071,1136),(12105,1025,1136),(12106,1025,1837),(12107,2071,1837),(12108,157,490),(12109,1297,490),(12110,157,752),(12111,1297,752),(12112,157,1179),(12113,1297,1179),(12114,1297,1350),(12115,157,1350),(12116,157,1849),(12117,1297,1849),(12118,431,755),(12119,1570,755),(12120,1570,1135),(12121,431,1135),(12122,431,1351),(12123,1570,1351),(12124,1570,1890),(12125,431,1890),(12126,1071,650),(12127,1071,704),(12128,1071,1179),(12129,1071,1224),(12130,1071,1853),(12131,1440,719),(12132,1440,1351),(12133,1440,1856),(12134,1917,608),(12135,1917,853),(12136,1917,1135),(12137,1917,1179),(12138,1917,1350),(12139,1917,1805),(12140,97,704),(12141,97,853),(12142,97,1135),(12143,97,1180),(12144,97,1350),(12145,97,1813),(12146,1714,853),(12147,1714,1135),(12148,1714,1277),(12149,1714,1833),(12150,371,607),(12151,371,1179),(12152,371,1351),(12153,371,1641),(12154,1844,490),(12155,705,490),(12156,1844,740),(12157,705,740),(12158,705,1135),(12159,1844,1135),(12160,705,1175),(12161,1844,1175),(12162,1844,1179),(12163,705,1179),(12164,1844,1350),(12165,705,1350),(12166,705,1846),(12167,1844,1846),(12168,645,741),(12169,645,1179),(12170,645,1350),(12171,645,1846),(12172,979,469),(12173,2118,469),(12174,2118,1299),(12175,979,1299),(12176,979,1351),(12177,2118,1351),(12178,979,1813),(12179,2118,1813),(12180,919,731),(12181,919,853),(12182,919,1155),(12183,919,1179),(12184,919,1641),(12185,1251,469),(12186,204,469),(12187,204,1299),(12188,1251,1299),(12189,1251,1351),(12190,204,1351),(12191,1251,1813),(12192,204,1813),(12193,1191,853),(12194,1191,1220),(12195,1191,1835),(12196,478,1179),(12197,1524,1179),(12198,1524,1351),(12199,478,1351),(12200,1524,1515),(12201,478,1515),(12202,1524,1912),(12203,478,1912),(12204,1464,1179),(12205,1464,1351),(12206,1464,1807),(12207,752,467),(12208,1798,467),(12209,752,469),(12210,1798,469),(12211,1798,590),(12212,752,590),(12213,752,765),(12214,1798,765),(12215,752,1350),(12216,1798,1350),(12217,752,1813),(12218,1798,1813),(12219,1758,853),(12220,1758,1032),(12221,1758,1179),(12222,1758,1805),(12223,1693,650),(12224,1693,705),(12225,1693,1585),(12226,1693,1824),(12227,1738,854),(12228,1738,1033),(12229,1738,1916),(12230,1357,1179),(12231,1357,1351),(12232,1357,1846),(12233,1026,755),(12234,2072,755),(12235,1026,843),(12236,2072,843),(12237,1026,1299),(12238,2072,1299),(12239,2072,1351),(12240,1026,1351),(12241,1026,1853),(12242,2072,1853),(12243,2012,469),(12244,2012,490),(12245,2012,704),(12246,2012,853),(12247,2012,923),(12248,2012,1350),(12249,2012,1844),(12250,98,828),(12251,98,851),(12252,98,854),(12253,98,1135),(12254,98,1797),(12255,1587,553),(12256,1587,853),(12257,1587,957),(12258,1587,958),(12259,1587,1111),(12260,1587,1135),(12261,1587,1856),(12262,1298,704),(12263,158,704),(12264,1298,805),(12265,158,805),(12266,158,959),(12267,1298,959),(12268,158,1059),(12269,1298,1059),(12270,158,1174),(12271,1298,1174),(12272,1298,1350),(12273,158,1350),(12274,158,1875),(12275,1298,1875),(12276,432,453),(12277,1571,453),(12278,432,469),(12279,1571,469),(12280,432,490),(12281,1571,490),(12282,1571,853),(12283,432,853),(12284,1571,1299),(12285,432,1299),(12286,432,1350),(12287,1571,1350),(12288,432,1805),(12289,1571,1805),(12290,706,853),(12291,1845,853),(12292,706,1180),(12293,1845,1180),(12294,706,1281),(12295,1845,1281),(12296,1845,1350),(12297,706,1350),(12298,706,1813),(12299,1845,1813),(12300,2032,499),(12301,2032,805),(12302,2032,853),(12303,2032,1135),(12304,2032,1229),(12305,2032,1795),(12306,1365,1135),(12307,1365,1179),(12308,1365,1351),(12309,1365,1918),(12310,118,1135),(12311,118,1351),(12312,118,1853),(12313,372,590),(12314,372,1135),(12315,372,1177),(12316,372,1350),(12317,372,1853),(12318,2119,470),(12319,980,470),(12320,980,922),(12321,2119,922),(12322,980,976),(12323,2119,976),(12324,980,979),(12325,2119,979),(12326,2119,1326),(12327,980,1326),(12328,980,1813),(12329,2119,1813),(12330,205,593),(12331,1252,593),(12332,1252,924),(12333,205,924),(12334,1252,1179),(12335,205,1179),(12336,1252,1351),(12337,205,1351),(12338,1252,1813),(12339,205,1813),(12340,1630,607),(12341,1630,1043),(12342,1630,1179),(12343,1630,1350),(12344,1630,1805),(12345,479,1155),(12346,1525,1155),(12347,479,1179),(12348,1525,1179),(12349,479,1937),(12350,1525,1937),(12351,1988,1135),(12352,1988,1351),(12353,1988,1805),(12354,646,402),(12355,646,415),(12356,646,805),(12357,646,1351),(12358,646,1812),(12359,1343,251),(12360,1343,425),(12361,1343,650),(12362,1343,659),(12363,1343,1049),(12364,1343,1586),(12365,1343,1735),(12366,920,469),(12367,920,490),(12368,920,1179),(12369,920,1351),(12370,920,1805),(12371,753,922),(12372,1799,922),(12373,1799,1351),(12374,753,1351),(12375,753,1847),(12376,1799,1847),(12377,1192,1351),(12378,1192,1945),(12379,1027,483),(12380,2073,483),(12381,1027,853),(12382,2073,853),(12383,1027,1135),(12384,2073,1135),(12385,1027,1224),(12386,2073,1224),(12387,1027,1805),(12388,2073,1805),(12389,1465,469),(12390,1465,1179),(12391,1465,1351),(12392,1465,1804),(12393,1299,731),(12394,159,731),(12395,1299,853),(12396,159,853),(12397,159,1155),(12398,1299,1155),(12399,159,1179),(12400,1299,1179),(12401,159,1583),(12402,1299,1583),(12403,159,1905),(12404,1299,1905),(12405,433,854),(12406,1572,854),(12407,1572,1179),(12408,433,1179),(12409,433,1797),(12410,1572,1797),(12411,1739,853),(12412,1739,1155),(12413,1739,1179),(12414,1739,1805),(12415,1616,853),(12416,1616,1180),(12417,1616,1517),(12418,1616,1912),(12419,1890,963),(12420,1890,1150),(12421,1890,1179),(12422,1890,1283),(12423,1890,1937),(12424,1846,704),(12425,707,704),(12426,1846,805),(12427,707,805),(12428,1846,853),(12429,707,853),(12430,707,894),(12431,1846,894),(12432,707,924),(12433,1846,924),(12434,707,1045),(12435,1846,1045),(12436,707,1135),(12437,1846,1135),(12438,1846,1350),(12439,707,1350),(12440,1846,1853),(12441,707,1853),(12442,1972,1116),(12443,1972,1586),(12444,1972,1592),(12445,1972,1942),(12446,2164,1179),(12447,2164,1351),(12448,2164,1846),(12449,2013,853),(12450,2013,1136),(12451,2013,1936),(12452,99,490),(12453,99,523),(12454,99,629),(12455,99,853),(12456,99,1135),(12457,99,1180),(12458,99,1350),(12459,99,1750),(12460,981,737),(12461,2120,737),(12462,2120,1900),(12463,981,1900),(12464,373,853),(12465,373,963),(12466,373,1150),(12467,373,1179),(12468,373,1913),(12469,206,853),(12470,1253,853),(12471,206,1154),(12472,1253,1154),(12473,206,1179),(12474,1253,1179),(12475,206,1221),(12476,1253,1221),(12477,206,1284),(12478,1253,1284),(12479,206,1750),(12480,1253,1750),(12481,2172,468),(12482,2172,853),(12483,2172,1833),(12484,1526,452),(12485,480,452),(12486,480,469),(12487,1526,469),(12488,1526,731),(12489,480,731),(12490,1526,853),(12491,480,853),(12492,480,1300),(12493,1526,1300),(12494,480,1350),(12495,1526,1350),(12496,480,1813),(12497,1526,1813),(12498,392,467),(12499,392,469),(12500,392,591),(12501,392,650),(12502,392,1839),(12503,754,731),(12504,1800,731),(12505,1800,853),(12506,754,853),(12507,754,1135),(12508,1800,1135),(12509,1800,1180),(12510,754,1180),(12511,754,1750),(12512,1800,1750),(12513,647,704),(12514,647,853),(12515,647,1351),(12516,647,1853),(12517,921,704),(12518,921,732),(12519,921,1135),(12520,921,1179),(12521,921,1350),(12522,921,1853),(12523,1449,854),(12524,1449,1586),(12525,1449,1824),(12526,1193,1034),(12527,1193,1937),(12528,1466,809),(12529,1466,1179),(12530,1466,1351),(12531,1466,1515),(12532,1466,1912),(12533,1740,403),(12534,1740,523),(12535,1740,1135),(12536,1740,1350),(12537,1740,1804),(12538,666,795),(12539,666,853),(12540,666,1033),(12541,666,1141),(12542,666,1177),(12543,666,1813),(12544,2014,853),(12545,2014,1155),(12546,2014,1179),(12547,2014,1221),(12548,2014,1913),(12549,1861,853),(12550,1861,1179),(12551,1861,1277),(12552,1861,1907),(12553,2135,540),(12554,2135,729),(12555,2135,853),(12556,2135,1180),(12557,2135,1350),(12558,2135,1515),(12559,2135,1517),(12560,2135,1813),(12561,1028,853),(12562,2074,853),(12563,1028,1161),(12564,2074,1161),(12565,1028,1879),(12566,2074,1879),(12567,100,619),(12568,100,729),(12569,100,1350),(12570,100,1518),(12571,100,1853),(12572,374,1174),(12573,374,1179),(12574,374,1324),(12575,374,1351),(12576,374,1517),(12577,374,1912),(12578,221,827),(12579,221,854),(12580,221,1135),(12581,221,1916),(12582,160,1010),(12583,1300,1010),(12584,160,1274),(12585,1300,1274),(12586,160,1321),(12587,1300,1321),(12588,160,1350),(12589,1300,1350),(12590,160,1885),(12591,1300,1885),(12592,940,483),(12593,940,689),(12594,940,729),(12595,940,805),(12596,940,1135),(12597,940,1351),(12598,940,1515),(12599,940,1813),(12600,1573,1135),(12601,434,1135),(12602,434,1351),(12603,1573,1351),(12604,434,1853),(12605,1573,1853),(12606,2,854),(12607,2,1934),(12608,223,853),(12609,223,1229),(12610,223,1517),(12611,223,1912),(12612,648,827),(12613,648,842),(12614,648,853),(12615,648,1087),(12616,648,1116),(12617,648,1179),(12618,648,1587),(12619,648,1907),(12620,495,731),(12621,495,853),(12622,495,1135),(12623,495,1180),(12624,495,1585),(12625,495,1824),(12626,1847,469),(12627,708,469),(12628,1847,1351),(12629,708,1351),(12630,1847,1804),(12631,708,1804),(12632,982,425),(12633,2121,425),(12634,982,704),(12635,2121,704),(12636,2121,1135),(12637,982,1135),(12638,2121,1179),(12639,982,1179),(12640,2121,1350),(12641,982,1350),(12642,982,1564),(12643,2121,1564),(12644,982,1804),(12645,2121,1804),(12646,922,651),(12647,922,1586),(12648,922,1824),(12649,769,854),(12650,769,1179),(12651,769,1916),(12652,1475,853),(12653,1475,1155),(12654,1475,1179),(12655,1475,1902),(12656,207,853),(12657,1254,853),(12658,207,1136),(12659,1254,1136),(12660,1254,1913),(12661,207,1913),(12662,1212,828),(12663,1212,854),(12664,1212,1135),(12665,1212,1916),(12666,481,1299),(12667,1527,1299),(12668,481,1351),(12669,1527,1351),(12670,481,1813),(12671,1527,1813),(12672,1485,854),(12673,1485,1135),(12674,1485,1179),(12675,1485,1916),(12676,74,1587),(12677,74,1824),(12678,276,448),(12679,276,1338),(12680,276,1351),(12681,276,1795),(12682,1194,1136),(12683,1194,1937),(12684,258,1033),(12685,258,1351),(12686,258,1916),(12687,755,853),(12688,1801,853),(12689,755,1365),(12690,1801,1365),(12691,755,1826),(12692,1801,1826),(12693,1029,650),(12694,2075,650),(12695,1029,738),(12696,2075,738),(12697,2075,1136),(12698,1029,1136),(12699,2075,1900),(12700,1029,1900),(12701,1467,651),(12702,1467,1586),(12703,1467,1824),(12704,1741,853),(12705,1741,1135),(12706,1741,1228),(12707,1741,1325),(12708,1741,1904),(12709,1759,689),(12710,1759,853),(12711,1759,1180),(12712,1759,1350),(12713,1759,1847),(12714,2033,490),(12715,2033,704),(12716,2033,853),(12717,2033,1180),(12718,2033,1350),(12719,2033,1847),(12720,2015,1351),(12721,2015,1946),(12722,119,1325),(12723,119,1813),(12724,1301,853),(12725,161,853),(12726,1301,1032),(12727,161,1032),(12728,161,1914),(12729,1301,1914),(12730,435,650),(12731,1574,650),(12732,435,738),(12733,1574,738),(12734,435,1136),(12735,1574,1136),(12736,1574,1900),(12737,435,1900),(12738,1848,853),(12739,709,853),(12740,1848,1033),(12741,709,1033),(12742,1848,1277),(12743,709,1277),(12744,709,1882),(12745,1848,1882),(12746,2122,1135),(12747,983,1135),(12748,983,1351),(12749,2122,1351),(12750,983,1904),(12751,2122,1904),(12752,393,704),(12753,393,731),(12754,393,853),(12755,393,1055),(12756,393,1135),(12757,393,1174),(12758,393,1179),(12759,393,1350),(12760,393,1838),(12761,208,555),(12762,1255,555),(12763,1255,853),(12764,208,853),(12765,208,1135),(12766,1255,1135),(12767,1255,1180),(12768,208,1180),(12769,208,1350),(12770,1255,1350),(12771,208,1813),(12772,1255,1813),(12773,229,795),(12774,229,857),(12775,229,938),(12776,229,1135),(12777,229,1179),(12778,229,1264),(12779,229,1350),(12780,229,1813),(12781,503,853),(12782,503,1045),(12783,503,1135),(12784,503,1174),(12785,503,1299),(12786,503,1350),(12787,503,1913),(12788,667,511),(12789,667,731),(12790,667,853),(12791,667,1028),(12792,667,1179),(12793,667,1228),(12794,667,1283),(12795,667,1350),(12796,667,1804),(12797,482,490),(12798,1528,490),(12799,482,765),(12800,1528,765),(12801,1528,853),(12802,482,853),(12803,482,1027),(12804,1528,1027),(12805,1528,1033),(12806,482,1033),(12807,1528,1135),(12808,482,1135),(12809,482,1350),(12810,1528,1350),(12811,482,1813),(12812,1528,1813),(12813,756,731),(12814,1802,731),(12815,756,827),(12816,1802,827),(12817,756,854),(12818,1802,854),(12819,756,1135),(12820,1802,1135),(12821,756,1807),(12822,1802,1807),(12823,941,490),(12824,941,619),(12825,941,853),(12826,941,922),(12827,941,1135),(12828,941,1160),(12829,941,1179),(12830,941,1237),(12831,941,1350),(12832,941,1847),(12833,101,470),(12834,101,853),(12835,101,923),(12836,101,1276),(12837,101,1812),(12838,777,853),(12839,777,1155),(12840,777,1174),(12841,777,1179),(12842,777,1283),(12843,777,1517),(12844,777,1912),(12845,1051,1063),(12846,1051,1135),(12847,1051,1184),(12848,1051,1350),(12849,1051,1847),(12850,375,1179),(12851,375,1351),(12852,375,1805),(12853,1323,490),(12854,1323,678),(12855,1323,731),(12856,1323,853),(12857,1323,1350),(12858,1323,1813),(12859,1596,544),(12860,1596,729),(12861,1596,764),(12862,1596,805),(12863,1596,871),(12864,1596,1179),(12865,1596,1350),(12866,1596,1515),(12867,1596,1844),(12868,1870,1135),(12869,1870,1351),(12870,1870,1916),(12871,649,1180),(12872,649,1937),(12873,923,469),(12874,923,503),(12875,923,650),(12876,923,729),(12877,923,1516),(12878,923,1804),(12879,1030,1135),(12880,2076,1135),(12881,1030,1218),(12882,2076,1218),(12883,1030,1937),(12884,2076,1937),(12885,1302,1135),(12886,162,1135),(12887,162,1351),(12888,1302,1351),(12889,1302,1813),(12890,162,1813),(12891,1195,764),(12892,1195,854),(12893,1195,1847),(12894,1904,402),(12895,1904,729),(12896,1904,1179),(12897,1904,1351),(12898,1904,1515),(12899,1904,1794),(12900,1575,1179),(12901,436,1179),(12902,436,1351),(12903,1575,1351),(12904,436,1805),(12905,1575,1805),(12906,1213,1179),(12907,1213,1351),(12908,1213,1943),(12909,1849,853),(12910,710,853),(12911,710,1180),(12912,1849,1180),(12913,710,1904),(12914,1849,1904),(12915,348,42),(12916,348,600),(12917,348,807),(12918,348,854),(12919,348,1798),(12920,1486,470),(12921,1486,689),(12922,1486,729),(12923,1486,853),(12924,1486,938),(12925,1486,1135),(12926,1486,1180),(12927,1486,1350),(12928,1486,1515),(12929,1486,1807),(12930,58,1179),(12931,58,1351),(12932,58,1368),(12933,58,1837),(12934,1175,738),(12935,1175,854),(12936,1175,1179),(12937,1175,1913),(12938,1448,469),(12939,1448,731),(12940,1448,1179),(12941,1448,1281),(12942,1448,1351),(12943,1448,1813),(12944,1760,1135),(12945,1760,1351),(12946,1760,1844),(12947,532,437),(12948,532,973),(12949,532,993),(12950,532,1010),(12951,532,1804),(12952,2123,853),(12953,984,853),(12954,2123,1032),(12955,984,1032),(12956,2123,1826),(12957,984,1826),(12958,1468,1351),(12959,1468,1945),(12960,1256,1033),(12961,209,1033),(12962,209,1351),(12963,1256,1351),(12964,1256,1515),(12965,209,1515),(12966,209,1912),(12967,1256,1912),(12968,873,1587),(12969,873,1824),(12970,622,1136),(12971,622,1937),(12972,1742,853),(12973,1742,1011),(12974,1742,1904),(12975,550,395),(12976,550,731),(12977,550,853),(12978,550,1180),(12979,550,1794),(12980,2178,731),(12981,2178,1179),(12982,2178,1351),(12983,2178,1887),(12984,264,402),(12985,264,1281),(12986,264,1299),(12987,264,1351),(12988,264,1794),(12989,2016,854),(12990,2016,1135),(12991,2016,1930),(12992,1529,738),(12993,483,738),(12994,483,828),(12995,1529,828),(12996,483,853),(12997,1529,853),(12998,483,1032),(12999,1529,1032),(13000,1529,1135),(13001,483,1135),(13002,483,1826),(13003,1529,1826),(13004,757,729),(13005,1803,729),(13006,757,1179),(13007,1803,1179),(13008,1803,1350),(13009,757,1350),(13010,757,1516),(13011,1803,1516),(13012,1803,1804),(13013,757,1804),(13014,1031,853),(13015,2077,853),(13016,2077,1032),(13017,1031,1032),(13018,1031,1135),(13019,2077,1135),(13020,1031,1930),(13021,2077,1930),(13022,824,1848),(13023,806,1845),(13024,1080,381),(13025,1080,741),(13026,1080,1299),(13027,1080,1350),(13028,1080,1752),(13029,102,1044),(13030,102,1351),(13031,102,1920),(13032,2144,651),(13033,2144,1586),(13034,2144,1824),(13035,1303,689),(13036,163,689),(13037,1303,853),(13038,163,853),(13039,163,1136),(13040,1303,1136),(13041,163,1890),(13042,1303,1890),(13043,1576,828),(13044,437,828),(13045,437,853),(13046,1576,853),(13047,437,1032),(13048,1576,1032),(13049,437,1135),(13050,1576,1135),(13051,1576,1826),(13052,437,1826),(13053,1850,853),(13054,711,853),(13055,711,1045),(13056,1850,1045),(13057,711,1920),(13058,1850,1920),(13059,985,1161),(13060,2124,1161),(13061,2124,1179),(13062,985,1179),(13063,2124,1937),(13064,985,1937),(13065,210,1103),(13066,1257,1103),(13067,210,1179),(13068,1257,1179),(13069,1257,1228),(13070,210,1228),(13071,210,1350),(13072,1257,1350),(13073,210,1833),(13074,1257,1833),(13075,1530,795),(13076,484,795),(13077,1530,1179),(13078,484,1179),(13079,1530,1324),(13080,484,1324),(13081,484,1351),(13082,1530,1351),(13083,484,1515),(13084,1530,1515),(13085,1530,1912),(13086,484,1912),(13087,376,651),(13088,376,1876),(13089,1804,402),(13090,758,402),(13091,758,729),(13092,1804,729),(13093,758,853),(13094,1804,853),(13095,758,1135),(13096,1804,1135),(13097,758,1264),(13098,1804,1264),(13099,1804,1517),(13100,758,1517),(13101,758,1750),(13102,1804,1750),(13103,650,490),(13104,650,887),(13105,650,1179),(13106,650,1350),(13107,650,1846),(13108,2078,490),(13109,1032,490),(13110,1032,887),(13111,2078,887),(13112,1032,1299),(13113,2078,1299),(13114,1032,1350),(13115,2078,1350),(13116,1032,1846),(13117,2078,1846),(13118,1304,731),(13119,164,731),(13120,164,742),(13121,1304,742),(13122,1304,853),(13123,164,853),(13124,1304,1174),(13125,164,1174),(13126,1304,1180),(13127,164,1180),(13128,164,1350),(13129,1304,1350),(13130,164,1856),(13131,1304,1856),(13132,1352,1135),(13133,1352,1264),(13134,1352,1350),(13135,1352,1935),(13136,438,470),(13137,1577,470),(13138,1577,593),(13139,438,593),(13140,438,853),(13141,1577,853),(13142,438,1300),(13143,1577,1300),(13144,1577,1812),(13145,438,1812),(13146,250,1135),(13147,250,1351),(13148,250,1939),(13149,524,742),(13150,524,805),(13151,524,1351),(13152,524,1752),(13153,924,853),(13154,924,1351),(13155,924,1890),(13156,1043,853),(13157,1043,924),(13158,1043,1175),(13159,1043,1179),(13160,1043,1882),(13161,2034,1123),(13162,2034,1124),(13163,2034,1351),(13164,2034,1883),(13165,1196,742),(13166,1196,1135),(13167,1196,1351),(13168,1196,1813),(13169,712,490),(13170,1851,490),(13171,1851,1179),(13172,712,1179),(13173,1851,1351),(13174,712,1351),(13175,712,1846),(13176,1851,1846),(13177,2125,1135),(13178,986,1135),(13179,2125,1229),(13180,986,1229),(13181,2125,1937),(13182,986,1937),(13183,1258,718),(13184,211,718),(13185,1258,854),(13186,211,854),(13187,211,1179),(13188,1258,1179),(13189,1258,1841),(13190,211,1841),(13191,1469,842),(13192,1469,853),(13193,1469,1154),(13194,1469,1179),(13195,1469,1221),(13196,1469,1284),(13197,1469,1805),(13198,1743,848),(13199,1743,1142),(13200,1743,1900),(13201,1531,415),(13202,485,415),(13203,485,765),(13204,1531,765),(13205,1531,853),(13206,485,853),(13207,485,1015),(13208,1531,1015),(13209,1531,1179),(13210,485,1179),(13211,1531,1812),(13212,485,1812),(13213,629,853),(13214,629,1220),(13215,629,1821),(13216,759,650),(13217,1805,650),(13218,1805,848),(13219,759,848),(13220,759,1136),(13221,1805,1136),(13222,1805,1585),(13223,759,1585),(13224,1805,1824),(13225,759,1824),(13226,2017,755),(13227,2017,1136),(13228,2017,1900),(13229,1315,853),(13230,1315,1364),(13231,1315,1899),(13232,1033,1031),(13233,2079,1031),(13234,1033,1135),(13235,2079,1135),(13236,1033,1351),(13237,2079,1351),(13238,2079,1826),(13239,1033,1826),(13240,1625,651),(13241,1625,1586),(13242,1625,1824),(13243,103,732),(13244,103,853),(13245,103,1876),(13246,165,854),(13247,1305,854),(13248,165,1582),(13249,1305,1582),(13250,165,1824),(13251,1305,1824),(13252,1578,731),(13253,439,731),(13254,439,738),(13255,1578,738),(13256,439,853),(13257,1578,853),(13258,439,1135),(13259,1578,1135),(13260,439,1142),(13261,1578,1142),(13262,439,1852),(13263,1578,1852),(13264,255,395),(13265,255,445),(13266,255,469),(13267,255,743),(13268,255,1179),(13269,255,1350),(13270,255,1752),(13271,896,853),(13272,896,1136),(13273,896,1913),(13274,1852,853),(13275,713,853),(13276,713,1015),(13277,1852,1015),(13278,713,1075),(13279,1852,1075),(13280,713,1354),(13281,1852,1354),(13282,713,1843),(13283,1852,1843),(13284,377,544),(13285,377,640),(13286,377,734),(13287,377,1847),(13288,798,853),(13289,798,963),(13290,798,1150),(13291,798,1179),(13292,798,1913),(13293,1072,403),(13294,1072,469),(13295,1072,1179),(13296,1072,1350),(13297,1072,1805),(13298,1344,469),(13299,1344,731),(13300,1344,1299),(13301,1344,1351),(13302,1344,1813),(13303,1168,650),(13304,1168,765),(13305,1168,1847),(13306,273,591),(13307,273,853),(13308,273,1135),(13309,273,1853),(13310,547,469),(13311,547,1299),(13312,547,1351),(13313,547,1813),(13314,1617,490),(13315,1617,1267),(13316,1617,1299),(13317,1617,1350),(13318,1617,1846),(13319,821,1179),(13320,821,1351),(13321,821,1515),(13322,821,1912),(13323,651,848),(13324,651,853),(13325,651,1141),(13326,651,1177),(13327,651,1913),(13328,538,1351),(13329,538,1946),(13330,1095,731),(13331,1095,786),(13332,1095,853),(13333,1095,1180),(13334,1095,1596),(13335,1095,1827),(13336,812,469),(13337,812,731),(13338,812,853),(13339,812,1180),(13340,812,1807),(13341,987,554),(13342,2126,554),(13343,987,854),(13344,2126,854),(13345,987,1179),(13346,2126,1179),(13347,2126,1582),(13348,987,1582),(13349,987,1824),(13350,2126,1824),(13351,332,704),(13352,332,731),(13353,332,853),(13354,332,1180),(13355,332,1350),(13356,332,1860),(13357,260,731),(13358,260,853),(13359,260,1300),(13360,260,1860),(13361,1259,452),(13362,212,452),(13363,1259,469),(13364,212,469),(13365,1259,731),(13366,212,731),(13367,1259,854),(13368,212,854),(13369,212,1174),(13370,1259,1174),(13371,1259,1281),(13372,212,1281),(13373,212,1828),(13374,1259,1828),(13375,1899,381),(13376,1899,395),(13377,1899,1179),(13378,1899,1351),(13379,1899,1794),(13380,1891,731),(13381,1891,853),(13382,1891,1180),(13383,1891,1856),(13384,2165,731),(13385,2165,853),(13386,2165,1053),(13387,2165,1135),(13388,2165,1817),(13389,251,469),(13390,251,1299),(13391,251,1350),(13392,251,1369),(13393,251,1805),(13394,1441,854),(13395,1441,1033),(13396,1441,1797),(13397,2173,650),(13398,2173,922),(13399,2173,976),(13400,2173,979),(13401,2173,1895),(13402,525,593),(13403,525,925),(13404,525,1813),(13405,1086,729),(13406,1086,1179),(13407,1086,1351),(13408,1086,1515),(13409,1086,1887),(13410,1367,853),(13411,1367,1045),(13412,1367,1350),(13413,1367,1920),(13414,799,469),(13415,799,729),(13416,799,1179),(13417,799,1350),(13418,799,1516),(13419,799,1804),(13420,1715,490),(13421,1715,1179),(13422,1715,1351),(13423,1715,1804),(13424,606,1179),(13425,606,1351),(13426,606,1813),(13427,1073,740),(13428,1073,1179),(13429,1073,1351),(13430,1073,1887),(13431,1989,1135),(13432,1989,1217),(13433,1989,1351),(13434,1989,1853),(13435,880,650),(13436,880,923),(13437,880,1847),(13438,1722,786),(13439,1722,853),(13440,1722,899),(13441,1722,1179),(13442,1722,1350),(13443,1722,1519),(13444,1722,1597),(13445,1722,1904),(13446,1345,1043),(13447,1345,1179),(13448,1345,1350),(13449,1345,1805),(13450,1618,1281),(13451,1618,1351),(13452,1618,1913),(13453,1892,732),(13454,1892,736),(13455,1892,853),(13456,1892,1817),(13457,1152,403),(13458,1152,853),(13459,1152,1179),(13460,1152,1805),(13461,2166,1325),(13462,2166,1813),(13463,120,490),(13464,120,1179),(13465,120,1351),(13466,120,1846),(13467,1425,1135),(13468,1425,1351),(13469,1425,1813),(13470,75,403),(13471,75,704),(13472,75,1350),(13473,75,1805),(13474,252,1179),(13475,252,1221),(13476,252,1284),(13477,252,1937),(13478,925,765),(13479,925,1844),(13480,349,813),(13481,349,853),(13482,349,1179),(13483,349,1916),(13484,526,810),(13485,526,853),(13486,526,1160),(13487,526,1180),(13488,526,1837),(13489,800,1351),(13490,800,1947),(13491,1967,1135),(13492,1967,1351),(13493,1967,1853),(13494,1074,1179),(13495,1074,1351),(13496,1074,1794),(13497,766,1135),(13498,766,1351),(13499,766,1903),(13500,486,469),(13501,1532,469),(13502,1532,1179),(13503,486,1179),(13504,486,1351),(13505,1532,1351),(13506,486,1804),(13507,1532,1804),(13508,1346,732),(13509,1346,1179),(13510,1346,1350),(13511,1346,1907),(13512,1619,853),(13513,1619,1351),(13514,1619,1913),(13515,623,469),(13516,623,1179),(13517,623,1351),(13518,623,1813),(13519,1358,650),(13520,1358,1136),(13521,1358,1813),(13522,1699,755),(13523,1699,1135),(13524,1699,1351),(13525,1699,1853),(13526,1631,731),(13527,1631,853),(13528,1631,1053),(13529,1631,1179),(13530,1631,1817),(13531,394,765),(13532,394,1844),(13533,760,853),(13534,1806,853),(13535,760,1154),(13536,1806,1154),(13537,1806,1179),(13538,760,1179),(13539,760,1284),(13540,1806,1284),(13541,760,1920),(13542,1806,1920),(13543,1098,854),(13544,1098,1821),(13545,1173,1184),(13546,1173,1923),(13547,1370,854),(13548,1370,1821),(13549,1973,1510),(13550,1973,1824),(13551,1996,1921),(13552,1446,853),(13553,1446,899),(13554,1446,1179),(13555,1446,1579),(13556,1446,1922),(13557,1644,731),(13558,1644,760),(13559,1644,765),(13560,1644,853),(13561,1644,1106),(13562,1644,1821),(13563,1034,1135),(13564,2080,1135),(13565,1034,1351),(13566,2080,1351),(13567,2080,1904),(13568,1034,1904),(13569,1918,853),(13570,1918,1011),(13571,1918,1825),(13572,1723,729),(13573,1723,755),(13574,1723,805),(13575,1723,1179),(13576,1723,1350),(13577,1723,1516),(13578,1723,1903),(13579,1905,1587),(13580,1905,1824),(13581,259,1587),(13582,259,1944),(13583,1197,854),(13584,1197,1934),(13585,1640,651),(13586,1640,1844),(13587,1470,689),(13588,1470,1179),(13589,1470,1351),(13590,1470,1833),(13591,166,619),(13592,1306,619),(13593,166,1135),(13594,1306,1135),(13595,1306,1179),(13596,166,1179),(13597,166,1351),(13598,1306,1351),(13599,1306,1833),(13600,166,1833),(13601,533,469),(13602,533,1015),(13603,533,1027),(13604,533,1064),(13605,533,1299),(13606,533,1324),(13607,533,1350),(13608,533,1805),(13609,1579,765),(13610,440,765),(13611,440,1911),(13612,1579,1911),(13613,1744,1135),(13614,1744,1179),(13615,1744,1325),(13616,1744,1350),(13617,1744,1937),(13618,1893,428),(13619,1893,651),(13620,1893,1586),(13621,1893,1824),(13622,714,490),(13623,1853,490),(13624,1853,805),(13625,714,805),(13626,1853,887),(13627,714,887),(13628,1853,1350),(13629,714,1350),(13630,714,1846),(13631,1853,1846),(13632,2179,938),(13633,2179,1299),(13634,2179,1351),(13635,2179,1913),(13636,53,843),(13637,53,900),(13638,53,1350),(13639,53,1832),(13640,2167,650),(13641,2167,765),(13642,2167,1847),(13643,2018,1179),(13644,2018,1351),(13645,2018,1797),(13646,1040,828),(13647,1040,854),(13648,1040,1135),(13649,1040,1886),(13650,253,741),(13651,253,1179),(13652,253,1350),(13653,253,1907),(13654,527,729),(13655,527,853),(13656,527,963),(13657,527,1150),(13658,527,1179),(13659,527,1517),(13660,527,1839),(13661,801,448),(13662,801,650),(13663,801,765),(13664,801,1795),(13665,988,441),(13666,2127,441),(13667,2127,1135),(13668,988,1135),(13669,988,1179),(13670,2127,1179),(13671,2127,1350),(13672,988,1350),(13673,988,1804),(13674,2127,1804),(13675,1914,490),(13676,1914,504),(13677,1914,1179),(13678,1914,1350),(13679,1914,1846),(13680,1075,1135),(13681,1075,1351),(13682,1075,1880),(13683,1347,729),(13684,1347,1179),(13685,1347,1351),(13686,1347,1515),(13687,1347,1794),(13688,1620,425),(13689,1620,651),(13690,1620,1509),(13691,1620,1585),(13692,1620,1824),(13693,668,764),(13694,668,924),(13695,668,1044),(13696,668,1155),(13697,668,1299),(13698,668,1350),(13699,668,1805),(13700,213,689),(13701,1260,689),(13702,1260,1043),(13703,213,1043),(13704,213,1135),(13705,1260,1135),(13706,213,1179),(13707,1260,1179),(13708,213,1350),(13709,1260,1350),(13710,213,1888),(13711,1260,1888),(13712,1894,853),(13713,1894,1052),(13714,1894,1180),(13715,1894,1841),(13716,2168,1179),(13717,2168,1351),(13718,2168,1515),(13719,2168,1912),(13720,265,425),(13721,265,853),(13722,265,1351),(13723,265,1582),(13724,265,1586),(13725,265,1824),(13726,254,469),(13727,254,853),(13728,254,1180),(13729,254,1813),(13730,528,731),(13731,528,1281),(13732,528,1299),(13733,528,1351),(13734,528,1813),(13735,802,469),(13736,802,1179),(13737,802,1351),(13738,802,1813),(13739,487,1350),(13740,1533,1350),(13741,487,1369),(13742,1533,1369),(13743,487,1846),(13744,1533,1846),(13745,942,463),(13746,942,651),(13747,942,692),(13748,942,1223),(13749,942,1828),(13750,761,1135),(13751,1807,1135),(13752,1807,1179),(13753,761,1179),(13754,1807,1351),(13755,761,1351),(13756,1807,1853),(13757,761,1853),(13758,2081,469),(13759,1035,469),(13760,1035,704),(13761,2081,704),(13762,2081,1179),(13763,1035,1179),(13764,1035,1351),(13765,2081,1351),(13766,1035,1813),(13767,2081,1813),(13768,1307,1044),(13769,167,1044),(13770,1307,1179),(13771,167,1179),(13772,1307,1351),(13773,167,1351),(13774,167,1938),(13775,1307,1938),(13776,230,1135),(13777,230,1351),(13778,230,1856),(13779,441,469),(13780,1580,469),(13781,441,1179),(13782,1580,1179),(13783,1580,1281),(13784,441,1281),(13785,441,1351),(13786,1580,1351),(13787,441,1813),(13788,1580,1813),(13789,715,437),(13790,1854,437),(13791,1854,620),(13792,715,620),(13793,1854,689),(13794,715,689),(13795,1854,1135),(13796,715,1135),(13797,715,1821),(13798,1854,1821),(13799,989,828),(13800,2128,828),(13801,989,854),(13802,2128,854),(13803,2128,1135),(13804,989,1135),(13805,989,1903),(13806,2128,1903),(13807,104,1135),(13808,104,1351),(13809,104,1813),(13810,1261,402),(13811,214,402),(13812,214,1282),(13813,1261,1282),(13814,214,1299),(13815,1261,1299),(13816,214,1350),(13817,1261,1350),(13818,214,1805),(13819,1261,1805),(13820,1214,415),(13821,1214,438),(13822,1214,1179),(13823,1214,1813),(13824,378,853),(13825,378,1136),(13826,378,1350),(13827,378,1903),(13828,1534,764),(13829,488,764),(13830,488,854),(13831,1534,854),(13832,488,1847),(13833,1534,1847),(13834,762,729),(13835,1808,729),(13836,1808,1179),(13837,762,1179),(13838,1808,1350),(13839,762,1350),(13840,762,1516),(13841,1808,1516),(13842,762,1908),(13843,1808,1908),(13844,504,650),(13845,504,765),(13846,504,1844),(13847,497,738),(13848,497,854),(13849,497,1033),(13850,497,1135),(13851,497,1903),(13852,1487,657),(13853,1487,659),(13854,1487,853),(13855,1487,1161),(13856,1487,1299),(13857,1487,1805),(13858,897,689),(13859,897,1136),(13860,897,1833),(13861,1721,729),(13862,1721,853),(13863,1721,1135),(13864,1721,1518),(13865,1721,1904),(13866,652,469),(13867,652,1179),(13868,652,1351),(13869,652,1804),(13870,1761,42),(13871,1761,142),(13872,1761,186),(13873,1761,259),(13874,1761,553),(13875,1761,704),(13876,1761,805),(13877,1761,853),(13878,1761,994),(13879,1761,1127),(13880,1761,1197),(13881,1761,1350),(13882,1761,1589),(13883,1761,1699),(13884,2035,603),(13885,2035,674),(13886,2035,1179),(13887,2035,1196),(13888,2035,1351),(13889,2035,1837),(13890,1036,469),(13891,2082,469),(13892,1036,853),(13893,2082,853),(13894,2082,1300),(13895,1036,1300),(13896,1036,1839),(13897,2082,1839),(13898,2188,853),(13899,2188,1180),(13900,2188,1856),(13901,807,853),(13902,807,1136),(13903,807,1841),(13904,1081,490),(13905,1081,607),(13906,1081,704),(13907,1081,1103),(13908,1081,1179),(13909,1081,1350),(13910,1081,1846),(13911,1312,805),(13912,1312,1351),(13913,1312,1853),(13914,778,854),(13915,778,1874),(13916,1308,853),(13917,168,853),(13918,1308,1179),(13919,168,1179),(13920,1308,1300),(13921,168,1300),(13922,1308,1813),(13923,168,1813),(13924,121,1135),(13925,121,1351),(13926,121,1880),(13927,3,503),(13928,3,853),(13929,3,1180),(13930,3,1838),(13931,926,469),(13932,926,490),(13933,926,805),(13934,926,1351),(13935,926,1805),(13936,277,1155),(13937,277,1179),(13938,277,1350),(13939,277,1937),(13940,442,853),(13941,1581,853),(13942,1581,894),(13943,442,894),(13944,1581,924),(13945,442,924),(13946,442,1045),(13947,1581,1045),(13948,1581,1299),(13949,442,1299),(13950,1581,1350),(13951,442,1350),(13952,442,1813),(13953,1581,1813),(13954,1076,853),(13955,1076,1052),(13956,1076,1180),(13957,1076,1913),(13958,1638,1088),(13959,1638,1586),(13960,1638,1824),(13961,1588,1044),(13962,1588,1351),(13963,1588,1938),(13964,1862,668),(13965,1862,853),(13966,1862,857),(13967,1862,967),(13968,1862,1264),(13969,1862,1276),(13970,1862,1350),(13971,1862,1813),(13972,2136,1130),(13973,2136,1228),(13974,2136,1338),(13975,2136,1351),(13976,2136,1838),(13977,1353,402),(13978,1353,740),(13979,1353,1179),(13980,1353,1351),(13981,1353,1794),(13982,1855,469),(13983,716,469),(13984,1855,1299),(13985,716,1299),(13986,1855,1351),(13987,716,1351),(13988,1855,1813),(13989,716,1813),(13990,222,1179),(13991,222,1351),(13992,222,1853),(13993,990,657),(13994,2129,657),(13995,2129,659),(13996,990,659),(13997,990,704),(13998,2129,704),(13999,990,1299),(14000,2129,1299),(14001,2129,1351),(14002,990,1351),(14003,990,1813),(14004,2129,1813),(14005,395,1289),(14006,395,1350),(14007,395,1945),(14008,669,403),(14009,669,469),(14010,669,1179),(14011,669,1350),(14012,669,1805),(14013,1198,394),(14014,1198,689),(14015,1198,1179),(14016,1198,1351),(14017,1198,1797),(14018,1626,1135),(14019,1626,1299),(14020,1626,1351),(14021,1626,1833),(14022,215,1135),(14023,1262,1135),(14024,215,1351),(14025,1262,1351),(14026,1262,1853),(14027,215,1853),(14028,1590,853),(14029,1590,1136),(14030,1590,1924),(14031,1471,490),(14032,1471,567),(14033,1471,1350),(14034,1471,1846),(14035,1919,853),(14036,1919,963),(14037,1919,1135),(14038,1919,1150),(14039,1919,1913),(14040,1745,729),(14041,1745,853),(14042,1745,1155),(14043,1745,1179),(14044,1745,1221),(14045,1745,1283),(14046,1745,1517),(14047,1745,1838),(14048,2019,1179),(14049,2019,1351),(14050,2019,1813),(14051,105,704),(14052,105,1135),(14053,105,1351),(14054,105,1813),(14055,1052,1587),(14056,1052,1824),(14057,496,1179),(14058,496,1351),(14059,496,1799),(14060,1324,765),(14061,1324,1844),(14062,379,469),(14063,379,856),(14064,379,1299),(14065,379,1350),(14066,379,1805),(14067,653,469),(14068,653,795),(14069,653,1179),(14070,653,1351),(14071,653,1813),(14072,770,469),(14073,770,1228),(14074,770,1351),(14075,770,1813),(14076,927,1179),(14077,927,1277),(14078,927,1350),(14079,927,1799),(14080,771,619),(14081,771,853),(14082,771,1175),(14083,771,1179),(14084,771,1228),(14085,771,1350),(14086,771,1870),(14087,1199,764),(14088,1199,1045),(14089,1199,1061),(14090,1199,1900),(14091,1472,1135),(14092,1472,1228),(14093,1472,1351),(14094,1472,1927),(14095,1746,469),(14096,1746,704),(14097,1746,718),(14098,1746,1179),(14099,1746,1351),(14100,1746,1813),(14101,2020,502),(14102,2020,732),(14103,2020,1135),(14104,2020,1179),(14105,2020,1350),(14106,2020,1853),(14107,106,490),(14108,106,1179),(14109,106,1351),(14110,106,1797),(14111,1045,704),(14112,1045,1179),(14113,1045,1351),(14114,1045,1794),(14115,1900,469),(14116,1900,490),(14117,1900,708),(14118,1900,805),(14119,1900,853),(14120,1900,1154),(14121,1900,1179),(14122,1900,1220),(14123,1900,1350),(14124,1900,1583),(14125,1900,1839),(14126,943,470),(14127,943,853),(14128,943,923),(14129,943,1135),(14130,943,1179),(14131,943,1350),(14132,943,1839),(14133,1535,469),(14134,489,469),(14135,1535,1179),(14136,489,1179),(14137,1535,1351),(14138,489,1351),(14139,489,1813),(14140,1535,1813),(14141,1597,725),(14142,1597,731),(14143,1597,764),(14144,1597,853),(14145,1597,1045),(14146,1597,1326),(14147,1597,1805),(14148,1215,469),(14149,1215,689),(14150,1215,1179),(14151,1215,1351),(14152,1215,1833),(14153,1871,640),(14154,1871,765),(14155,1871,1847),(14156,2174,1061),(14157,2174,1351),(14158,2174,1797),(14159,1169,1102),(14160,1169,1179),(14161,1169,1351),(14162,1169,1913),(14163,2145,425),(14164,2145,764),(14165,2145,853),(14166,2145,1044),(14167,2145,1155),(14168,2145,1563),(14169,2145,1798),(14170,380,651),(14171,380,1116),(14172,380,1586),(14173,380,1824),(14174,654,402),(14175,654,466),(14176,654,805),(14177,654,853),(14178,654,1010),(14179,654,1016),(14180,654,1075),(14181,654,1353),(14182,654,1803),(14183,1488,469),(14184,1488,729),(14185,1488,1063),(14186,1488,1299),(14187,1488,1351),(14188,1488,1515),(14189,1488,1813),(14190,928,805),(14191,928,853),(14192,928,1010),(14193,928,1015),(14194,928,1076),(14195,928,1843),(14196,231,738),(14197,231,1135),(14198,231,1351),(14199,231,1864),(14200,539,373),(14201,539,731),(14202,539,1179),(14203,539,1351),(14204,539,1752),(14205,505,853),(14206,505,1135),(14207,505,1180),(14208,505,1913),(14209,1348,452),(14210,1348,469),(14211,1348,1179),(14212,1348,1351),(14213,1348,1752),(14214,356,469),(14215,356,689),(14216,356,1179),(14217,356,1351),(14218,356,1804),(14219,630,854),(14220,630,1135),(14221,630,1821),(14222,1200,432),(14223,1200,469),(14224,1200,853),(14225,1200,1179),(14226,1200,1300),(14227,1200,1350),(14228,1200,1813),(14229,82,469),(14230,82,689),(14231,82,732),(14232,82,853),(14233,82,1135),(14234,82,1179),(14235,82,1350),(14236,82,1804),(14237,1762,765),(14238,1762,1847),(14239,2036,731),(14240,2036,853),(14241,2036,1180),(14242,2036,1188),(14243,2036,1276),(14244,2036,1813),(14245,1809,731),(14246,763,731),(14247,763,853),(14248,1809,853),(14249,1809,1136),(14250,763,1136),(14251,1809,1850),(14252,763,1850),(14253,274,571),(14254,274,619),(14255,274,689),(14256,274,696),(14257,274,1085),(14258,274,1350),(14259,274,1863),(14260,779,452),(14261,779,689),(14262,779,704),(14263,779,853),(14264,779,1136),(14265,779,1350),(14266,779,1813),(14267,1473,1179),(14268,1473,1351),(14269,1473,1913),(14270,122,1179),(14271,122,1351),(14272,122,1826),(14273,1442,1179),(14274,1442,1184),(14275,1442,1790),(14276,1747,469),(14277,1747,490),(14278,1747,593),(14279,1747,924),(14280,1747,1045),(14281,1747,1299),(14282,1747,1350),(14283,1747,1813),(14284,2021,402),(14285,2021,413),(14286,2021,853),(14287,2021,857),(14288,2021,1135),(14289,2021,1264),(14290,2021,1350),(14291,2021,1802),(14292,396,396),(14293,396,401),(14294,396,469),(14295,396,591),(14296,396,853),(14297,396,1135),(14298,396,1179),(14299,396,1221),(14300,396,1350),(14301,396,1804),(14302,107,490),(14303,107,1135),(14304,107,1351),(14305,107,1813),(14306,2137,1587),(14307,2137,1824),(14308,670,805),(14309,670,1351),(14310,670,1853),(14311,381,704),(14312,381,741),(14313,381,1135),(14314,381,1349),(14315,381,1571),(14316,381,1804),(14317,655,523),(14318,655,738),(14319,655,1135),(14320,655,1319),(14321,655,1351),(14322,655,1833),(14323,1044,853),(14324,1044,1180),(14325,1044,1913),(14326,1316,469),(14327,1316,502),(14328,1316,514),(14329,1316,731),(14330,1316,853),(14331,1316,1177),(14332,1316,1281),(14333,1316,1805),(14334,551,843),(14335,551,1351),(14336,551,1926),(14337,2083,490),(14338,1037,490),(14339,2083,704),(14340,1037,704),(14341,2083,740),(14342,1037,740),(14343,1037,805),(14344,2083,805),(14345,2083,1179),(14346,1037,1179),(14347,1037,1254),(14348,2083,1254),(14349,2083,1350),(14350,1037,1350),(14351,1037,1846),(14352,2083,1846),(14353,1309,731),(14354,169,731),(14355,169,764),(14356,1309,764),(14357,1309,853),(14358,169,853),(14359,1309,924),(14360,169,924),(14361,1309,1045),(14362,169,1045),(14363,1309,1813),(14364,169,1813),(14365,443,490),(14366,1582,490),(14367,443,764),(14368,1582,764),(14369,443,853),(14370,1582,853),(14371,1582,1044),(14372,443,1044),(14373,443,1327),(14374,1582,1327),(14375,1582,1350),(14376,443,1350),(14377,443,1847),(14378,1582,1847),(14379,1585,490),(14380,1585,887),(14381,1585,1179),(14382,1585,1350),(14383,1585,1846),(14384,929,731),(14385,929,867),(14386,929,900),(14387,929,1179),(14388,929,1900),(14389,1621,373),(14390,1621,452),(14391,1621,469),(14392,1621,740),(14393,1621,1179),(14394,1621,1351),(14395,1621,1752),(14396,717,470),(14397,1856,470),(14398,717,725),(14399,1856,725),(14400,1856,765),(14401,717,765),(14402,1856,1837),(14403,717,1837),(14404,1859,738),(14405,1859,854),(14406,1859,1179),(14407,1859,1913),(14408,944,741),(14409,944,1179),(14410,944,1350),(14411,944,1846),(14412,1201,741),(14413,1201,1179),(14414,1201,1350),(14415,1201,1909),(14416,1474,764),(14417,1474,853),(14418,1474,1044),(14419,1474,1155),(14420,1474,1283),(14421,1474,1902),(14422,1748,1351),(14423,1748,1945),(14424,2022,490),(14425,2022,1179),(14426,2022,1351),(14427,2022,1846),(14428,108,1135),(14429,108,1175),(14430,108,1350),(14431,108,1937),(14432,382,490),(14433,382,740),(14434,382,805),(14435,382,1179),(14436,382,1351),(14437,382,1794),(14438,656,765),(14439,656,1847),(14440,930,490),(14441,930,1351),(14442,930,1846),(14443,991,629),(14444,2130,629),(14445,991,689),(14446,2130,689),(14447,991,887),(14448,2130,887),(14449,991,1135),(14450,2130,1135),(14451,991,1350),(14452,2130,1350),(14453,991,1853),(14454,2130,1853),(16384,4096,44),(16385,4096,46),(16386,4096,47),(16387,4099,44),(16388,4099,45),(16389,4099,47);
/*!40000 ALTER TABLE `artwork_subject` ENABLE KEYS */;
UNLOCK TABLES;

--
-- Table structure for table `auth_group`
--

DROP TABLE IF EXISTS `auth_group`;
/*!40101 SET @saved_cs_client     = @@character_set_client */;
 SET character_set_client = utf8mb4 ;
CREATE TABLE `auth_group` (
  `id` int(11) NOT NULL AUTO_INCREMENT,
  `name` varchar(80) NOT NULL,
  PRIMARY KEY (`id`),
  UNIQUE KEY `name` (`name`)
) ENGINE=InnoDB DEFAULT CHARSET=utf8mb4 COLLATE=utf8mb4_0900_ai_ci;
/*!40101 SET character_set_client = @saved_cs_client */;

--
-- Dumping data for table `auth_group`
--

LOCK TABLES `auth_group` WRITE;
/*!40000 ALTER TABLE `auth_group` DISABLE KEYS */;
/*!40000 ALTER TABLE `auth_group` ENABLE KEYS */;
UNLOCK TABLES;

--
-- Table structure for table `auth_group_permissions`
--

DROP TABLE IF EXISTS `auth_group_permissions`;
/*!40101 SET @saved_cs_client     = @@character_set_client */;
 SET character_set_client = utf8mb4 ;
CREATE TABLE `auth_group_permissions` (
  `id` int(11) NOT NULL AUTO_INCREMENT,
  `group_id` int(11) NOT NULL,
  `permission_id` int(11) NOT NULL,
  PRIMARY KEY (`id`),
  UNIQUE KEY `auth_group_permissions_group_id_permission_id_0cd325b0_uniq` (`group_id`,`permission_id`),
  KEY `auth_group_permissio_permission_id_84c5c92e_fk_auth_perm` (`permission_id`),
  CONSTRAINT `auth_group_permissio_permission_id_84c5c92e_fk_auth_perm` FOREIGN KEY (`permission_id`) REFERENCES `auth_permission` (`id`),
  CONSTRAINT `auth_group_permissions_group_id_b120cbf9_fk_auth_group_id` FOREIGN KEY (`group_id`) REFERENCES `auth_group` (`id`)
) ENGINE=InnoDB DEFAULT CHARSET=utf8mb4 COLLATE=utf8mb4_0900_ai_ci;
/*!40101 SET character_set_client = @saved_cs_client */;

--
-- Dumping data for table `auth_group_permissions`
--

LOCK TABLES `auth_group_permissions` WRITE;
/*!40000 ALTER TABLE `auth_group_permissions` DISABLE KEYS */;
/*!40000 ALTER TABLE `auth_group_permissions` ENABLE KEYS */;
UNLOCK TABLES;

--
-- Table structure for table `auth_permission`
--

DROP TABLE IF EXISTS `auth_permission`;
/*!40101 SET @saved_cs_client     = @@character_set_client */;
 SET character_set_client = utf8mb4 ;
CREATE TABLE `auth_permission` (
  `id` int(11) NOT NULL AUTO_INCREMENT,
  `name` varchar(255) NOT NULL,
  `content_type_id` int(11) NOT NULL,
  `codename` varchar(100) NOT NULL,
  PRIMARY KEY (`id`),
  UNIQUE KEY `auth_permission_content_type_id_codename_01ab375a_uniq` (`content_type_id`,`codename`),
  CONSTRAINT `auth_permission_content_type_id_2f476e4b_fk_django_co` FOREIGN KEY (`content_type_id`) REFERENCES `django_content_type` (`id`)
) ENGINE=InnoDB AUTO_INCREMENT=101 DEFAULT CHARSET=utf8mb4 COLLATE=utf8mb4_0900_ai_ci;
/*!40101 SET character_set_client = @saved_cs_client */;

--
-- Dumping data for table `auth_permission`
--

LOCK TABLES `auth_permission` WRITE;
/*!40000 ALTER TABLE `auth_permission` DISABLE KEYS */;
INSERT INTO `auth_permission` VALUES (1,'Can add log entry',1,'add_logentry'),(2,'Can change log entry',1,'change_logentry'),(3,'Can delete log entry',1,'delete_logentry'),(4,'Can view log entry',1,'view_logentry'),(5,'Can add permission',2,'add_permission'),(6,'Can change permission',2,'change_permission'),(7,'Can delete permission',2,'delete_permission'),(8,'Can view permission',2,'view_permission'),(9,'Can add group',3,'add_group'),(10,'Can change group',3,'change_group'),(11,'Can delete group',3,'delete_group'),(12,'Can view group',3,'view_group'),(13,'Can add user',4,'add_user'),(14,'Can change user',4,'change_user'),(15,'Can delete user',4,'delete_user'),(16,'Can view user',4,'view_user'),(17,'Can add content type',5,'add_contenttype'),(18,'Can change content type',5,'change_contenttype'),(19,'Can delete content type',5,'delete_contenttype'),(20,'Can view content type',5,'view_contenttype'),(21,'Can add session',6,'add_session'),(22,'Can change session',6,'change_session'),(23,'Can delete session',6,'delete_session'),(24,'Can view session',6,'view_session'),(25,'Can add site',7,'add_site'),(26,'Can change site',7,'change_site'),(27,'Can delete site',7,'delete_site'),(28,'Can view site',7,'view_site'),(29,'Can add Token',8,'add_token'),(30,'Can change Token',8,'change_token'),(31,'Can delete Token',8,'delete_token'),(32,'Can view Token',8,'view_token'),(33,'Can add email address',9,'add_emailaddress'),(34,'Can change email address',9,'change_emailaddress'),(35,'Can delete email address',9,'delete_emailaddress'),(36,'Can view email address',9,'view_emailaddress'),(37,'Can add email confirmation',10,'add_emailconfirmation'),(38,'Can change email confirmation',10,'change_emailconfirmation'),(39,'Can delete email confirmation',10,'delete_emailconfirmation'),(40,'Can view email confirmation',10,'view_emailconfirmation'),(41,'Can add social account',11,'add_socialaccount'),(42,'Can change social account',11,'change_socialaccount'),(43,'Can delete social account',11,'delete_socialaccount'),(44,'Can view social account',11,'view_socialaccount'),(45,'Can add social application',12,'add_socialapp'),(46,'Can change social application',12,'change_socialapp'),(47,'Can delete social application',12,'delete_socialapp'),(48,'Can view social application',12,'view_socialapp'),(49,'Can add social application token',13,'add_socialtoken'),(50,'Can change social application token',13,'change_socialtoken'),(51,'Can delete social application token',13,'delete_socialtoken'),(52,'Can view social application token',13,'view_socialtoken'),(53,'Can add association',14,'add_association'),(54,'Can change association',14,'change_association'),(55,'Can delete association',14,'delete_association'),(56,'Can view association',14,'view_association'),(57,'Can add code',15,'add_code'),(58,'Can change code',15,'change_code'),(59,'Can delete code',15,'delete_code'),(60,'Can view code',15,'view_code'),(61,'Can add nonce',16,'add_nonce'),(62,'Can change nonce',16,'change_nonce'),(63,'Can delete nonce',16,'delete_nonce'),(64,'Can view nonce',16,'view_nonce'),(65,'Can add user social auth',17,'add_usersocialauth'),(66,'Can change user social auth',17,'change_usersocialauth'),(67,'Can delete user social auth',17,'delete_usersocialauth'),(68,'Can view user social auth',17,'view_usersocialauth'),(69,'Can add partial',18,'add_partial'),(70,'Can change partial',18,'change_partial'),(71,'Can delete partial',18,'delete_partial'),(72,'Can view partial',18,'view_partial'),(73,'Can add Artist',19,'add_artist'),(74,'Can change Artist',19,'change_artist'),(75,'Can delete Artist',19,'delete_artist'),(76,'Can view Artist',19,'view_artist'),(77,'Can add Artwork',20,'add_artwork'),(78,'Can change Artwork',20,'change_artwork'),(79,'Can delete Artwork',20,'delete_artwork'),(80,'Can view Artwork',20,'view_artwork'),(81,'Can add Arwork Subject',21,'add_artworksubject'),(82,'Can change Arwork Subject',21,'change_artworksubject'),(83,'Can delete Arwork Subject',21,'delete_artworksubject'),(84,'Can view Arwork Subject',21,'view_artworksubject'),(85,'Can add Era',22,'add_era'),(86,'Can change Era',22,'change_era'),(87,'Can delete Era',22,'delete_era'),(88,'Can view Era',22,'view_era'),(89,'Can add Medium',23,'add_medium'),(90,'Can change Medium',23,'change_medium'),(91,'Can delete Medium',23,'delete_medium'),(92,'Can view Medium',23,'view_medium'),(93,'Can add Movement',24,'add_movement'),(94,'Can change Movement',24,'change_movement'),(95,'Can delete Movement',24,'delete_movement'),(96,'Can view Movement',24,'view_movement'),(97,'Can add Subject',25,'add_subject'),(98,'Can change Subject',25,'change_subject'),(99,'Can delete Subject',25,'delete_subject'),(100,'Can view Subject',25,'view_subject');
/*!40000 ALTER TABLE `auth_permission` ENABLE KEYS */;
UNLOCK TABLES;

--
-- Table structure for table `auth_user`
--

DROP TABLE IF EXISTS `auth_user`;
/*!40101 SET @saved_cs_client     = @@character_set_client */;
 SET character_set_client = utf8mb4 ;
CREATE TABLE `auth_user` (
  `id` int(11) NOT NULL AUTO_INCREMENT,
  `password` varchar(128) NOT NULL,
  `last_login` datetime(6) DEFAULT NULL,
  `is_superuser` tinyint(1) NOT NULL,
  `username` varchar(150) NOT NULL,
  `first_name` varchar(30) NOT NULL,
  `last_name` varchar(150) NOT NULL,
  `email` varchar(254) NOT NULL,
  `is_staff` tinyint(1) NOT NULL,
  `is_active` tinyint(1) NOT NULL,
  `date_joined` datetime(6) NOT NULL,
  PRIMARY KEY (`id`),
  UNIQUE KEY `username` (`username`)
) ENGINE=InnoDB AUTO_INCREMENT=4 DEFAULT CHARSET=utf8mb4 COLLATE=utf8mb4_0900_ai_ci;
/*!40101 SET character_set_client = @saved_cs_client */;

--
-- Dumping data for table `auth_user`
--

LOCK TABLES `auth_user` WRITE;
/*!40000 ALTER TABLE `auth_user` DISABLE KEYS */;
INSERT INTO `auth_user` VALUES (1,'pbkdf2_sha256$120000$AZG1pa6BZCtQ$FgKbC74a0o9CFxNJOdtcS4Svga/H4d9ksd+6azSf+wg=','2018-12-19 01:33:32.506779',1,'ooudsema','','','ooudsema@umich.edu',1,1,'2018-12-15 22:38:37.169941'),(2,'!208UU25apJuE1g3QAmUFFcyd7PT5qsIDA4DVUDFk','2018-12-18 18:58:19.476533',0,'ooudsemaa344e93b69674a5a','Olivia','Oudsema','ooudsema@umich.edu',0,1,'2018-12-16 18:28:29.034953'),(3,'pbkdf2_sha256$120000$VNXMLfQBxz9k$1qWmWdTmBQIxuy18/C0jNF0fo58havc22SAdW+aGbvk=',NULL,1,'arwhyte','Anthony','Whyte','arwhyte@umich.edu',1,1,'2018-12-18 20:20:17.000000');
/*!40000 ALTER TABLE `auth_user` ENABLE KEYS */;
UNLOCK TABLES;

--
-- Table structure for table `auth_user_groups`
--

DROP TABLE IF EXISTS `auth_user_groups`;
/*!40101 SET @saved_cs_client     = @@character_set_client */;
 SET character_set_client = utf8mb4 ;
CREATE TABLE `auth_user_groups` (
  `id` int(11) NOT NULL AUTO_INCREMENT,
  `user_id` int(11) NOT NULL,
  `group_id` int(11) NOT NULL,
  PRIMARY KEY (`id`),
  UNIQUE KEY `auth_user_groups_user_id_group_id_94350c0c_uniq` (`user_id`,`group_id`),
  KEY `auth_user_groups_group_id_97559544_fk_auth_group_id` (`group_id`),
  CONSTRAINT `auth_user_groups_group_id_97559544_fk_auth_group_id` FOREIGN KEY (`group_id`) REFERENCES `auth_group` (`id`),
  CONSTRAINT `auth_user_groups_user_id_6a12ed8b_fk_auth_user_id` FOREIGN KEY (`user_id`) REFERENCES `auth_user` (`id`)
) ENGINE=InnoDB DEFAULT CHARSET=utf8mb4 COLLATE=utf8mb4_0900_ai_ci;
/*!40101 SET character_set_client = @saved_cs_client */;

--
-- Dumping data for table `auth_user_groups`
--

LOCK TABLES `auth_user_groups` WRITE;
/*!40000 ALTER TABLE `auth_user_groups` DISABLE KEYS */;
/*!40000 ALTER TABLE `auth_user_groups` ENABLE KEYS */;
UNLOCK TABLES;

--
-- Table structure for table `auth_user_user_permissions`
--

DROP TABLE IF EXISTS `auth_user_user_permissions`;
/*!40101 SET @saved_cs_client     = @@character_set_client */;
 SET character_set_client = utf8mb4 ;
CREATE TABLE `auth_user_user_permissions` (
  `id` int(11) NOT NULL AUTO_INCREMENT,
  `user_id` int(11) NOT NULL,
  `permission_id` int(11) NOT NULL,
  PRIMARY KEY (`id`),
  UNIQUE KEY `auth_user_user_permissions_user_id_permission_id_14a6b632_uniq` (`user_id`,`permission_id`),
  KEY `auth_user_user_permi_permission_id_1fbb5f2c_fk_auth_perm` (`permission_id`),
  CONSTRAINT `auth_user_user_permi_permission_id_1fbb5f2c_fk_auth_perm` FOREIGN KEY (`permission_id`) REFERENCES `auth_permission` (`id`),
  CONSTRAINT `auth_user_user_permissions_user_id_a95ead1b_fk_auth_user_id` FOREIGN KEY (`user_id`) REFERENCES `auth_user` (`id`)
) ENGINE=InnoDB DEFAULT CHARSET=utf8mb4 COLLATE=utf8mb4_0900_ai_ci;
/*!40101 SET character_set_client = @saved_cs_client */;

--
-- Dumping data for table `auth_user_user_permissions`
--

LOCK TABLES `auth_user_user_permissions` WRITE;
/*!40000 ALTER TABLE `auth_user_user_permissions` DISABLE KEYS */;
/*!40000 ALTER TABLE `auth_user_user_permissions` ENABLE KEYS */;
UNLOCK TABLES;

--
-- Table structure for table `authtoken_token`
--

DROP TABLE IF EXISTS `authtoken_token`;
/*!40101 SET @saved_cs_client     = @@character_set_client */;
 SET character_set_client = utf8mb4 ;
CREATE TABLE `authtoken_token` (
  `key` varchar(40) NOT NULL,
  `created` datetime(6) NOT NULL,
  `user_id` int(11) NOT NULL,
  PRIMARY KEY (`key`),
  UNIQUE KEY `user_id` (`user_id`),
  CONSTRAINT `authtoken_token_user_id_35299eff_fk_auth_user_id` FOREIGN KEY (`user_id`) REFERENCES `auth_user` (`id`)
) ENGINE=InnoDB DEFAULT CHARSET=utf8mb4 COLLATE=utf8mb4_0900_ai_ci;
/*!40101 SET character_set_client = @saved_cs_client */;

--
-- Dumping data for table `authtoken_token`
--

LOCK TABLES `authtoken_token` WRITE;
/*!40000 ALTER TABLE `authtoken_token` DISABLE KEYS */;
INSERT INTO `authtoken_token` VALUES ('26ff052ae5f3500a9de2f857b3b12cfb0fcad8be','2018-12-18 20:04:32.992074',1),('ead912bff06dc5b80fbac2169b6c42dc48d77deb','2018-12-18 20:21:32.235699',3);
/*!40000 ALTER TABLE `authtoken_token` ENABLE KEYS */;
UNLOCK TABLES;

--
-- Table structure for table `django_admin_log`
--

DROP TABLE IF EXISTS `django_admin_log`;
/*!40101 SET @saved_cs_client     = @@character_set_client */;
 SET character_set_client = utf8mb4 ;
CREATE TABLE `django_admin_log` (
  `id` int(11) NOT NULL AUTO_INCREMENT,
  `action_time` datetime(6) NOT NULL,
  `object_id` longtext,
  `object_repr` varchar(200) NOT NULL,
  `action_flag` smallint(5) unsigned NOT NULL,
  `change_message` longtext NOT NULL,
  `content_type_id` int(11) DEFAULT NULL,
  `user_id` int(11) NOT NULL,
  PRIMARY KEY (`id`),
  KEY `django_admin_log_content_type_id_c4bce8eb_fk_django_co` (`content_type_id`),
  KEY `django_admin_log_user_id_c564eba6_fk_auth_user_id` (`user_id`),
  CONSTRAINT `django_admin_log_content_type_id_c4bce8eb_fk_django_co` FOREIGN KEY (`content_type_id`) REFERENCES `django_content_type` (`id`),
  CONSTRAINT `django_admin_log_user_id_c564eba6_fk_auth_user_id` FOREIGN KEY (`user_id`) REFERENCES `auth_user` (`id`)
) ENGINE=InnoDB AUTO_INCREMENT=7 DEFAULT CHARSET=utf8mb4 COLLATE=utf8mb4_0900_ai_ci;
/*!40101 SET character_set_client = @saved_cs_client */;

--
-- Dumping data for table `django_admin_log`
--

LOCK TABLES `django_admin_log` WRITE;
/*!40000 ALTER TABLE `django_admin_log` DISABLE KEYS */;
INSERT INTO `django_admin_log` VALUES (1,'2018-12-18 20:04:33.031108','26ff052ae5f3500a9de2f857b3b12cfb0fcad8be','26ff052ae5f3500a9de2f857b3b12cfb0fcad8be',1,'[{\"added\": {}}]',8,1),(2,'2018-12-18 20:20:17.473611','3','arwhyte',1,'[{\"added\": {}}]',4,1),(3,'2018-12-18 20:20:58.059283','3','arwhyte',2,'[{\"changed\": {\"fields\": [\"first_name\", \"last_name\", \"email\", \"is_staff\", \"is_superuser\"]}}]',4,1),(4,'2018-12-18 20:21:08.181267','3','arwhyte',2,'[]',4,1),(5,'2018-12-18 20:21:32.264726','ead912bff06dc5b80fbac2169b6c42dc48d77deb','ead912bff06dc5b80fbac2169b6c42dc48d77deb',1,'[{\"added\": {}}]',8,1),(6,'2018-12-18 20:21:38.715238','ead912bff06dc5b80fbac2169b6c42dc48d77deb','ead912bff06dc5b80fbac2169b6c42dc48d77deb',2,'[]',8,1);
/*!40000 ALTER TABLE `django_admin_log` ENABLE KEYS */;
UNLOCK TABLES;

--
-- Table structure for table `django_content_type`
--

DROP TABLE IF EXISTS `django_content_type`;
/*!40101 SET @saved_cs_client     = @@character_set_client */;
 SET character_set_client = utf8mb4 ;
CREATE TABLE `django_content_type` (
  `id` int(11) NOT NULL AUTO_INCREMENT,
  `app_label` varchar(100) NOT NULL,
  `model` varchar(100) NOT NULL,
  PRIMARY KEY (`id`),
  UNIQUE KEY `django_content_type_app_label_model_76bd3d3b_uniq` (`app_label`,`model`)
) ENGINE=InnoDB AUTO_INCREMENT=26 DEFAULT CHARSET=utf8mb4 COLLATE=utf8mb4_0900_ai_ci;
/*!40101 SET character_set_client = @saved_cs_client */;

--
-- Dumping data for table `django_content_type`
--

LOCK TABLES `django_content_type` WRITE;
/*!40000 ALTER TABLE `django_content_type` DISABLE KEYS */;
INSERT INTO `django_content_type` VALUES (9,'account','emailaddress'),(10,'account','emailconfirmation'),(1,'admin','logentry'),(19,'artworks','artist'),(20,'artworks','artwork'),(21,'artworks','artworksubject'),(22,'artworks','era'),(23,'artworks','medium'),(24,'artworks','movement'),(25,'artworks','subject'),(3,'auth','group'),(2,'auth','permission'),(4,'auth','user'),(8,'authtoken','token'),(5,'contenttypes','contenttype'),(6,'sessions','session'),(7,'sites','site'),(14,'social_django','association'),(15,'social_django','code'),(16,'social_django','nonce'),(18,'social_django','partial'),(17,'social_django','usersocialauth'),(11,'socialaccount','socialaccount'),(12,'socialaccount','socialapp'),(13,'socialaccount','socialtoken');
/*!40000 ALTER TABLE `django_content_type` ENABLE KEYS */;
UNLOCK TABLES;

--
-- Table structure for table `django_migrations`
--

DROP TABLE IF EXISTS `django_migrations`;
/*!40101 SET @saved_cs_client     = @@character_set_client */;
 SET character_set_client = utf8mb4 ;
CREATE TABLE `django_migrations` (
  `id` int(11) NOT NULL AUTO_INCREMENT,
  `app` varchar(255) NOT NULL,
  `name` varchar(255) NOT NULL,
  `applied` datetime(6) NOT NULL,
  PRIMARY KEY (`id`)
) ENGINE=InnoDB AUTO_INCREMENT=43 DEFAULT CHARSET=utf8mb4 COLLATE=utf8mb4_0900_ai_ci;
/*!40101 SET character_set_client = @saved_cs_client */;

--
-- Dumping data for table `django_migrations`
--

LOCK TABLES `django_migrations` WRITE;
/*!40000 ALTER TABLE `django_migrations` DISABLE KEYS */;
INSERT INTO `django_migrations` VALUES (1,'contenttypes','0001_initial','2018-12-15 22:36:02.583339'),(2,'auth','0001_initial','2018-12-15 22:36:26.477026'),(3,'admin','0001_initial','2018-12-15 22:36:33.602125'),(4,'admin','0002_logentry_remove_auto_add','2018-12-15 22:36:33.836451'),(5,'admin','0003_logentry_add_action_flag_choices','2018-12-15 22:36:34.032823'),(6,'contenttypes','0002_remove_content_type_name','2018-12-15 22:36:38.318773'),(7,'auth','0002_alter_permission_name_max_length','2018-12-15 22:36:40.194690'),(8,'auth','0003_alter_user_email_max_length','2018-12-15 22:36:40.788361'),(9,'auth','0004_alter_user_username_opts','2018-12-15 22:36:40.929007'),(10,'auth','0005_alter_user_last_login_null','2018-12-15 22:36:42.800394'),(11,'auth','0006_require_contenttypes_0002','2018-12-15 22:36:42.878624'),(12,'auth','0007_alter_validators_add_error_messages','2018-12-15 22:36:42.987984'),(13,'auth','0008_alter_user_username_max_length','2018-12-15 22:36:45.068663'),(14,'auth','0009_alter_user_last_name_max_length','2018-12-15 22:36:47.320624'),(15,'sessions','0001_initial','2018-12-15 22:36:48.703823'),(16,'account','0001_initial','2018-12-16 01:01:20.039072'),(17,'account','0002_email_max_length','2018-12-16 01:01:21.079441'),(18,'authtoken','0001_initial','2018-12-16 01:01:24.352450'),(19,'authtoken','0002_auto_20160226_1747','2018-12-16 01:01:27.138394'),(20,'sites','0001_initial','2018-12-16 01:01:27.892509'),(21,'sites','0002_alter_domain_unique','2018-12-16 01:01:28.359897'),(22,'default','0001_initial','2018-12-16 01:01:35.360330'),(23,'social_auth','0001_initial','2018-12-16 01:01:35.495349'),(24,'default','0002_add_related_name','2018-12-16 01:01:41.948482'),(25,'social_auth','0002_add_related_name','2018-12-16 01:01:42.174712'),(26,'default','0003_alter_email_max_length','2018-12-16 01:01:43.141383'),(27,'social_auth','0003_alter_email_max_length','2018-12-16 01:01:43.250757'),(28,'default','0004_auto_20160423_0400','2018-12-16 01:01:43.391348'),(29,'social_auth','0004_auto_20160423_0400','2018-12-16 01:01:43.500806'),(30,'social_auth','0005_auto_20160727_2333','2018-12-16 01:01:45.041585'),(31,'social_django','0006_partial','2018-12-16 01:01:46.329499'),(32,'social_django','0007_code_timestamp','2018-12-16 01:01:47.442180'),(33,'social_django','0008_partial_timestamp','2018-12-16 01:01:48.918036'),(34,'socialaccount','0001_initial','2018-12-16 01:02:10.640678'),(35,'socialaccount','0002_token_max_lengths','2018-12-16 01:02:11.503322'),(36,'socialaccount','0003_extra_data_default_dict','2018-12-16 01:02:11.737684'),(37,'social_django','0003_alter_email_max_length','2018-12-16 01:02:11.847062'),(38,'social_django','0002_add_related_name','2018-12-16 01:02:11.956444'),(39,'social_django','0004_auto_20160423_0400','2018-12-16 01:02:12.078340'),(40,'social_django','0005_auto_20160727_2333','2018-12-16 01:02:12.172152'),(41,'social_django','0001_initial','2018-12-16 01:02:12.281531'),(42,'artworks','0001_initial','2018-12-18 20:23:08.816100');
/*!40000 ALTER TABLE `django_migrations` ENABLE KEYS */;
UNLOCK TABLES;

--
-- Table structure for table `django_session`
--

DROP TABLE IF EXISTS `django_session`;
/*!40101 SET @saved_cs_client     = @@character_set_client */;
 SET character_set_client = utf8mb4 ;
CREATE TABLE `django_session` (
  `session_key` varchar(40) NOT NULL,
  `session_data` longtext NOT NULL,
  `expire_date` datetime(6) NOT NULL,
  PRIMARY KEY (`session_key`),
  KEY `django_session_expire_date_a5c62663` (`expire_date`)
) ENGINE=InnoDB DEFAULT CHARSET=utf8mb4 COLLATE=utf8mb4_0900_ai_ci;
/*!40101 SET character_set_client = @saved_cs_client */;

--
-- Dumping data for table `django_session`
--

LOCK TABLES `django_session` WRITE;
/*!40000 ALTER TABLE `django_session` DISABLE KEYS */;
INSERT INTO `django_session` VALUES ('22h452ap23tsnpgco48yzz5z0ycoeipm','N2JjM2YyYWFiOTAzYTRkMDU2MjBhODc0MDNlZDhlNzViZTg0MzMwOTp7Il9hdXRoX3VzZXJfaWQiOiIxIiwiX2F1dGhfdXNlcl9iYWNrZW5kIjoiZGphbmdvLmNvbnRyaWIuYXV0aC5iYWNrZW5kcy5Nb2RlbEJhY2tlbmQiLCJfYXV0aF91c2VyX2hhc2giOiJlNTgwZDA0ZDhmNzhjZGQ4M2JiYWQ4NjBkZjAwYzc3MzkzODg2NzYwIn0=','2019-01-02 01:33:32.648909'),('5t78uw3t8orpp5jgusgvb70rued6xrq5','Y2Q4NDk0MzY2OWIyYTBmNjAyZTQyMDcyNGJhZDYxMjFkMjdiMTYzMTp7Imdvb2dsZS1vYXV0aDJfc3RhdGUiOiJ4dlV6MWtuRnJsQUlsekUxbTJtU1R6MUxsWkhVTkxFWSIsIl9hdXRoX3VzZXJfaWQiOiIyIiwiX2F1dGhfdXNlcl9iYWNrZW5kIjoic29jaWFsX2NvcmUuYmFja2VuZHMuZ29vZ2xlLkdvb2dsZU9BdXRoMiIsIl9hdXRoX3VzZXJfaGFzaCI6Ijg4OTk1NDk0YmMzZThkZDFlYjllNTc3MThmNWY3OTM2NjI3NWQxYzkiLCJzb2NpYWxfYXV0aF9sYXN0X2xvZ2luX2JhY2tlbmQiOiJnb29nbGUtb2F1dGgyIn0=','2018-12-30 18:28:30.039860'),('7a3uc3zql81vpuf728xfx7h9sgcvrb7q','YzUxNTJjY2I0ZjJlMGU4ODYxNWYzMzdkNDdmZjhiNzhkN2Y3MGE4Njp7Imdvb2dsZS1vYXV0aDJfc3RhdGUiOiI4TGU1Z2N3Qm1LZnpKNjdSTjlUaHdXcGZyOE52cGtnTiIsIl9hdXRoX3VzZXJfaWQiOiIyIiwiX2F1dGhfdXNlcl9iYWNrZW5kIjoic29jaWFsX2NvcmUuYmFja2VuZHMuZ29vZ2xlLkdvb2dsZU9BdXRoMiIsIl9hdXRoX3VzZXJfaGFzaCI6Ijg4OTk1NDk0YmMzZThkZDFlYjllNTc3MThmNWY3OTM2NjI3NWQxYzkiLCJzb2NpYWxfYXV0aF9sYXN0X2xvZ2luX2JhY2tlbmQiOiJnb29nbGUtb2F1dGgyIn0=','2018-12-30 19:00:12.954862'),('tjc0z76z7p69yeq0ls7nasj1ne1oviiy','NDA5NzM5Njk0YTY1MmM5ZDVjOTA0MTU2ZDkwZDNmOGVkNTIyNDViNTp7Im5leHQiOiIvYXJ0d29ya3MvYXBpL3N3YWdnZXItZG9jcy8iLCJnb29nbGUtb2F1dGgyX3N0YXRlIjoiNFVsMGVMRGxJNTZiNlc3Z3BJUVY3SldxTUtvR3B1dkgiLCJfYXV0aF91c2VyX2lkIjoiMiIsIl9hdXRoX3VzZXJfYmFja2VuZCI6InNvY2lhbF9jb3JlLmJhY2tlbmRzLmdvb2dsZS5Hb29nbGVPQXV0aDIiLCJfYXV0aF91c2VyX2hhc2giOiI4ODk5NTQ5NGJjM2U4ZGQxZWI5ZTU3NzE4ZjVmNzkzNjYyNzVkMWM5Iiwic29jaWFsX2F1dGhfbGFzdF9sb2dpbl9iYWNrZW5kIjoiZ29vZ2xlLW9hdXRoMiJ9','2019-01-01 18:58:19.621662');
/*!40000 ALTER TABLE `django_session` ENABLE KEYS */;
UNLOCK TABLES;

--
-- Table structure for table `django_site`
--

DROP TABLE IF EXISTS `django_site`;
/*!40101 SET @saved_cs_client     = @@character_set_client */;
 SET character_set_client = utf8mb4 ;
CREATE TABLE `django_site` (
  `id` int(11) NOT NULL AUTO_INCREMENT,
  `domain` varchar(100) NOT NULL,
  `name` varchar(50) NOT NULL,
  PRIMARY KEY (`id`),
  UNIQUE KEY `django_site_domain_a2e37b91_uniq` (`domain`)
) ENGINE=InnoDB AUTO_INCREMENT=2 DEFAULT CHARSET=utf8mb4 COLLATE=utf8mb4_0900_ai_ci;
/*!40101 SET character_set_client = @saved_cs_client */;

--
-- Dumping data for table `django_site`
--

LOCK TABLES `django_site` WRITE;
/*!40000 ALTER TABLE `django_site` DISABLE KEYS */;
INSERT INTO `django_site` VALUES (1,'example.com','example.com');
/*!40000 ALTER TABLE `django_site` ENABLE KEYS */;
UNLOCK TABLES;

--
-- Table structure for table `era`
--

DROP TABLE IF EXISTS `era`;
/*!40101 SET @saved_cs_client     = @@character_set_client */;
 SET character_set_client = utf8mb4 ;
CREATE TABLE `era` (
  `era_id` int(11) NOT NULL AUTO_INCREMENT,
  `era_name` varchar(100) NOT NULL,
  PRIMARY KEY (`era_id`),
  UNIQUE KEY `era_id` (`era_id`),
  UNIQUE KEY `era_name` (`era_name`)
) ENGINE=InnoDB AUTO_INCREMENT=4 DEFAULT CHARSET=utf8mb4 COLLATE=utf8mb4_0900_ai_ci;
/*!40101 SET character_set_client = @saved_cs_client */;

--
-- Dumping data for table `era`
--

LOCK TABLES `era` WRITE;
/*!40000 ALTER TABLE `era` DISABLE KEYS */;
INSERT INTO `era` VALUES (1,'18th century'),(2,'19th century'),(3,'20th century post-1945');
/*!40000 ALTER TABLE `era` ENABLE KEYS */;
UNLOCK TABLES;

--
-- Table structure for table `medium`
--

DROP TABLE IF EXISTS `medium`;
/*!40101 SET @saved_cs_client     = @@character_set_client */;
 SET character_set_client = utf8mb4 ;
CREATE TABLE `medium` (
  `medium_id` int(11) NOT NULL AUTO_INCREMENT,
  `medium_name` varchar(250) NOT NULL,
  PRIMARY KEY (`medium_id`),
  UNIQUE KEY `medium_id` (`medium_id`),
  UNIQUE KEY `medium_name` (`medium_name`)
) ENGINE=InnoDB AUTO_INCREMENT=128 DEFAULT CHARSET=utf8mb4 COLLATE=utf8mb4_0900_ai_ci;
/*!40101 SET character_set_client = @saved_cs_client */;

--
-- Dumping data for table `medium`
--

LOCK TABLES `medium` WRITE;
/*!40000 ALTER TABLE `medium` DISABLE KEYS */;
INSERT INTO `medium` VALUES (1,'Aquatint on paper'),(2,'Bronze'),(3,'Chalk on paper'),(4,'Charcoal and graphite on paper'),(5,'Charcoal and graphite on paper. Verso: graphite on paper'),(6,'Crayon and chalk on paper'),(7,'Drypoint on paper'),(8,'Drypoint on paper on paper'),(9,'Etching and aquatint on paper'),(10,'Etching and engraving on paper'),(11,'Etching and engraving on paper  '),(12,'Etching and mezzotint engraving on paper'),(13,'Etching and mezzotint on paper'),(14,'Etching on paper'),(15,'Etching on paper on paper'),(16,'Etching, aquatint and mezzotint on paper'),(17,'Etching, drypoint and mezzotint on paper'),(18,'Etching, mezzotint and aquatint on paper'),(19,'Etching, mezzotint and drypoint on paper'),(20,'Film'),(21,'Graphite and chalk on paper'),(22,'Graphite and gouache on paper'),(23,'Graphite and ink on paper'),(24,'Graphite and watercolour on fabric'),(25,'Graphite and watercolour on paper'),(26,'Graphite on paper'),(27,'Graphite on paper. Verso: chalk on paper'),(28,'Graphite on paper. Verso: graphite and watercolour on paper'),(29,'Graphite on paper. Verso: graphite on paper'),(30,'Graphite on paper. Verso: ink on paper'),(31,'Graphite on paper. Verso: watercolour on paper'),(32,'Graphite, crayon and watercolour on paper'),(33,'Graphite, gouache and ink on paper'),(34,'Graphite, ink and gouache on paper'),(35,'Graphite, ink and watercolour on paper'),(36,'Graphite, ink, gouache and watercolour on paper'),(37,'Graphite, ink, watercolour and gouache on paper'),(38,'Graphite, watercolour and ink on paper'),(39,'Graphite, watercolour, ink and gouache on paper'),(40,'Ink and gouache on paper'),(41,'Ink and graphite on paper'),(42,'Ink and graphite on paper. Verso: graphite on paper'),(43,'Ink and grapite on paper'),(44,'Ink and watercolour on paper'),(45,'Ink and watercolour on paper. Verso: graphite on paper'),(46,'Ink and watercolour on paper. Verso: ink and watercolour on paper'),(47,'Ink on paper'),(48,'Ink on paper '),(49,'Ink on paper. Verso: graphite on paper'),(50,'Ink on paper. Verso: ink and watercolour on paper'),(51,'Ink, graphite and gouache on paper'),(52,'Ink, graphite and watercolour on paper'),(53,'Ink, graphite and watercolour on paper. Verso: graphite on paper'),(54,'Ink, graphite, gouache and watercolour on paper'),(55,'Ink, graphite, watercolour and gouache on paper'),(56,'Ink, watercolour and gouache on paper'),(57,'Ink, watercolour and graphite on paper'),(58,'Line engraving on paper'),(59,'Line engraving on paper    '),(60,'Lithograph on paper'),(61,'Mezzotint engraving on paper'),(62,'Mezzotint on paper'),(63,'Mixed media and graphite on paper'),(64,'Oil paint on board'),(65,'Oil paint on canvas'),(66,'Oil paint on mahogany'),(67,'Oil paint on wood'),(68,'Photograph on paper'),(69,'Print on paper'),(70,'Relief etching and watercolour on paper'),(71,'Relief etching on paper'),(72,'Relief print on paper'),(73,'Watercolour and gouache on paper'),(74,'Watercolour and graphite on fabric'),(75,'Watercolour and graphite on paper'),(76,'Watercolour and graphite on paper. Verso: graphite on paper'),(77,'Watercolour and ink on paper'),(78,'Watercolour and ink on paper. Verso: graphite and watercolour on paper'),(79,'Watercolour on paper'),(80,'Watercolour on paper. Verso: graphite on paper'),(81,'Watercolour, gouache and ink on paper'),(82,'Watercolour, graphite and gouache on paper'),(83,'Watercolour, graphite and ink on paper'),(84,'Watercolour, ink and gouache on paper'),(85,'Watercolour, ink and graphite on paper'),(86,'Watercolour, ink, chalk and graphite on paper. Verso: graphite on paper'),(87,'Watercolour, ink, gouache and graphite on paper'),(88,'Wood engraving on paper');
/*!40000 ALTER TABLE `medium` ENABLE KEYS */;
UNLOCK TABLES;

--
-- Table structure for table `movement`
--

DROP TABLE IF EXISTS `movement`;
/*!40101 SET @saved_cs_client     = @@character_set_client */;
 SET character_set_client = utf8mb4 ;
CREATE TABLE `movement` (
  `movement_id` int(11) NOT NULL AUTO_INCREMENT,
  `movement_name` varchar(100) NOT NULL,
  PRIMARY KEY (`movement_id`),
  UNIQUE KEY `movement_id` (`movement_id`),
  UNIQUE KEY `movement_name` (`movement_name`)
) ENGINE=InnoDB AUTO_INCREMENT=9 DEFAULT CHARSET=utf8mb4 COLLATE=utf8mb4_0900_ai_ci;
/*!40101 SET character_set_client = @saved_cs_client */;

--
-- Dumping data for table `movement`
--

LOCK TABLES `movement` WRITE;
/*!40000 ALTER TABLE `movement` DISABLE KEYS */;
INSERT INTO `movement` VALUES (1,'Geometry of Fear'),(2,'Orientalist'),(3,'Picturesque'),(4,'Pre-Raphaelite Brotherhood'),(5,'Romanticism'),(6,'Shoreham / The Ancients'),(7,'Sublime'),(8,'Victorian/Genre');
/*!40000 ALTER TABLE `movement` ENABLE KEYS */;
UNLOCK TABLES;

--
-- Table structure for table `social_auth_association`
--

DROP TABLE IF EXISTS `social_auth_association`;
/*!40101 SET @saved_cs_client     = @@character_set_client */;
 SET character_set_client = utf8mb4 ;
CREATE TABLE `social_auth_association` (
  `id` int(11) NOT NULL AUTO_INCREMENT,
  `server_url` varchar(255) NOT NULL,
  `handle` varchar(255) NOT NULL,
  `secret` varchar(255) NOT NULL,
  `issued` int(11) NOT NULL,
  `lifetime` int(11) NOT NULL,
  `assoc_type` varchar(64) NOT NULL,
  PRIMARY KEY (`id`),
  UNIQUE KEY `social_auth_association_server_url_handle_078befa2_uniq` (`server_url`,`handle`)
) ENGINE=InnoDB DEFAULT CHARSET=utf8mb4 COLLATE=utf8mb4_0900_ai_ci;
/*!40101 SET character_set_client = @saved_cs_client */;

--
-- Dumping data for table `social_auth_association`
--

LOCK TABLES `social_auth_association` WRITE;
/*!40000 ALTER TABLE `social_auth_association` DISABLE KEYS */;
/*!40000 ALTER TABLE `social_auth_association` ENABLE KEYS */;
UNLOCK TABLES;

--
-- Table structure for table `social_auth_code`
--

DROP TABLE IF EXISTS `social_auth_code`;
/*!40101 SET @saved_cs_client     = @@character_set_client */;
 SET character_set_client = utf8mb4 ;
CREATE TABLE `social_auth_code` (
  `id` int(11) NOT NULL AUTO_INCREMENT,
  `email` varchar(254) NOT NULL,
  `code` varchar(32) NOT NULL,
  `verified` tinyint(1) NOT NULL,
  `timestamp` datetime(6) NOT NULL,
  PRIMARY KEY (`id`),
  UNIQUE KEY `social_auth_code_email_code_801b2d02_uniq` (`email`,`code`),
  KEY `social_auth_code_code_a2393167` (`code`),
  KEY `social_auth_code_timestamp_176b341f` (`timestamp`)
) ENGINE=InnoDB DEFAULT CHARSET=utf8mb4 COLLATE=utf8mb4_0900_ai_ci;
/*!40101 SET character_set_client = @saved_cs_client */;

--
-- Dumping data for table `social_auth_code`
--

LOCK TABLES `social_auth_code` WRITE;
/*!40000 ALTER TABLE `social_auth_code` DISABLE KEYS */;
/*!40000 ALTER TABLE `social_auth_code` ENABLE KEYS */;
UNLOCK TABLES;

--
-- Table structure for table `social_auth_nonce`
--

DROP TABLE IF EXISTS `social_auth_nonce`;
/*!40101 SET @saved_cs_client     = @@character_set_client */;
 SET character_set_client = utf8mb4 ;
CREATE TABLE `social_auth_nonce` (
  `id` int(11) NOT NULL AUTO_INCREMENT,
  `server_url` varchar(255) NOT NULL,
  `timestamp` int(11) NOT NULL,
  `salt` varchar(65) NOT NULL,
  PRIMARY KEY (`id`),
  UNIQUE KEY `social_auth_nonce_server_url_timestamp_salt_f6284463_uniq` (`server_url`,`timestamp`,`salt`)
) ENGINE=InnoDB DEFAULT CHARSET=utf8mb4 COLLATE=utf8mb4_0900_ai_ci;
/*!40101 SET character_set_client = @saved_cs_client */;

--
-- Dumping data for table `social_auth_nonce`
--

LOCK TABLES `social_auth_nonce` WRITE;
/*!40000 ALTER TABLE `social_auth_nonce` DISABLE KEYS */;
/*!40000 ALTER TABLE `social_auth_nonce` ENABLE KEYS */;
UNLOCK TABLES;

--
-- Table structure for table `social_auth_partial`
--

DROP TABLE IF EXISTS `social_auth_partial`;
/*!40101 SET @saved_cs_client     = @@character_set_client */;
 SET character_set_client = utf8mb4 ;
CREATE TABLE `social_auth_partial` (
  `id` int(11) NOT NULL AUTO_INCREMENT,
  `token` varchar(32) NOT NULL,
  `next_step` smallint(5) unsigned NOT NULL,
  `backend` varchar(32) NOT NULL,
  `data` longtext NOT NULL,
  `timestamp` datetime(6) NOT NULL,
  PRIMARY KEY (`id`),
  KEY `social_auth_partial_token_3017fea3` (`token`),
  KEY `social_auth_partial_timestamp_50f2119f` (`timestamp`)
) ENGINE=InnoDB DEFAULT CHARSET=utf8mb4 COLLATE=utf8mb4_0900_ai_ci;
/*!40101 SET character_set_client = @saved_cs_client */;

--
-- Dumping data for table `social_auth_partial`
--

LOCK TABLES `social_auth_partial` WRITE;
/*!40000 ALTER TABLE `social_auth_partial` DISABLE KEYS */;
/*!40000 ALTER TABLE `social_auth_partial` ENABLE KEYS */;
UNLOCK TABLES;

--
-- Table structure for table `social_auth_usersocialauth`
--

DROP TABLE IF EXISTS `social_auth_usersocialauth`;
/*!40101 SET @saved_cs_client     = @@character_set_client */;
 SET character_set_client = utf8mb4 ;
CREATE TABLE `social_auth_usersocialauth` (
  `id` int(11) NOT NULL AUTO_INCREMENT,
  `provider` varchar(32) NOT NULL,
  `uid` varchar(255) NOT NULL,
  `extra_data` longtext NOT NULL,
  `user_id` int(11) NOT NULL,
  PRIMARY KEY (`id`),
  UNIQUE KEY `social_auth_usersocialauth_provider_uid_e6b5e668_uniq` (`provider`,`uid`),
  KEY `social_auth_usersocialauth_user_id_17d28448_fk_auth_user_id` (`user_id`),
  CONSTRAINT `social_auth_usersocialauth_user_id_17d28448_fk_auth_user_id` FOREIGN KEY (`user_id`) REFERENCES `auth_user` (`id`)
) ENGINE=InnoDB AUTO_INCREMENT=2 DEFAULT CHARSET=utf8mb4 COLLATE=utf8mb4_0900_ai_ci;
/*!40101 SET character_set_client = @saved_cs_client */;

--
-- Dumping data for table `social_auth_usersocialauth`
--

LOCK TABLES `social_auth_usersocialauth` WRITE;
/*!40000 ALTER TABLE `social_auth_usersocialauth` DISABLE KEYS */;
INSERT INTO `social_auth_usersocialauth` VALUES (1,'google-oauth2','ooudsema@umich.edu','{\"auth_time\": 1545159498, \"expires\": 3600, \"token_type\": \"Bearer\", \"access_token\": \"ya29.Glt2Bi5VDMitbWTme-HWJ3HiUIX7vVwbUfNwYqin0LHm6Li784zHHntB_iGVzZQlwjUnij5m_I3uSMXQpCmUjrK0x4IhSix60Ne7_M7qTs1tvKeali529aCkuJhb\"}',2);
/*!40000 ALTER TABLE `social_auth_usersocialauth` ENABLE KEYS */;
UNLOCK TABLES;

--
-- Table structure for table `socialaccount_socialaccount`
--

DROP TABLE IF EXISTS `socialaccount_socialaccount`;
/*!40101 SET @saved_cs_client     = @@character_set_client */;
 SET character_set_client = utf8mb4 ;
CREATE TABLE `socialaccount_socialaccount` (
  `id` int(11) NOT NULL AUTO_INCREMENT,
  `provider` varchar(30) NOT NULL,
  `uid` varchar(191) NOT NULL,
  `last_login` datetime(6) NOT NULL,
  `date_joined` datetime(6) NOT NULL,
  `extra_data` longtext NOT NULL,
  `user_id` int(11) NOT NULL,
  PRIMARY KEY (`id`),
  UNIQUE KEY `socialaccount_socialaccount_provider_uid_fc810c6e_uniq` (`provider`,`uid`),
  KEY `socialaccount_socialaccount_user_id_8146e70c_fk_auth_user_id` (`user_id`),
  CONSTRAINT `socialaccount_socialaccount_user_id_8146e70c_fk_auth_user_id` FOREIGN KEY (`user_id`) REFERENCES `auth_user` (`id`)
) ENGINE=InnoDB DEFAULT CHARSET=utf8mb4 COLLATE=utf8mb4_0900_ai_ci;
/*!40101 SET character_set_client = @saved_cs_client */;

--
-- Dumping data for table `socialaccount_socialaccount`
--

LOCK TABLES `socialaccount_socialaccount` WRITE;
/*!40000 ALTER TABLE `socialaccount_socialaccount` DISABLE KEYS */;
/*!40000 ALTER TABLE `socialaccount_socialaccount` ENABLE KEYS */;
UNLOCK TABLES;

--
-- Table structure for table `socialaccount_socialapp`
--

DROP TABLE IF EXISTS `socialaccount_socialapp`;
/*!40101 SET @saved_cs_client     = @@character_set_client */;
 SET character_set_client = utf8mb4 ;
CREATE TABLE `socialaccount_socialapp` (
  `id` int(11) NOT NULL AUTO_INCREMENT,
  `provider` varchar(30) NOT NULL,
  `name` varchar(40) NOT NULL,
  `client_id` varchar(191) NOT NULL,
  `secret` varchar(191) NOT NULL,
  `key` varchar(191) NOT NULL,
  PRIMARY KEY (`id`)
) ENGINE=InnoDB DEFAULT CHARSET=utf8mb4 COLLATE=utf8mb4_0900_ai_ci;
/*!40101 SET character_set_client = @saved_cs_client */;

--
-- Dumping data for table `socialaccount_socialapp`
--

LOCK TABLES `socialaccount_socialapp` WRITE;
/*!40000 ALTER TABLE `socialaccount_socialapp` DISABLE KEYS */;
/*!40000 ALTER TABLE `socialaccount_socialapp` ENABLE KEYS */;
UNLOCK TABLES;

--
-- Table structure for table `socialaccount_socialapp_sites`
--

DROP TABLE IF EXISTS `socialaccount_socialapp_sites`;
/*!40101 SET @saved_cs_client     = @@character_set_client */;
 SET character_set_client = utf8mb4 ;
CREATE TABLE `socialaccount_socialapp_sites` (
  `id` int(11) NOT NULL AUTO_INCREMENT,
  `socialapp_id` int(11) NOT NULL,
  `site_id` int(11) NOT NULL,
  PRIMARY KEY (`id`),
  UNIQUE KEY `socialaccount_socialapp_sites_socialapp_id_site_id_71a9a768_uniq` (`socialapp_id`,`site_id`),
  KEY `socialaccount_socialapp_sites_site_id_2579dee5_fk_django_site_id` (`site_id`),
  CONSTRAINT `socialaccount_social_socialapp_id_97fb6e7d_fk_socialacc` FOREIGN KEY (`socialapp_id`) REFERENCES `socialaccount_socialapp` (`id`),
  CONSTRAINT `socialaccount_socialapp_sites_site_id_2579dee5_fk_django_site_id` FOREIGN KEY (`site_id`) REFERENCES `django_site` (`id`)
) ENGINE=InnoDB DEFAULT CHARSET=utf8mb4 COLLATE=utf8mb4_0900_ai_ci;
/*!40101 SET character_set_client = @saved_cs_client */;

--
-- Dumping data for table `socialaccount_socialapp_sites`
--

LOCK TABLES `socialaccount_socialapp_sites` WRITE;
/*!40000 ALTER TABLE `socialaccount_socialapp_sites` DISABLE KEYS */;
/*!40000 ALTER TABLE `socialaccount_socialapp_sites` ENABLE KEYS */;
UNLOCK TABLES;

--
-- Table structure for table `socialaccount_socialtoken`
--

DROP TABLE IF EXISTS `socialaccount_socialtoken`;
/*!40101 SET @saved_cs_client     = @@character_set_client */;
 SET character_set_client = utf8mb4 ;
CREATE TABLE `socialaccount_socialtoken` (
  `id` int(11) NOT NULL AUTO_INCREMENT,
  `token` longtext NOT NULL,
  `token_secret` longtext NOT NULL,
  `expires_at` datetime(6) DEFAULT NULL,
  `account_id` int(11) NOT NULL,
  `app_id` int(11) NOT NULL,
  PRIMARY KEY (`id`),
  UNIQUE KEY `socialaccount_socialtoken_app_id_account_id_fca4e0ac_uniq` (`app_id`,`account_id`),
  KEY `socialaccount_social_account_id_951f210e_fk_socialacc` (`account_id`),
  CONSTRAINT `socialaccount_social_account_id_951f210e_fk_socialacc` FOREIGN KEY (`account_id`) REFERENCES `socialaccount_socialaccount` (`id`),
  CONSTRAINT `socialaccount_social_app_id_636a42d7_fk_socialacc` FOREIGN KEY (`app_id`) REFERENCES `socialaccount_socialapp` (`id`)
) ENGINE=InnoDB DEFAULT CHARSET=utf8mb4 COLLATE=utf8mb4_0900_ai_ci;
/*!40101 SET character_set_client = @saved_cs_client */;

--
-- Dumping data for table `socialaccount_socialtoken`
--

LOCK TABLES `socialaccount_socialtoken` WRITE;
/*!40000 ALTER TABLE `socialaccount_socialtoken` DISABLE KEYS */;
/*!40000 ALTER TABLE `socialaccount_socialtoken` ENABLE KEYS */;
UNLOCK TABLES;

--
-- Table structure for table `subject`
--

DROP TABLE IF EXISTS `subject`;
/*!40101 SET @saved_cs_client     = @@character_set_client */;
 SET character_set_client = utf8mb4 ;
CREATE TABLE `subject` (
  `subject_id` int(11) NOT NULL AUTO_INCREMENT,
  `subject_name` varchar(250) DEFAULT NULL,
  PRIMARY KEY (`subject_id`),
  UNIQUE KEY `subject_id` (`subject_id`)
) ENGINE=InnoDB AUTO_INCREMENT=2048 DEFAULT CHARSET=utf8mb4 COLLATE=utf8mb4_0900_ai_ci;
/*!40101 SET character_set_client = @saved_cs_client */;

--
-- Dumping data for table `subject`
--

LOCK TABLES `subject` WRITE;
/*!40000 ALTER TABLE `subject` DISABLE KEYS */;
INSERT INTO `subject` VALUES (1,'subject'),(2,' \"Claude'),(3,' \"Correggio'),(4,' \"Dante'),(5,' \"Digby'),(6,' \"Dughet'),(7,' \"Felpham'),(8,' \"Francia'),(9,' \"Garofalo'),(10,' \"Ghent'),(11,' \"Guercino'),(12,' \"Guildford'),(13,' \"Job\'s wife\"'),(14,' \"Lawrence'),(15,' \"Little Devil\'s Bridge\"'),(16,' \"Lorenzini'),(17,' \"Luini'),(18,' \"Malory'),(19,' \"Murillo'),(20,' \"Nuremberg'),(21,' \"Ovid'),(22,' \"Perugino (associate)'),(23,' \"Philips'),(24,' \"Potter'),(25,' \"Poussin'),(26,' \"Raphael'),(27,' \"Reni'),(28,' \"Reynolds'),(29,' \"Rosa'),(30,' \"Sarto'),(31,' \"Sebastiano del Piombo'),(32,' \"Spenser'),(33,' \"St Cuthbert\'s Priory\"'),(34,' \"St Paul\'s Cathedral\"'),(35,' \"Thornton'),(36,' \"Titian'),(37,' \"Van Dyck'),(38,' \"Veronese'),(39,' \"Virgil'),(40,' \"West'),(41,' \"Wilson'),(42,' \"artist\'s notes\"'),(43,' \"book'),(44,' \' A Seated Man\'\"'),(45,' \'A Bacchanalian Revel before a Term of Pan\'\"'),(46,' \'A Concert\'\"'),(47,' \'A Dutch Vessel...\'\"'),(48,' \'A Hilly River Landscape\'\"'),(49,' \'A Landscape with Tobias and the Angel\'\"'),(50,' \'A Peasant Boy Leaning on a Sill\'\"'),(51,' \'A View of Het Steen\'\"'),(52,' \'Aphrodite / Venus\''),(53,' \'Argonautics\'\"'),(54,' \'Artemis / Diana\''),(55,' \'At the Back of the North Wind\'\"'),(56,' \'Babylon\''),(57,' \'Bacchante\''),(58,' \'Bacchus and Ariadne\'\"'),(59,' \'Bacchus\''),(60,' \'Belgium\''),(61,' \'Ben Arthur\''),(62,' \'Bonneville - non-specific\''),(63,' \'Book of Life\''),(64,' \'Brown'),(65,' \'Browning'),(66,' \'Burne-Jones'),(67,' \'Caernarfonshire and Merionethshire\''),(68,' \'Cain\''),(69,' \'Cambridgeshire\''),(70,' \'Canterbury Tales\' - non-specific\"'),(71,' \'Catherine Earnshaw\''),(72,' \'Christ Among the Doctors\'\"'),(73,' \'Christ Appearing to Saint Peter\'\"'),(74,' \'Christ Presented to the People (Ecce Homo)\"'),(75,' \'Christ debating in the Temple\''),(76,' \'Christ\''),(77,' \'Crucifixion\''),(78,' \'David\''),(79,' \'Devon\''),(80,' \'Dingwall. Novar Estate\''),(81,' \'Divine Comedy\' - non-specific\"'),(82,' \'Divine Comedy: Inferno\'\"'),(83,' \'Don Quixote de la Mancha\'\"'),(84,' \'Don Quixote\''),(85,' \'Dunblane'),(86,' \'Eclogues\'\"'),(87,' \'Egypt\''),(88,' \'Egyptian\''),(89,' \'England\''),(90,' \'Eros / Cupid\''),(91,' \'Europe\'\"'),(92,' \'Exodus'),(93,' \'Ezekiel'),(94,' \'Fables\'\"'),(95,' \'Farringford\''),(96,' \'Felpham'),(97,' \'France\''),(98,' \'Francesca da Rimini\''),(99,' \'Genesis'),(100,' \'Germany\''),(101,' \'Ghent'),(102,' \'Ghent - non-specific\''),(103,' \'Giessen\''),(104,' \'Glacier des Bois\''),(105,' \'Glaucus\''),(106,' \'Gloucester - non-specific\''),(107,' \'Gloucestershire\''),(108,' \'God\''),(109,' \'Gosse'),(110,' \'Gotha\''),(111,' \'Gothic\''),(112,' \'Grande Chartreuse\''),(113,' \'Greenwich'),(114,' \'Grenoble - non-specific\''),(115,' \'Hamlet\''),(116,' \'Hampstead'),(117,' \'Hanover - non-specific\''),(118,' \'Heathcliff\''),(119,' \'Heaven - sunbeam\''),(120,' \'Heaven\''),(121,' \'Hector\''),(122,' \'Hell\''),(123,' \'Hesperie\''),(124,' \'Highland\''),(125,' \'Hindhead\''),(126,' \'Holy Family\''),(127,' \'Holy Island\''),(128,' \'Holy Spirit - dove\''),(129,' \'Hunt'),(130,' \'Hymn to the Naiads\'\"'),(131,' \'Illustrations of the Book of Job\''),(132,' \'Imitation of Virgil\'s First Eclogue\'\"'),(133,' \'Innsbruck - non-specific\''),(134,' \'Inveraray'),(135,' \'Inveraray - non-specific\''),(136,' \'Iraq\''),(137,' \'Isaac\''),(138,' \'Isle of Wight\''),(139,' \'Isleworth'),(140,' \'Israel\''),(141,' \'Italy'),(142,' \'Italy\''),(143,' \'Jacob\''),(144,' \'Jason\''),(145,' \'Jewish captivity in Babylon\''),(146,' \'Jewish\''),(147,' \'Job'),(148,' \'Job\''),(149,' \'John'),(150,' \'John Philip Kemble as Hamlet\'\"'),(151,' \'Joseph\''),(152,' \'Jowett'),(153,' \'Judaism\''),(154,' \'Kemble'),(155,' \'Kent\''),(156,' \'Kirkstall'),(157,' \'Lanarkshire - non-specific\''),(158,' \'Lancashire\''),(159,' \'Landscape in the Roman Campagna...\'\"'),(160,' \'Landscape near Albano (?)\'\"'),(161,' \'Landscape with Abraham and Isaac\'\"'),(162,' \'Landscape with David at the Cave of Adullam\'\"'),(163,' \'Last Judgement\''),(164,' \'Laufenburg\''),(165,' \'Lazarus\''),(166,' \'Le Morte d\'Arthur\'\"'),(167,' \'Leeds\''),(168,' \'Leipzig - non-specific\''),(169,' \'Leviathan\''),(170,' \'Liber Studiorum\'\"'),(171,' \'Lincoln'),(172,' \'Loch Fyne\''),(173,' \'London - non-specific\''),(174,' \'Lubeck - non-specific\''),(175,' \'Luke'),(176,' \'Malines'),(177,' \'Marsyas and Olympus\'\"'),(178,' \'Marsyas\''),(179,' \'Matthew chapter 5\''),(180,' \'Menai Straits\''),(181,' \'Mer de Glace\''),(182,' \'Mercury / Hermes\''),(183,' \'Mercury and the Dishonest Woodman\'\"'),(184,' \'Merlin\''),(185,' \'Metamorphoses\'\"'),(186,' \'Michelangelo'),(187,' \'Middle East\''),(188,' \'Millais'),(189,' \'Millbank'),(190,' \'Miriam\''),(191,' \'Monmouthshire\''),(192,' \'Monument to Pinnochio at Collodi\'\"'),(193,' \'Morecambe Bay\''),(194,' \'Morley'),(195,' \'Morpeth'),(196,' \'Morris'),(197,' \'Moses\''),(198,' \'Namur - non-specific\''),(199,' \'Narcissus\''),(200,' \'Nativity\''),(201,' \'Norham'),(202,' \'Northumberland\''),(203,' \'Numbers'),(204,' \'Nuremberg'),(205,' \'Olympus\''),(206,' \'Orestes\''),(207,' \'Orion\''),(208,' \'Orpheus\''),(209,' \'Oxford'),(210,' \'Oxfordshire\''),(211,' \'Pan\''),(212,' \'Paolo da Rimini\''),(213,' \'Passion\''),(214,' \'Pater'),(215,' \'Patmore'),(216,' \'Pegasus\''),(217,' \'Pembury'),(218,' \'Persephone / Proserpina\''),(219,' \'Perseus and Andromeda\'\"'),(220,' \'Perseus\''),(221,' \'Perth and Kinross\''),(222,' \'Pharisee\''),(223,' \'Pietà\''),(224,' \'Pietà\'\"'),(225,' \'Pinocchio\''),(226,' \'Pontius Pilate\''),(227,' \'Pope Julius II\'\"'),(228,' \'Portrait of Cornelis van der Geest\"'),(229,' \'Prague'),(230,' \'Prague - non-specific\''),(231,' \'Pre-Raphaelite Brotherhood\''),(232,' \'Prince Hal\''),(233,' \'Procris\''),(234,' \'Prodigal Son\''),(235,' \'Psalms'),(236,' \'Pylades and Orestes...\'\"'),(237,' \'Pylades\''),(238,' \'Ramage'),(239,' \'Rebecca\''),(240,' \'Red Lion Square\''),(241,' \'Revelation'),(242,' \'Rievaulx'),(243,' \'River Aare\''),(244,' \'River Arve\''),(245,' \'River Arveyron\''),(246,' \'River Clyde\''),(247,' \'River Endert\''),(248,' \'River Garry\''),(249,' \'River Meuse\''),(250,' \'River Rhine\''),(251,' \'River Rhône\''),(252,' \'River Severn\''),(253,' \'River Thames\''),(254,' \'River Tweed\''),(255,' \'River Wye\''),(256,' \'Rizpah\''),(257,' \'Romanesque\''),(258,' \'Rome'),(259,' \'Rome - non-specific\''),(260,' \'Rossetti'),(261,' \'Rotterdam - non-specific\''),(262,' \'Ruskin'),(263,' \'Ruth'),(264,' \'Ruth\''),(265,' \'Saint Augustine with the Holy Family...\'\"'),(266,' \'Sala'),(267,' \'Samson\''),(268,' \'Samuel\''),(269,' \'Sancho Panza\''),(270,' \'Satan\''),(271,' \'Scotland\''),(272,' \'Scott'),(273,' \'Scottish\''),(274,' \'Scylla\''),(275,' \'Sellwood'),(276,' \'Siddal'),(277,' \'Silenus Gathering Grapes\'\"'),(278,' \'Silenus\''),(279,' \'Sir Calepine Rescuing Serena\'\"'),(280,' \'Solway Moss\''),(281,' \'Songs of Innocence and Experience\'\"'),(282,' \'Songs of Innocence and of Experience\'\"'),(283,' \'St Augustine\''),(284,' \'St Boniface\''),(285,' \'St Catherine of Alexandria\''),(286,' \'St Catherine of Alexandria\'\"'),(287,' \'St Elizabeth\''),(288,' \'St Francis\''),(289,' \'St Gotthard Pass\''),(290,' \'St Jerome\''),(291,' \'St John the Baptist\''),(292,' \'St John the Evangelist - eagle\''),(293,' \'St Joseph\''),(294,' \'St Luke - ox\''),(295,' \'St Luke\''),(296,' \'St Mark - lion\''),(297,' \'St Matthew - angel\''),(298,' \'St Matthew\''),(299,' \'St Peter\''),(300,' \'St Zacharias\''),(301,' \'Star of David\''),(302,' \'Stirling\''),(303,' \'Surrey\''),(304,' \'Susanna\''),(305,' \'Susannah and the Elders\'\"'),(306,' \'Sussex'),(307,' \'Swinburne'),(308,' \'Switzerland\''),(309,' \'Syrinx\''),(310,' \'Ten Plagues of Egypt\''),(311,' \'Tennyson'),(312,' \'Thames Valley\''),(313,' \'The Adventures of Pinnochio\'\"'),(314,' \'The Arnolfini Portrait\'\"'),(315,' \'The Beggar Maid\'\"'),(316,' \'The Blinding of Elymas\'\"'),(317,' \'The Broad Stone of Honour\'\"'),(318,' \'The Consecration of Saint Nicholas\'\"'),(319,' \'The Dead Christ Mourned by Two Angels\'\"'),(320,' \'The Death of St Peter Martyr\'\"'),(321,' \'The Destruction of Niobe\'s Children\'\"'),(322,' \'The Emperor Theodosius...\'\"'),(323,' \'The Faerie Queen\'\"'),(324,' \'The Holy Family ...\'\"'),(325,' \'The Holy Family and a Shepherd\'\"'),(326,' \'The Holy Family with Saints John...\'\"'),(327,' \'The Infant Samuel\'\"'),(328,' \'The Madonna and Child with Saints\'\"'),(329,' \'The Madonna and Child...\'\"'),(330,' \'The Madonna of the Basket\'\"'),(331,' \'The Market Cart\'\"'),(332,' \'The Mill\'\"'),(333,' \'The Pastorals of Virgil ...\'\"'),(334,' \'The Raising of Lazarus\'\"'),(335,' \'The School of Love\'\"'),(336,' \'The Stonemason\'s Yard\'\"'),(337,' \'The Tailor of Gloucester\'\"'),(338,' \'The Unknown Political Prisoner\'\"'),(339,' \'The Virgin and Child...\'\"'),(340,' \'Theodorus'),(341,' \'Thun\''),(342,' \'Tiriel\''),(343,' \'Tiriel\'\"'),(344,' \'Tivoli - non-specific\''),(345,' \'Two Trinities\'\"'),(346,' \'USA\''),(347,' \'Val de Chamonix\''),(348,' \'Venice'),(349,' \'Venus and Adonis\'\"'),(350,' \'Virgil\''),(351,' \'Virgin Mary\''),(352,' \'Wales\''),(353,' \'Westminster'),(354,' \'Whistler'),(355,' \'Whitby - non-specific\''),(356,' \'Wilde'),(357,' \'Winchelsea - non-specific\''),(358,' \'Windsor'),(359,' \'Woolner'),(360,' \'Wuthering Heights\'\"'),(361,' \'Yorkshire'),(362,' \'Zeus / Jupiter\''),(363,' \'abbey\''),(364,' \'actor\''),(365,' \'aestheticism - lily\''),(366,' \'alley\''),(367,' \'altar\''),(368,' \'anchor\''),(369,' \'angel\''),(370,' \'anger\''),(371,' \'animal / human\''),(372,' \'anti-semitism\''),(373,' \'apron\''),(374,' \'arcade\''),(375,' \'arch\''),(376,' \'archbishop\''),(377,' \'arguing\''),(378,' \'aristocrat\''),(379,' \'arm\''),(380,' \'arm\']'),(381,' \'arm/arms raised\''),(382,' \'armour\''),(383,' \'arms folded\''),(384,' \'army\''),(385,' \'arrow\''),(386,' \'artist'),(387,' \'artist - non-specific\''),(388,' \'assassination\''),(389,' \'attacking\''),(390,' \'attic\''),(391,' \'audience\''),(392,' \'aura\''),(393,' \'author\''),(394,' \'baby\''),(395,' \'back\''),(396,' \'bag\''),(397,' \'bag\']'),(398,' \'bandage\''),(399,' \'bank\''),(400,' \'barn\''),(401,' \'barrel\''),(402,' \'basket\''),(403,' \'basket\']'),(404,' \'bathing / swimming\''),(405,' \'bay\''),(406,' \'beach\''),(407,' \'beard\''),(408,' \'bed\''),(409,' \'bedroom\''),(410,' \'bedroom\']'),(411,' \'beehive\''),(412,' \'bell tower\''),(413,' \'bench\''),(414,' \'bench\']'),(415,' \'bending forward\''),(416,' \'bird - non-specific\''),(417,' \'bird of prey\''),(418,' \'bishop\''),(419,' \'black\''),(420,' \'blanket\''),(421,' \'blessing\''),(422,' \'blessing\']'),(423,' \'blindfold\''),(424,' \'blindness\''),(425,' \'boat'),(426,' \'boat - non-specific\''),(427,' \'boat\''),(428,' \'boatman\''),(429,' \'boils\''),(430,' \'book'),(431,' \'book - non-specific\''),(432,' \'bottle\''),(433,' \'bound\''),(434,' \'bow\''),(435,' \'bowing\''),(436,' \'bowl\''),(437,' \'boy\''),(438,' \'boy\']'),(439,' \'brazier\''),(440,' \'bread\''),(441,' \'breast feeding\']'),(442,' \'bridge\''),(443,' \'broom\''),(444,' \'brother\''),(445,' \'bucket\''),(446,' \'bucket\']'),(447,' \'builder\''),(448,' \'building - non-specific\''),(449,' \'building site\''),(450,' \'building\''),(451,' \'bull\''),(452,' \'bundle\''),(453,' \'bundle\']'),(454,' \'canal\''),(455,' \'candelabra\''),(456,' \'candle\''),(457,' \'candlestick\''),(458,' \'cane\''),(459,' \'cane\']'),(460,' \'canopy\''),(461,' \'capital\''),(462,' \'caption\''),(463,' \'caravan\''),(464,' \'caricature\''),(465,' \'caricature\']'),(466,' \'carpenter\''),(467,' \'carriage\''),(468,' \'carriage\']'),(469,' \'carrying\''),(470,' \'cart\''),(471,' \'cart\']'),(472,' \'cartouche\''),(473,' \'castle\''),(474,' \'cat\''),(475,' \'cat\']'),(476,' \'cathedral\''),(477,' \'cauldron\''),(478,' \'causeway\''),(479,' \'cave\''),(480,' \'ceiling\''),(481,' \'censer\''),(482,' \'ceramics\''),(483,' \'chair\''),(484,' \'chapel\''),(485,' \'chariot\''),(486,' \'charity\''),(487,' \'chastity\''),(488,' \'cheetah\''),(489,' \'cherub\''),(490,' \'child\''),(491,' \'chimney\''),(492,' \'church\''),(493,' \'cider press\''),(494,' \'cigar\''),(495,' \'city wall\''),(496,' \'class\''),(497,' \'classical\''),(498,' \'cleaning\''),(499,' \'clergyman\''),(500,' \'clerk\''),(501,' \'cliff\''),(502,' \'climbing\''),(503,' \'cloak\''),(504,' \'cloak\']'),(505,' \'clock\''),(506,' \'clock\']'),(507,' \'clocktower\''),(508,' \'cloth\']'),(509,' \'clothing\''),(510,' \'cloud\''),(511,' \'coachman\''),(512,' \'coast\''),(513,' \'coat of arms\''),(514,' \'coat\''),(515,' \'cockerel\''),(516,' \'coin\''),(517,' \'collapse\''),(518,' \'collar\''),(519,' \'collector / patron\']'),(520,' \'college\''),(521,' \'colonnade\''),(522,' \'column\''),(523,' \'comforting\''),(524,' \'compassion\''),(525,' \'complacency\''),(526,' \'condescension\''),(527,' \'congregation\''),(528,' \'constellation\''),(529,' \'contorted\''),(530,' \'cooking\''),(531,' \'corbel\''),(532,' \'corn\''),(533,' \'cornice\''),(534,' \'corpse\''),(535,' \'cottage\''),(536,' \'cotton reel\''),(537,' \'couch\''),(538,' \'couch\']'),(539,' \'country house\''),(540,' \'couple\''),(541,' \'court\''),(542,' \'courtier\''),(543,' \'courting\''),(544,' \'cow\''),(545,' \'cow\']'),(546,' \'cowherd\''),(547,' \'cradle\''),(548,' \'crane\''),(549,' \'creation\''),(550,' \'critic\''),(551,' \'crook\''),(552,' \'crosier\''),(553,' \'cross\''),(554,' \'crouching\''),(555,' \'crowd\''),(556,' \'crown\''),(557,' \'crucifix\''),(558,' \'crutch\''),(559,' \'crutch\']'),(560,' \'crypt\''),(561,' \'crypt\']'),(562,' \'cup / mug\''),(563,' \'cupboard\''),(564,' \'curtain\''),(565,' \'dagger / knife\''),(566,' \'dance\''),(567,' \'dance\']'),(568,' \'danger\''),(569,' \'daughter\''),(570,' \'deafness\''),(571,' \'death\''),(572,' \'death\']'),(573,' \'deck\''),(574,' \'deer\''),(575,' \'deformity\''),(576,' \'descending\''),(577,' \'desert\''),(578,' \'desire\''),(579,' \'desk\''),(580,' \'despair\''),(581,' \'destruction\''),(582,' \'destruction\']'),(583,' \'devil\''),(584,' \'diagrammatic\''),(585,' \'dinner party\''),(586,' \'disability\''),(587,' \'dock\''),(588,' \'document - non-specific\''),(589,' \'dog'),(590,' \'dog - non-specific\''),(591,' \'dog - non-specific\']'),(592,' \'dome\''),(593,' \'donkey\''),(594,' \'donkey\']'),(595,' \'door\''),(596,' \'door\']'),(597,' \'dove\''),(598,' \'dove\']'),(599,' \'dovecote\''),(600,' \'dragon\''),(601,' \'drapery\''),(602,' \'drapery\']'),(603,' \'drawing water\''),(604,' \'drawing water\']'),(605,' \'drawing\''),(606,' \'dreaming\''),(607,' \'dress\''),(608,' \'dress\']'),(609,' \'dresser\''),(610,' \'dressing / undressing\''),(611,' \'drink'),(612,' \'drinking\''),(613,' \'drunkenness\''),(614,' \'duck\''),(615,' \'eagle\''),(616,' \'easel\''),(617,' \'eating\''),(618,' \'emaciation\''),(619,' \'embracing\''),(620,' \'embracing\']'),(621,' \'embroidery\''),(622,' \'emperor\''),(623,' \'eroticism\''),(624,' \'evening\''),(625,' \'exploration\''),(626,' \'fairy\''),(627,' \'falling\''),(628,' \'familiar\''),(629,' \'family\''),(630,' \'family\']'),(631,' \'fan\''),(632,' \'fancy dress / role play\''),(633,' \'farm labourer\''),(634,' \'farm\''),(635,' \'farmland\''),(636,' \'father and child\''),(637,' \'father\''),(638,' \'fear\''),(639,' \'fear\']'),(640,' \'feeding\''),(641,' \'female\''),(642,' \'fence\''),(643,' \'fence\']'),(644,' \'fern\''),(645,' \'fertility\''),(646,' \'fertility\']'),(647,' \'field\''),(648,' \'field\']'),(649,' \'fighting\''),(650,' \'figure\''),(651,' \'figure\']'),(652,' \'fire'),(653,' \'fire\''),(654,' \'fireplace\''),(655,' \'firewood\''),(656,' \'fish\''),(657,' \'fisherman / fisherwoman\''),(658,' \'fisherman / fisherwoman\']'),(659,' \'fishing net\''),(660,' \'fishing rod\''),(661,' \'fishing\''),(662,' \'fist/fists clenched\''),(663,' \'flag'),(664,' \'flag - non-specific\']'),(665,' \'fleeing\''),(666,' \'floating\''),(667,' \'flood\''),(668,' \'flower\''),(669,' \'flying\''),(670,' \'foliage\''),(671,' \'forest\''),(672,' \'fortification\''),(673,' \'foundry\''),(674,' \'fountain\''),(675,' \'four and twenty elders\''),(676,' \'freedom\''),(677,' \'friar / monk\''),(678,' \'friar / monk\']'),(679,' \'fruit'),(680,' \'fruit - non-specific\''),(681,' \'fruit-pressing\''),(682,' \'fur / hide\''),(683,' \'gallows\''),(684,' \'garden\''),(685,' \'garden\']'),(686,' \'gate\''),(687,' \'gate\']'),(688,' \'gesticulating\''),(689,' \'girl\''),(690,' \'girl\']'),(691,' \'glacier\''),(692,' \'glass\''),(693,' \'goat\''),(694,' \'goatherd\']'),(695,' \'gorge\''),(696,' \'gravestone / tomb\''),(697,' \'graveyard\''),(698,' \'greeting\''),(699,' \'grief\''),(700,' \'grief\']'),(701,' \'grimacing\''),(702,' \'grindstone\''),(703,' \'groom\''),(704,' \'group\''),(705,' \'group\']'),(706,' \'groups\''),(707,' \'guilt\']'),(708,' \'gun'),(709,' \'gypsy\''),(710,' \'hall\''),(711,' \'hallway\''),(712,' \'hallway\']'),(713,' \'halo\''),(714,' \'hammer\''),(715,' \'hand mirror\''),(716,' \'hand\''),(717,' \'hand\']'),(718,' \'hand/hands on hip\''),(719,' \'hand/hands raised\''),(720,' \'hands clasped\''),(721,' \'hanged\''),(722,' \'happiness\''),(723,' \'happiness\']'),(724,' \'harbour\''),(725,' \'harness\''),(726,' \'harness\']'),(727,' \'harvesting\''),(728,' \'harvesting\']'),(729,' \'hat'),(730,' \'hat stand\''),(731,' \'hat\''),(732,' \'hat\']'),(733,' \'hay\''),(734,' \'hay\']'),(735,' \'haystack\''),(736,' \'head / face\''),(737,' \'head / face\']'),(738,' \'head in hand/hands\''),(739,' \'head\''),(740,' \'headdress\''),(741,' \'headdress\']'),(742,' \'headscarf\''),(743,' \'headscarf\']'),(744,' \'hearing aid\''),(745,' \'heathland\''),(746,' \'heathland\']'),(747,' \'hedge\''),(748,' \'hedging and ditching\''),(749,' \'helmet\''),(750,' \'hiding\''),(751,' \'hill\''),(752,' \'hill\']'),(753,' \'hippopotamus\''),(754,' \'historical'),(755,' \'holding hands\''),(756,' \'holding hands\']'),(757,' \'honey\''),(758,' \'honeycomb\''),(759,' \'hood\''),(760,' \'hoof\''),(761,' \'hook\']'),(762,' \'hoop\''),(763,' \'horror\''),(764,' \'horse\''),(765,' \'horse\']'),(766,' \'horseshoe\''),(767,' \'hospital\''),(768,' \'house\''),(769,' \'house\']'),(770,' \'humility\''),(771,' \'humility\']'),(772,' \'humour\''),(773,' \'hunting\''),(774,' \'husband\''),(775,' \'hut\''),(776,' \'ice\''),(777,' \'idol\''),(778,' \'idyll\''),(779,' \'idyll\']'),(780,' \'illness\''),(781,' \'individuals: female\''),(782,' \'individuals: male\''),(783,' \'industrial worker\''),(784,' \'inkstand\''),(785,' \'innocence\''),(786,' \'instrument'),(787,' \'interior - non-specific\''),(788,' \'interior - non-specific\']'),(789,' \'iron\''),(790,' \'isolation\''),(791,' \'jar\''),(792,' \'jewellery\''),(793,' \'journalist\''),(794,' \'judge\''),(795,' \'jug\''),(796,' \'jug\']'),(797,' \'justice - woman with sword and scales\']'),(798,' \'kettle\''),(799,' \'king\''),(800,' \'king\']'),(801,' \'kissing\''),(802,' \'kissing\']'),(803,' \'kitchen\''),(804,' \'kitchen\']'),(805,' \'kneeling\''),(806,' \'kneeling\']'),(807,' \'knight\''),(808,' \'knight\']'),(809,' \'knitting\''),(810,' \'labourer\''),(811,' \'labourer\']'),(812,' \'ladder\''),(813,' \'ladder\']'),(814,' \'lake\''),(815,' \'lamp\''),(816,' \'lance\''),(817,' \'landowner\''),(818,' \'landscape - non-specific\''),(819,' \'lantern\''),(820,' \'laughing\''),(821,' \'laundering\''),(822,' \'laundry\']'),(823,' \'lawn\''),(824,' \'lawyer\''),(825,' \'leaf\''),(826,' \'leaping\''),(827,' \'leg/legs raised\''),(828,' \'legs crossed\''),(829,' \'letter\''),(830,' \'library\''),(831,' \'lighthouse\''),(832,' \'lightning\''),(833,' \'lily\''),(834,' \'linking arms\''),(835,' \'lion\''),(836,' \'lion\']'),(837,' \'listening\''),(838,' \'livestock pen\''),(839,' \'living room\''),(840,' \'living room\']'),(841,' \'lock\''),(842,' \'looking / watching\''),(843,' \'looking down\''),(844,' \'looking down\']'),(845,' \'looking up\''),(846,' \'looking up\']'),(847,' \'love\''),(848,' \'lying down\''),(849,' \'mahlstick\''),(850,' \'maid\''),(851,' \'male\''),(852,' \'man'),(853,' \'man\''),(854,' \'man\']'),(855,' \'manger\''),(856,' \'manger\']'),(857,' \'market\''),(858,' \'marriage\''),(859,' \'marriage\']'),(860,' \'marsh\''),(861,' \'martyr\''),(862,' \'mason\']'),(863,' \'medieval\''),(864,' \'mental illness\''),(865,' \'mental illness\']'),(866,' \'metalworking\']'),(867,' \'milestone\''),(868,' \'milestone\']'),(869,' \'military\''),(870,' \'military\']'),(871,' \'milkmaid\']'),(872,' \'mill\']'),(873,' \'miller\''),(874,' \'miracle\''),(875,' \'mirror\''),(876,' \'mist\''),(877,' \'mistress\''),(878,' \'mitre\''),(879,' \'model\''),(880,' \'money\''),(881,' \'monster\']'),(882,' \'moon\''),(883,' \'moonlight\''),(884,' \'morality\''),(885,' \'morning\''),(886,' \'mother and child\''),(887,' \'mother and child\']'),(888,' \'mother\''),(889,' \'mountain\''),(890,' \'mourning\''),(891,' \'mouse\''),(892,' \'mouse\']'),(893,' \'mousetrap\''),(894,' \'mule\''),(895,' \'mural\''),(896,' \'murder\''),(897,' \'museum\''),(898,' \'music\''),(899,' \'music\']'),(900,' \'name of place\']'),(901,' \'name of sitter\''),(902,' \'name of sitter\']'),(903,' \'name\''),(904,' \'name\']'),(905,' \'naturalist\']'),(906,' \'necklace\''),(907,' \'needle\''),(908,' \'newspaper - non-specific\''),(909,' \'night\''),(910,' \'nostalgia\''),(911,' \'note\''),(912,' \'nun\''),(913,' \'nymph\''),(914,' \'nymph\']'),(915,' \'obelisk\''),(916,' \'obesity\''),(917,' \'office\']'),(918,' \'opera\''),(919,' \'orb\''),(920,' \'orchard\''),(921,' \'ornament\''),(922,' \'ox\''),(923,' \'ox\']'),(924,' \'pack animal\''),(925,' \'pack animal\']'),(926,' \'pain\''),(927,' \'paintbrush\''),(928,' \'painting materials\''),(929,' \'painting\''),(930,' \'painting\']'),(931,' \'palace\''),(932,' \'palette\''),(933,' \'palette\']'),(934,' \'palm\''),(935,' \'palm\']'),(936,' \'panelling\''),(937,' \'parable\''),(938,' \'parasol\''),(939,' \'path\''),(940,' \'path\']'),(941,' \'pavilion\''),(942,' \'peacock\''),(943,' \'peacock\']'),(944,' \'pearl\''),(945,' \'peat bog\''),(946,' \'peat cutter\']'),(947,' \'pelican\']'),(948,' \'persecution\''),(949,' \'pharoah\''),(950,' \'pharoah\']'),(951,' \'philosopher\''),(952,' \'pick axe\''),(953,' \'picture\''),(954,' \'pier\''),(955,' \'pier\']'),(956,' \'pig\''),(957,' \'pilgrimage - shell\''),(958,' \'pilgrimage\''),(959,' \'pilgrimage\']'),(960,' \'pin\''),(961,' \'pinafore\']'),(962,' \'pine\''),(963,' \'pipe\''),(964,' \'plague\''),(965,' \'plant / human\''),(966,' \'plant pot\''),(967,' \'plant\''),(968,' \'plant\']'),(969,' \'planting\']'),(970,' \'plate\''),(971,' \'platform / stage\']'),(972,' \'playing card\']'),(973,' \'playing\''),(974,' \'playing\']'),(975,' \'pleading\''),(976,' \'plough\''),(977,' \'plough\']'),(978,' \'ploughing\''),(979,' \'ploughing\']'),(980,' \'poem\''),(981,' \'poet\''),(982,' \'pointing\''),(983,' \'political prisoner\''),(984,' \'politician'),(985,' \'politician - non-specific\''),(986,' \'pool\''),(987,' \'pool\']'),(988,' \'pope\']'),(989,' \'portico\''),(990,' \'portico\']'),(991,' \'poverty\']'),(992,' \'power\']'),(993,' \'pram\']'),(994,' \'prayer\''),(995,' \'prayer\']'),(996,' \'preaching\']'),(997,' \'pride\']'),(998,' \'priestess\''),(999,' \'prince\''),(1000,' \'princess\']'),(1001,' \'printed text\''),(1002,' \'printed text\']'),(1003,' \'priory\''),(1004,' \'prisoner\''),(1005,' \'procession\''),(1006,' \'procession\']'),(1007,' \'professor\''),(1008,' \'prostitution\''),(1009,' \'protecting\''),(1010,' \'pulling\''),(1011,' \'pulling\']'),(1012,' \'punishment\''),(1013,' \'puppet\''),(1014,' \'purse\''),(1015,' \'pushing\''),(1016,' \'pushing\']'),(1017,' \'pyramid\''),(1018,' \'quarry\']'),(1019,' \'queen\''),(1020,' \'queen\']'),(1021,' \'quill pen\''),(1022,' \'quotation\''),(1023,' \'rabbi\''),(1024,' \'race\''),(1025,' \'railing\''),(1026,' \'rain\''),(1027,' \'rake\''),(1028,' \'rake\']'),(1029,' \'rays\''),(1030,' \'rays\']'),(1031,' \'reading\''),(1032,' \'reading\']'),(1033,' \'reclining\''),(1034,' \'reclining\']'),(1035,' \'recoiling\''),(1036,' \'reed\''),(1037,' \'reflection\''),(1038,' \'religious\''),(1039,' \'religious\']'),(1040,' \'rescuing\''),(1041,' \'residential\''),(1042,' \'restraining\''),(1043,' \'ribbon\']'),(1044,' \'riding\''),(1045,' \'riding\']'),(1046,' \'rigging\''),(1047,' \'ring\''),(1048,' \'river\''),(1049,' \'river\']'),(1050,' \'road\''),(1051,' \'road\']'),(1052,' \'robe\''),(1053,' \'robe\']'),(1054,' \'rocky\''),(1055,' \'rocky\']'),(1056,' \'roller\''),(1057,' \'rook\''),(1058,' \'rope\']'),(1059,' \'rosary\''),(1060,' \'rug\''),(1061,' \'running\''),(1062,' \'rush\''),(1063,' \'sack\''),(1064,' \'sack\']'),(1065,' \'sacrifice\''),(1066,' \'saddle\']'),(1067,' \'sadness\''),(1068,' \'sadness\']'),(1069,' \'sailor\''),(1070,' \'sailor\']'),(1071,' \'saint\''),(1072,' \'salvation\''),(1073,' \'satire\''),(1074,' \'satyr\''),(1075,' \'saw\''),(1076,' \'saw\']'),(1077,' \'scaffolding\''),(1078,' \'scales\''),(1079,' \'scarf\''),(1080,' \'scissors\''),(1081,' \'scratching\''),(1082,' \'scroll\''),(1083,' \'sculpture'),(1084,' \'sculpture\''),(1085,' \'sculpture\']'),(1086,' \'sea monster\''),(1087,' \'sea\''),(1088,' \'sea\']'),(1089,' \'seagull\''),(1090,' \'seagull\']'),(1091,' \'seed\''),(1092,' \'serpent\''),(1093,' \'servant of Abraham\'\"'),(1094,' \'servant\''),(1095,' \'settle\''),(1096,' \'sewing\']'),(1097,' \'sex\''),(1098,' \'sex\']'),(1099,' \'shadow\''),(1100,' \'shadow\']'),(1101,' \'shame\''),(1102,' \'shawl\''),(1103,' \'shawl\']'),(1104,' \'sheaf\''),(1105,' \'sheaf\']'),(1106,' \'shears\''),(1107,' \'sheep\''),(1108,' \'sheep\']'),(1109,' \'sheet music\''),(1110,' \'sheet\''),(1111,' \'shell\']'),(1112,' \'shellfish\''),(1113,' \'shepherd / shepherdess\''),(1114,' \'shepherd / shepherdess\']'),(1115,' \'shield\''),(1116,' \'ship'),(1117,' \'ship - non-specific\']'),(1118,' \'shipwreck\''),(1119,' \'shipwreck\']'),(1120,' \'shock\''),(1121,' \'shock\']'),(1122,' \'shoe\''),(1123,' \'shop\''),(1124,' \'shopkeeper\''),(1125,' \'shopping\''),(1126,' \'shouting\''),(1127,' \'shrine\''),(1128,' \'shroud\''),(1129,' \'sickle\''),(1130,' \'signage\''),(1131,' \'singing\''),(1132,' \'singing\']'),(1133,' \'sinner - sheep\''),(1134,' \'sister\''),(1135,' \'sitting\''),(1136,' \'sitting\']'),(1137,' \'skate\''),(1138,' \'skeleton\''),(1139,' \'skeleton\']'),(1140,' \'skull\''),(1141,' \'sleeping\''),(1142,' \'sleeping\']'),(1143,' \'sling\''),(1144,' \'smiling\''),(1145,' \'smiling\']'),(1146,' \'smock\''),(1147,' \'smock\']'),(1148,' \'smoke\''),(1149,' \'smoking\''),(1150,' \'smoking\']'),(1151,' \'snake\''),(1152,' \'snake\']'),(1153,' \'snow\''),(1154,' \'soldier\''),(1155,' \'soldier\']'),(1156,' \'son\''),(1157,' \'son\']'),(1158,' \'soul - bride\']'),(1159,' \'soul\''),(1160,' \'spade\''),(1161,' \'spade\']'),(1162,' \'spear\''),(1163,' \'spectacles\''),(1164,' \'spell\']'),(1165,' \'spinning wheel\''),(1166,' \'spinning\''),(1167,' \'spire\''),(1168,' \'spring\']'),(1169,' \'spur\''),(1170,' \'square\''),(1171,' \'square\']'),(1172,' \'stable\''),(1173,' \'stable\']'),(1174,' \'staff\''),(1175,' \'staff\']'),(1176,' \'stair / step\''),(1177,' \'stair / step\']'),(1178,' \'standing stone\']'),(1179,' \'standing\''),(1180,' \'standing\']'),(1181,' \'star\''),(1182,' \'starfish\''),(1183,' \'statue\''),(1184,' \'statue\']'),(1185,' \'stick\''),(1186,' \'stonework\''),(1187,' \'stonework\']'),(1188,' \'stool\''),(1189,' \'stool\']'),(1190,' \'stork\''),(1191,' \'stork\']'),(1192,' \'storm\''),(1193,' \'storm\']'),(1194,' \'stream\''),(1195,' \'stream\']'),(1196,' \'street\''),(1197,' \'street\']'),(1198,' \'streetlight\''),(1199,' \'streetlight\']'),(1200,' \'strength\']'),(1201,' \'student\''),(1202,' \'studio\''),(1203,' \'studio\']'),(1204,' \'study\']'),(1205,' \'stupidity\''),(1206,' \'stupidity\']'),(1207,' \'suffering\''),(1208,' \'suffering\']'),(1209,' \'sun\''),(1210,' \'sun\']'),(1211,' \'sunbeam\''),(1212,' \'sunbeam\']'),(1213,' \'sunlight\''),(1214,' \'sunrise\''),(1215,' \'sunset\''),(1216,' \'sunset\']'),(1217,' \'supporting\''),(1218,' \'supporting\']'),(1219,' \'sweeping\''),(1220,' \'sweeping\']'),(1221,' \'sword\''),(1222,' \'sword\']'),(1223,' \'table\''),(1224,' \'table\']'),(1225,' \'tablet\''),(1226,' \'tailor\''),(1227,' \'tailor\']'),(1228,' \'talking\''),(1229,' \'talking\']'),(1230,' \'tap\''),(1231,' \'tare\''),(1232,' \'tea pot\''),(1233,' \'tea pot\']'),(1234,' \'tea set\''),(1235,' \'teacher\']'),(1236,' \'temple\''),(1237,' \'tenderness\']'),(1238,' \'terrace\''),(1239,' \'terrace\']'),(1240,' \'theatrical costume\']'),(1241,' \'thief\']'),(1242,' \'thimble\''),(1243,' \'thread\''),(1244,' \'throne\''),(1245,' \'throne\']'),(1246,' \'time - sun and moon\']'),(1247,' \'tiredness\''),(1248,' \'title of work\']'),(1249,' \'toad\''),(1250,' \'toasting\''),(1251,' \'toga\']'),(1252,' \'tool\''),(1253,' \'top\''),(1254,' \'torch\']'),(1255,' \'torso\''),(1256,' \'tower\''),(1257,' \'tower\']'),(1258,' \'town hall\''),(1259,' \'town hall\']'),(1260,' \'townscape'),(1261,' \'townscape\''),(1262,' \'townscape\']'),(1263,' \'trader\''),(1264,' \'trader\']'),(1265,' \'transformation\''),(1266,' \'transformation\']'),(1267,' \'tray\']'),(1268,' \'tree\''),(1269,' \'tree\']'),(1270,' \'trellis\''),(1271,' \'trellis\']'),(1272,' \'trough\''),(1273,' \'trunk'),(1274,' \'trunk\''),(1275,' \'trunk\']'),(1276,' \'tub\''),(1277,' \'tub\']'),(1278,' \'turban\''),(1279,' \'turban\']'),(1280,' \'turret\''),(1281,' \'umbrella\''),(1282,' \'umbrella\']'),(1283,' \'uniform / kit\''),(1284,' \'uniform / kit\']'),(1285,' \'urn\''),(1286,' \'valley\''),(1287,' \'valley\']'),(1288,' \'vase\''),(1289,' \'veil\']'),(1290,' \'vestments\']'),(1291,' \'vine\''),(1292,' \'vine\']'),(1293,' \'vineyard\''),(1294,' \'vineyard\']'),(1295,' \'virgin\''),(1296,' \'virgin\']'),(1297,' \'vision\''),(1298,' \'vision\']'),(1299,' \'walking\''),(1300,' \'walking\']'),(1301,' \'wall\''),(1302,' \'wall\']'),(1303,' \'washing\''),(1304,' \'water tank\''),(1305,' \'water-lily\''),(1306,' \'water-lily\']'),(1307,' \'watercress\''),(1308,' \'waterfall\''),(1309,' \'waterfall\']'),(1310,' \'waterfront\''),(1311,' \'waterfront\']'),(1312,' \'watering can\''),(1313,' \'watermill\''),(1314,' \'watermill\']'),(1315,' \'waterwheel\']'),(1316,' \'wave\''),(1317,' \'wave\']'),(1318,' \'wedding breakfast\']'),(1319,' \'weeping\''),(1320,' \'well\''),(1321,' \'well\']'),(1322,' \'wheat\''),(1323,' \'wheel\''),(1324,' \'wheelbarrow\''),(1325,' \'wheelbarrow\']'),(1326,' \'whip\''),(1327,' \'whip\']'),(1328,' \'whirlwind\']'),(1329,' \'widow\']'),(1330,' \'wife\''),(1331,' \'wife\']'),(1332,' \'willow\']'),(1333,' \'wind\''),(1334,' \'wind\']'),(1335,' \'windmill\''),(1336,' \'windmill\']'),(1337,' \'window'),(1338,' \'window\''),(1339,' \'window\']'),(1340,' \'wing\''),(1341,' \'wing\']'),(1342,' \'winged horse\']'),(1343,' \'winter\''),(1344,' \'winter\']'),(1345,' \'wisdom\''),(1346,' \'wisdom\']'),(1347,' \'witch\''),(1348,' \'wolf\''),(1349,' \'woman'),(1350,' \'woman\''),(1351,' \'woman\']'),(1352,' \'wombat\']'),(1353,' \'wood\''),(1354,' \'wood\']'),(1355,' \'wooded\''),(1356,' \'wooded\']'),(1357,' \'woodman\']'),(1358,' \'word\']'),(1359,' \'workshop\']'),(1360,' \'worship\''),(1361,' \'worship\']'),(1362,' \'wounded\''),(1363,' \'wreath\''),(1364,' \'wrestling\']'),(1365,' \'writing\']'),(1366,' \'yard\''),(1367,' \'yard\']'),(1368,' \'yoke\''),(1369,' \'yoke\']'),(1370,' 104\''),(1371,' 137\''),(1372,' 1826\"'),(1373,' 1st Baron\''),(1374,' 1st Baronet\''),(1375,' 8\''),(1376,' 93\''),(1377,' Abraham\''),(1378,' Aelbert'),(1379,' Alfred'),(1380,' Alfred George'),(1381,' Alfred Tennyson'),(1382,' Algernon Charles\''),(1383,' Ambrose'),(1384,' Andrea del'),(1385,' Annibale'),(1386,' Anthony'),(1387,' Beatrix'),(1388,' Benjamin'),(1389,' Benjamin\''),(1390,' Bernardino'),(1391,' Berry Pomeroy Castle\''),(1392,' Bible\''),(1393,' Blake'),(1394,' British Museum Reading Room scheme\''),(1395,' Caernarfon Castle\''),(1396,' Campagna di Roma\''),(1397,' Cardinal\''),(1398,' Carlo'),(1399,' Charles Robert\''),(1400,' Chepstow Castle\''),(1401,' Christina\''),(1402,' Collegiate Church of St Paul\''),(1403,' Coventry\''),(1404,' Dante Gabriel\''),(1405,' Dorothy\''),(1406,' Dunblane Cathedral\''),(1407,' East\''),(1408,' Edie\''),(1409,' Edmund'),(1410,' Edmund\''),(1411,' Edna Clarke'),(1412,' Edward\''),(1413,' Egyptian\''),(1414,' Egyptian\']'),(1415,' Elizabeth Eleanor\''),(1416,' Emilio'),(1417,' Emily'),(1418,' Emily\''),(1419,' Emperor\''),(1420,' Fanny\''),(1421,' Ford Madox\''),(1422,' Francesco'),(1423,' Frauenkirche\''),(1424,' Frederic'),(1425,' Gabriele\''),(1426,' Gaspard'),(1427,' Geoffrey'),(1428,' George'),(1429,' George Augustus\''),(1430,' George\''),(1431,' Georgiana\''),(1432,' Grand Canal\''),(1433,' Guido (after)'),(1434,' Henry Edward'),(1435,' Inveraray Castle\''),(1436,' J.M.W.'),(1437,' James Abbot McNeill\''),(1438,' Jan'),(1439,' Jan Van'),(1440,' John Everett'),(1441,' John Philip\''),(1442,' John Stuart\''),(1443,' John\''),(1444,' Joshua'),(1445,' Julia Emily\''),(1446,' Kenelm'),(1447,' King\''),(1448,' King\'s College\"'),(1449,' Kirkstall Abbey\''),(1450,' Lady\''),(1451,' Lord'),(1452,' Lord\''),(1453,' Louisa'),(1454,' Ludovico'),(1455,' Lynda\''),(1456,' Mark'),(1457,' Maximilianstrasse\''),(1458,' Medieval\''),(1459,' Morpeth Castle\''),(1460,' Nicolas'),(1461,' Norham Castle\''),(1462,' North\''),(1463,' Old Palais de Justice\''),(1464,' Oliver Madox\''),(1465,' Oscar\''),(1466,' Oxford University\''),(1467,' Pembury Mill\''),(1468,' Peter Paul'),(1469,' Place St Pharailde\''),(1470,' Polly\''),(1471,' Reg'),(1472,' Richard'),(1473,' Rievaulx Abbey\''),(1474,' Robert John'),(1475,' Robert\''),(1476,' Royal Naval Hospital\''),(1477,' Royal Palace\''),(1478,' Salvator'),(1479,' Santa Maria del Carità\''),(1480,' Sir'),(1481,' Sir (after)'),(1482,' Sir\''),(1483,' Spring Cottage\''),(1484,' St Catherine\'s Chapel\"'),(1485,' St Mary\'s Church\"'),(1486,' St Michael\'s Church\"'),(1487,' St Sebaldus\'s Church\"'),(1488,' Tate Gallery / Tate Britain\''),(1489,' Temple of Minerva Medica\''),(1490,' The Alcove\''),(1491,' The Turret\''),(1492,' Thomas'),(1493,' Thomas\''),(1494,' Turner'),(1495,' USA / Stars and Stripes\''),(1496,' Via Appia Antica\''),(1497,' Walter\''),(1498,' West\''),(1499,' Westminster Abbey\''),(1500,' Willem van de'),(1501,' William'),(1502,' William Bell\''),(1503,' William Ewart\''),(1504,' William Holman\''),(1505,' William\''),(1506,' Windsor Castle\''),(1507,' apple\''),(1508,' bagpipes\''),(1509,' barge\''),(1510,' barge\']'),(1511,' barrel organ\''),(1512,' beer\''),(1513,' blasted\''),(1514,' blasted\']'),(1515,' bonnet\''),(1516,' bonnet\']'),(1517,' cap\''),(1518,' cap\']'),(1519,' cello\''),(1520,' chapter 1\''),(1521,' chapter 10\''),(1522,' chapter 11\''),(1523,' chapter 12\''),(1524,' chapter 13\''),(1525,' chapter 14\''),(1526,' chapter 15\''),(1527,' chapter 16\''),(1528,' chapter 17\''),(1529,' chapter 18\''),(1530,' chapter 19\''),(1531,' chapter 2\''),(1532,' chapter 20\''),(1533,' chapter 21\''),(1534,' chapter 22\''),(1535,' chapter 23\''),(1536,' chapter 24\''),(1537,' chapter 25\''),(1538,' chapter 26\''),(1539,' chapter 3\''),(1540,' chapter 30\''),(1541,' chapter 34\''),(1542,' chapter 36\''),(1543,' chapter 37\''),(1544,' chapter 38\''),(1545,' chapter 4\''),(1546,' chapter 41\''),(1547,' chapter 42\''),(1548,' chapter 47\''),(1549,' chapter 6\''),(1550,' chapter 7\''),(1551,' chapters 32-5\''),(1552,' chimes\''),(1553,' cider\''),(1554,' classical\']'),(1555,' cymbal\''),(1556,' deerhound\''),(1557,' distant\''),(1558,' distant\']'),(1559,' drawing'),(1560,' drum\''),(1561,' fishing\''),(1562,' flute\''),(1563,' gondola\''),(1564,' gondola\']'),(1565,' grape\''),(1566,' handgun\''),(1567,' harp\''),(1568,' horn\''),(1569,' lute\''),(1570,' lyre\''),(1571,' old\''),(1572,' old\']'),(1573,' open\''),(1574,' painter\''),(1575,' painting'),(1576,' paintings\''),(1577,' panpipes\''),(1578,' part 1\'\"'),(1579,' pipe\''),(1580,' prime minister\']'),(1581,' prints'),(1582,' punt\''),(1583,' rifle\''),(1584,' rifle\']'),(1585,' rowing\''),(1586,' sailing\''),(1587,' sailing\']'),(1588,' sculptor\''),(1589,' sculpture\''),(1590,' stained glass\''),(1591,' stained glass\']'),(1592,' steam\']'),(1593,' stringed\''),(1594,' syrinx\''),(1595,' tambourine\''),(1596,' trumpet\''),(1597,' violin\''),(1598,' wine\''),(1599,' workshop of'),(1600,'[\"\'Hamlet\'\"'),(1601,'[\"\'Henry IV'),(1602,'[\"Aesop'),(1603,'[\"Akenside'),(1604,'[\"Apollonius Rhodius'),(1605,'[\"Bernadino da Asola'),(1606,'[\"Blake'),(1607,'[\"Brontë'),(1608,'[\"Butler'),(1609,'[\"Cambridge'),(1610,'[\"Canaletto'),(1611,'[\"Carracci'),(1612,'[\"Cervantes'),(1613,'[\"Chaucer'),(1614,'[\"Claude'),(1615,'[\"Cuyp'),(1616,'[\"Dante'),(1617,'[\"Digby'),(1618,'[\"Dughet'),(1619,'[\"Eliezer of Damascus'),(1620,'[\"Eyck'),(1621,'[\"Gainsborough'),(1622,'[\"Greco'),(1623,'[\"Hilton'),(1624,'[\"Lievens'),(1625,'[\"MacDonald'),(1626,'[\"Malory'),(1627,'[\"Murillo'),(1628,'[\"Ovid'),(1629,'[\"Parmigianino'),(1630,'[\"Philips'),(1631,'[\"Potter'),(1632,'[\"Raphael'),(1633,'[\"Rembrandt (follower of)'),(1634,'[\"Reynolds'),(1635,'[\"Rubens'),(1636,'[\"Spenser'),(1637,'[\"Tennyson'),(1638,'[\"Titian (imitator)'),(1639,'[\"Van Dyck'),(1640,'[\"Velde'),(1641,'[\"artist\'s notes\"'),(1642,'[\'1 Corinthians'),(1643,'[\'1 Samuel'),(1644,'[\'2 Corinthians'),(1645,'[\'2 Samuel'),(1646,'[\'Aaron\''),(1647,'[\'Abel\''),(1648,'[\'Abraham\''),(1649,'[\'Achilles\''),(1650,'[\'Actaeon\''),(1651,'[\'Adonis\''),(1652,'[\'Aesacus\''),(1653,'[\'Allan Water\''),(1654,'[\'Alps\''),(1655,'[\'American\''),(1656,'[\'Andromeda\''),(1657,'[\'Antwerp'),(1658,'[\'Aphrodite / Venus\''),(1659,'[\'Apocalypse\''),(1660,'[\'Archangel Gabriel\''),(1661,'[\'Archangel Raphael\''),(1662,'[\'Argyll and Bute\''),(1663,'[\'Ariadne\''),(1664,'[\'Arthurian legend\''),(1665,'[\'Ashburton'),(1666,'[\'Athene / Minerva\''),(1667,'[\'Augsburg'),(1668,'[\'Austria\''),(1669,'[\'Babylon\''),(1670,'[\'Bacchanalia\''),(1671,'[\'Bacchante\''),(1672,'[\'Barnard'),(1673,'[\'Baroque\''),(1674,'[\'Basel - non-specific\''),(1675,'[\'Battersea - non-specific\''),(1676,'[\'Beaumont'),(1677,'[\'Beauty and the Beast\''),(1678,'[\'Behemoth\''),(1679,'[\'Belgium\''),(1680,'[\'Berkshire\''),(1681,'[\'Berry Pomeroy'),(1682,'[\'Beulah\''),(1683,'[\'Bexhill-on-Sea\''),(1684,'[\'Bible\''),(1685,'[\'Blair Atholl\''),(1686,'[\'Boaz\''),(1687,'[\'Bolzano - non-specific\''),(1688,'[\'Brighton - non-specific\''),(1689,'[\'Brown'),(1690,'[\'Burne-Jones'),(1691,'[\'Caernarfon'),(1692,'[\'Calais - non-specific\''),(1693,'[\'Carlyle'),(1694,'[\'Cassandra\''),(1695,'[\'Cephalus\''),(1696,'[\'Charon\''),(1697,'[\'Chepstow'),(1698,'[\'Christ and the Woman of Samaria\''),(1699,'[\'Christ\''),(1700,'[\'Circe\''),(1701,'[\'Coburg - non specific\''),(1702,'[\'Cochem - non-specific\''),(1703,'[\'Cornforth'),(1704,'[\'Crucifixion\''),(1705,'[\'Cumbria\''),(1706,'[\'Czech Republic\''),(1707,'[\'Daniel\''),(1708,'[\'Dante\''),(1709,'[\'Darwin'),(1710,'[\'David\''),(1711,'[\'Deuteronomy'),(1712,'[\'Dido\''),(1713,'[\'Dis / Pluto\''),(1714,'[\'Disraeli'),(1715,'[\'Dives and Lazarus\''),(1716,'[\'Dresden'),(1717,'[\'Dumfries and Galloway\''),(1718,'[\'Dunblane'),(1719,'[\'Dunstanburgh Castle\''),(1720,'[\'Echo\''),(1721,'[\'Egypt\''),(1722,'[\'Egyptian\''),(1723,'[\'Eisenach\''),(1724,'[\'Elihu\''),(1725,'[\'Eliphaz\''),(1726,'[\'England\''),(1727,'[\'Ethelbert'),(1728,'[\'Europa\''),(1729,'[\'Eurydice\''),(1730,'[\'Exodus'),(1731,'[\'Ezekiel'),(1732,'[\'Ezekiel\''),(1733,'[\'Falstaff\''),(1734,'[\'Flemish\''),(1735,'[\'France\''),(1736,'[\'Frankfurt - non-specific\''),(1737,'[\'Genesis'),(1738,'[\'Germany\''),(1739,'[\'Gladstone'),(1740,'[\'God\''),(1741,'[\'Good Samaritan\''),(1742,'[\'Gordon'),(1743,'[\'Gothic\''),(1744,'[\'Hall'),(1745,'[\'Helen of Troy\''),(1746,'[\'Hinduism\''),(1747,'[\'Holy Family\''),(1748,'[\'Iphigenia\''),(1749,'[\'Iseult\''),(1750,'[\'Italian\''),(1751,'[\'Italy'),(1752,'[\'Italy\''),(1753,'[\'Jewish\''),(1754,'[\'Job'),(1755,'[\'Job\''),(1756,'[\'John'),(1757,'[\'Joseph\''),(1758,'[\'Judges'),(1759,'[\'Lake Thun\''),(1760,'[\'Latin text\''),(1761,'[\'Leighton'),(1762,'[\'Luke'),(1763,'[\'Manning'),(1764,'[\'Mark'),(1765,'[\'Matthew'),(1766,'[\'Meredith'),(1767,'[\'Mill'),(1768,'[\'Millais'),(1769,'[\'Naomi\''),(1770,'[\'Nativity\''),(1771,'[\'Netherlands\''),(1772,'[\'Niobid\''),(1773,'[\'Pre-Raphaelite Brotherhood\''),(1774,'[\'Rembrandt'),(1775,'[\'River Mosel\''),(1776,'[\'Rizpah\''),(1777,'[\'Samson\''),(1778,'[\'Scotland\''),(1779,'[\'St Alban\''),(1780,'[\'St Ambrose\''),(1781,'[\'St James the Greater\''),(1782,'[\'St John the Evangelist\''),(1783,'[\'St Mark\''),(1784,'[\'St Mary Magdalene\''),(1785,'[\'St Nicholas\''),(1786,'[\'St Oswald\''),(1787,'[\'Stevens'),(1788,'[\'Thisbe\''),(1789,'[\'anchor\''),(1790,'[\'angel\''),(1791,'[\'anger\''),(1792,'[\'apple\''),(1793,'[\'apprentice\''),(1794,'[\'apron\''),(1795,'[\'arch\''),(1796,'[\'arm\''),(1797,'[\'arm/arms raised\''),(1798,'[\'armour\''),(1799,'[\'arms folded\''),(1800,'[\'arrow\''),(1801,'[\'artist'),(1802,'[\'awning\''),(1803,'[\'axe\''),(1804,'[\'baby\''),(1805,'[\'back\''),(1806,'[\'backgammon\''),(1807,'[\'bag\''),(1808,'[\'balcony\''),(1809,'[\'bank\''),(1810,'[\'bar\''),(1811,'[\'barn\''),(1812,'[\'barrel\''),(1813,'[\'basket\''),(1814,'[\'bath\''),(1815,'[\'bayonet\''),(1816,'[\'beach\''),(1817,'[\'beard\''),(1818,'[\'bed\''),(1819,'[\'bee\''),(1820,'[\'bench\''),(1821,'[\'bending forward\''),(1822,'[\'bird - non-specific\''),(1823,'[\'blacksmith\''),(1824,'[\'boat'),(1825,'[\'boat - non-specific\''),(1826,'[\'book - non-specific\''),(1827,'[\'boot\''),(1828,'[\'bottle\''),(1829,'[\'bound\''),(1830,'[\'bowing\''),(1831,'[\'bowl\''),(1832,'[\'box\''),(1833,'[\'boy\''),(1834,'[\'bridge\''),(1835,'[\'broom\''),(1836,'[\'brothel\''),(1837,'[\'bucket\''),(1838,'[\'building - non-specific\''),(1839,'[\'bundle\''),(1840,'[\'candle\''),(1841,'[\'cane\''),(1842,'[\'card game\''),(1843,'[\'carpenter\''),(1844,'[\'carriage\''),(1845,'[\'carriage\']'),(1846,'[\'carrying\''),(1847,'[\'cart\''),(1848,'[\'cart\']'),(1849,'[\'castle\''),(1850,'[\'cauldron\''),(1851,'[\'cave\''),(1852,'[\'chair\''),(1853,'[\'child\''),(1854,'[\'class\''),(1855,'[\'clergyman\''),(1856,'[\'cloak\''),(1857,'[\'cloud\''),(1858,'[\'coachman\''),(1859,'[\'coast\''),(1860,'[\'coat\''),(1861,'[\'column\''),(1862,'[\'combing hair\''),(1863,'[\'comforting\''),(1864,'[\'contemplation\''),(1865,'[\'contorted\''),(1866,'[\'corn\''),(1867,'[\'corpse\''),(1868,'[\'cottage\''),(1869,'[\'couch\''),(1870,'[\'couple\''),(1871,'[\'cow\''),(1872,'[\'cow\']'),(1873,'[\'crane\''),(1874,'[\'crawling\''),(1875,'[\'cross\''),(1876,'[\'crouching\''),(1877,'[\'cup / mug\''),(1878,'[\'deck\''),(1879,'[\'digging\''),(1880,'[\'dog - non-specific\''),(1881,'[\'doll\''),(1882,'[\'donkey\''),(1883,'[\'door\''),(1884,'[\'drapery\''),(1885,'[\'drawing water\''),(1886,'[\'drawing\''),(1887,'[\'dress\''),(1888,'[\'dressing / undressing\''),(1889,'[\'drowned\''),(1890,'[\'embracing\''),(1891,'[\'embroidery\''),(1892,'[\'eroticism\''),(1893,'[\'falling\''),(1894,'[\'farm labourer\''),(1895,'[\'farmland\''),(1896,'[\'feeding\''),(1897,'[\'female\''),(1898,'[\'fence\''),(1899,'[\'fighting\''),(1900,'[\'figure\''),(1901,'[\'figure\']'),(1902,'[\'flag - non-specific\''),(1903,'[\'girl\''),(1904,'[\'group\''),(1905,'[\'gun'),(1906,'[\'hammer\''),(1907,'[\'hand/hands on hip\''),(1908,'[\'hand/hands raised\''),(1909,'[\'hands clasped\''),(1910,'[\'hands crossed\''),(1911,'[\'harness\''),(1912,'[\'hat'),(1913,'[\'hat\''),(1914,'[\'head / face\''),(1915,'[\'head / face\']'),(1916,'[\'head in hand/hands\''),(1917,'[\'head\''),(1918,'[\'headdress\''),(1919,'[\'hill\''),(1920,'[\'horse\''),(1921,'[\'horse\']'),(1922,'[\'instrument'),(1923,'[\'interior - non-specific\''),(1924,'[\'jar\''),(1925,'[\'kissing\''),(1926,'[\'kneeling\''),(1927,'[\'knitting\''),(1928,'[\'laundering\''),(1929,'[\'leg/legs raised\''),(1930,'[\'legs crossed\''),(1931,'[\'living room\''),(1932,'[\'looking down\''),(1933,'[\'looking up\''),(1934,'[\'lying down\''),(1935,'[\'machinery\''),(1936,'[\'male\''),(1937,'[\'man\''),(1938,'[\'mule\''),(1939,'[\'parasol\''),(1940,'[\'reading\''),(1941,'[\'reclining\''),(1942,'[\'sea\''),(1943,'[\'shawl\''),(1944,'[\'ship'),(1945,'[\'sitting\''),(1946,'[\'standing\''),(1947,'[\'walking\''),(1948,'[\'windmill\']'),(1949,'[\'window\''),(1950,'[\'woman\']'),(1951,'[\'wooded\']'),(1952,'[]'),(1953,'painting');
/*!40000 ALTER TABLE `subject` ENABLE KEYS */;
UNLOCK TABLES;
/*!40103 SET TIME_ZONE=@OLD_TIME_ZONE */;

/*!40101 SET SQL_MODE=@OLD_SQL_MODE */;
/*!40014 SET FOREIGN_KEY_CHECKS=@OLD_FOREIGN_KEY_CHECKS */;
/*!40014 SET UNIQUE_CHECKS=@OLD_UNIQUE_CHECKS */;
/*!40101 SET CHARACTER_SET_CLIENT=@OLD_CHARACTER_SET_CLIENT */;
/*!40101 SET CHARACTER_SET_RESULTS=@OLD_CHARACTER_SET_RESULTS */;
/*!40101 SET COLLATION_CONNECTION=@OLD_COLLATION_CONNECTION */;
/*!40111 SET SQL_NOTES=@OLD_SQL_NOTES */;

-- Dump completed on 2018-12-18 21:13:09
